{
 "tick":{
  "0":32903,
  "1":88737,
  "2":89340,
  "3":97094,
  "4":98013,
  "5":115481,
  "6":118105,
  "7":133867
 },
 "event":{
  "0":"planted",
  "1":"planted",
  "2":"defused",
  "3":"planted",
  "4":"defused",
  "5":"planted",
  "6":"exploded",
  "7":"planted"
 },
 "site":{
  "0":"BombsiteA",
  "1":"BombsiteB",
  "2":"BombsiteB",
  "3":"BombsiteB",
  "4":"BombsiteB",
  "5":"BombsiteB",
  "6":"BombsiteB",
  "7":"BombsiteB"
 },
 "X":{
  "0":773.0991821289,
  "1":815.2526855469,
  "2":756.1049194336,
  "3":635.5971679688,
  "4":679.8433837891,
  "5":366.8926696777,
  "6":366.8926696777,
  "7":447.8467102051
 },
 "Y":{
  "0":-605.966796875,
  "1":-1023.3366699219,
  "2":-1030.9107666016,
  "3":-1266.8653564453,
  "4":-1251.8109130859,
  "5":-711.7481079102,
  "6":-711.7481079102,
  "7":-1219.1394042969
 },
 "Z":{
  "0":-399.9683227539,
  "1":-771.96875,
  "2":-771.96875,
  "3":-769.96875,
  "4":-752.84375,
  "5":-765.96875,
  "6":-765.96875,
  "7":-765.96875
 },
 "round":{
  "0":4,
  "1":11,
  "2":11,
  "3":12,
  "4":12,
  "5":15,
  "6":15,
  "7":17
 }
}