{
 "tick":{
  "0":9026,
  "1":14025,
  "2":16649,
  "3":22972,
  "4":25596,
  "5":76085,
  "6":78709,
  "7":94522,
  "8":142801,
  "9":145425,
  "10":149950,
  "11":162117,
  "12":164534,
  "13":178999,
  "14":193957
 },
 "event":{
  "0":"planted",
  "1":"planted",
  "2":"exploded",
  "3":"planted",
  "4":"exploded",
  "5":"planted",
  "6":"exploded",
  "7":"planted",
  "8":"planted",
  "9":"exploded",
  "10":"planted",
  "11":"planted",
  "12":"defused",
  "13":"planted",
  "14":"planted"
 },
 "site":{
  "0":"BombsiteA",
  "1":"BombsiteB",
  "2":"BombsiteB",
  "3":"BombsiteA",
  "4":"BombsiteA",
  "5":"BombsiteA",
  "6":"BombsiteA",
  "7":"BombsiteA",
  "8":"BombsiteB",
  "9":"BombsiteB",
  "10":"BombsiteB",
  "11":"BombsiteA",
  "12":"BombsiteA",
  "13":"BombsiteB",
  "14":"BombsiteA"
 },
 "X":{
  "0":-325.2366943359,
  "1":-2219.8786621094,
  "2":-2219.8786621094,
  "3":-298.210144043,
  "4":-298.210144043,
  "5":-294.5527954102,
  "6":-294.5527954102,
  "7":-347.03125,
  "8":-2216.03125,
  "9":-2216.03125,
  "10":-2216.03125,
  "11":-351.6872558594,
  "12":-297.1408691406,
  "13":-2216.0278320312,
  "14":-299.7915649414
 },
 "Y":{
  "0":-713.03125,
  "1":872.3290405273,
  "2":872.3290405273,
  "3":-713.03125,
  "4":-713.03125,
  "5":-714.2583007812,
  "6":-714.2583007812,
  "7":-682.8167114258,
  "8":865.9536132812,
  "9":865.9536132812,
  "10":873.3521728516,
  "11":-683.8513793945,
  "12":-713.03125,
  "13":865.4556274414,
  "14":-713.03125
 },
 "Z":{
  "0":11776.03125,
  "1":11744.03125,
  "2":11744.03125,
  "3":11776.03125,
  "4":11776.03125,
  "5":11776.03125,
  "6":11776.03125,
  "7":11774.1337890625,
  "8":11744.03125,
  "9":11744.03125,
  "10":11744.03125,
  "11":11774.2626953125,
  "12":11776.03125,
  "13":11744.03125,
  "14":11776.03125
 },
 "round":{
  "0":1,
  "1":2,
  "2":2,
  "3":3,
  "4":3,
  "5":10,
  "6":10,
  "7":12,
  "8":17,
  "9":17,
  "10":18,
  "11":20,
  "12":20,
  "13":22,
  "14":24
 }
}