{
 "tick":{
  "0":26035,
  "1":31936,
  "2":39419,
  "3":42043,
  "4":54542,
  "5":57975,
  "6":64504,
  "7":73102,
  "8":75451
 },
 "event":{
  "0":"planted",
  "1":"planted",
  "2":"planted",
  "3":"exploded",
  "4":"planted",
  "5":"planted",
  "6":"planted",
  "7":"planted",
  "8":"defused"
 },
 "site":{
  "0":"BombsiteB",
  "1":"BombsiteA",
  "2":"BombsiteB",
  "3":"BombsiteB",
  "4":"BombsiteA",
  "5":"BombsiteA",
  "6":"BombsiteB",
  "7":"BombsiteA",
  "8":"BombsiteA"
 },
 "X":{
  "0":-2045.3634033203,
  "1":-296.2888793945,
  "2":-1988.6423339844,
  "3":-1988.6423339844,
  "4":-295.4147338867,
  "5":-291.7524414062,
  "6":-1987.03125,
  "7":-626.9378051758,
  "8":-675.6853637695
 },
 "Y":{
  "0":440.3103027344,
  "1":-2162.2380371094,
  "2":414.6461791992,
  "3":414.6461791992,
  "4":-2162.0100097656,
  "5":-2161.0388183594,
  "6":413.2401428223,
  "7":-1991.3404541016,
  "8":-2003.8735351562
 },
 "Z":{
  "0":-159.96875,
  "1":-174.0936279297,
  "2":-159.96875,
  "3":-159.96875,
  "4":-174.075012207,
  "5":-173.9985961914,
  "6":-159.96875,
  "7":-179.96875,
  "8":-179.96875
 },
 "round":{
  "0":4,
  "1":5,
  "2":7,
  "3":7,
  "4":9,
  "5":10,
  "6":11,
  "7":13,
  "8":13
 }
}