{
 "tick":{
  "0":5427,
  "1":8051,
  "2":11971,
  "3":14595,
  "4":27723,
  "5":30347,
  "6":36983,
  "7":39607,
  "8":53986,
  "9":56610,
  "10":73516,
  "11":79442,
  "12":82066,
  "13":90693,
  "14":93317,
  "15":106743,
  "16":108369,
  "17":119099,
  "18":121723
 },
 "event":{
  "0":"planted",
  "1":"exploded",
  "2":"planted",
  "3":"exploded",
  "4":"planted",
  "5":"exploded",
  "6":"planted",
  "7":"exploded",
  "8":"planted",
  "9":"exploded",
  "10":"planted",
  "11":"planted",
  "12":"exploded",
  "13":"planted",
  "14":"exploded",
  "15":"planted",
  "16":"defused",
  "17":"planted",
  "18":"exploded"
 },
 "site":{
  "0":"BombsiteB",
  "1":"BombsiteB",
  "2":"BombsiteB",
  "3":"BombsiteB",
  "4":"BombsiteB",
  "5":"BombsiteB",
  "6":"BombsiteA",
  "7":"BombsiteA",
  "8":"BombsiteA",
  "9":"BombsiteA",
  "10":"BombsiteB",
  "11":"BombsiteB",
  "12":"BombsiteB",
  "13":"BombsiteB",
  "14":"BombsiteB",
  "15":"BombsiteB",
  "16":"BombsiteB",
  "17":"BombsiteB",
  "18":"BombsiteB"
 },
 "X":{
  "0":-2216.03125,
  "1":-2216.03125,
  "2":-2237.7097167969,
  "3":-2237.7097167969,
  "4":-2216.03125,
  "5":-2216.03125,
  "6":-364.9777832031,
  "7":-364.9777832031,
  "8":-351.1553955078,
  "9":-351.1553955078,
  "10":-2146.0305175781,
  "11":-2216.0307617188,
  "12":-2216.0307617188,
  "13":-2216.98046875,
  "14":-2216.98046875,
  "15":-2362.96484375,
  "16":-2312.2966308594,
  "17":-2348.1662597656,
  "18":-2348.1662597656
 },
 "Y":{
  "0":888.9498291016,
  "1":888.9498291016,
  "2":878.9508056641,
  "3":878.9508056641,
  "4":867.9371948242,
  "5":867.9371948242,
  "6":-686.8046875,
  "7":-686.8046875,
  "8":-683.733215332,
  "9":-683.733215332,
  "10":670.4076538086,
  "11":876.108215332,
  "12":876.108215332,
  "13":868.3822021484,
  "14":868.3822021484,
  "15":857.9546508789,
  "16":825.796875,
  "17":866.5135498047,
  "18":866.5135498047
 },
 "Z":{
  "0":11744.03125,
  "1":11744.03125,
  "2":11744.03125,
  "3":11744.03125,
  "4":11744.03125,
  "5":11744.03125,
  "6":11774.6318359375,
  "7":11774.6318359375,
  "8":11774.248046875,
  "9":11774.248046875,
  "10":11744.03125,
  "11":11744.03125,
  "12":11744.03125,
  "13":11744.03125,
  "14":11744.03125,
  "15":11744.03125,
  "16":11744.03125,
  "17":11744.03125,
  "18":11744.03125
 },
 "round":{
  "0":1,
  "1":1,
  "2":2,
  "3":2,
  "4":4,
  "5":4,
  "6":5,
  "7":5,
  "8":7,
  "9":7,
  "10":9,
  "11":10,
  "12":10,
  "13":11,
  "14":11,
  "15":13,
  "16":13,
  "17":14,
  "18":14
 }
}