{
 "tick":{
  "0":3522,
  "1":27780,
  "2":29423,
  "3":67458,
  "4":77851,
  "5":84971,
  "6":87595,
  "7":100746,
  "8":103370,
  "9":135739
 },
 "event":{
  "0":"planted",
  "1":"planted",
  "2":"defused",
  "3":"planted",
  "4":"planted",
  "5":"planted",
  "6":"exploded",
  "7":"planted",
  "8":"exploded",
  "9":"planted"
 },
 "site":{
  "0":"BombsiteB",
  "1":"BombsiteB",
  "2":"BombsiteB",
  "3":"BombsiteB",
  "4":"BombsiteB",
  "5":"BombsiteB",
  "6":"BombsiteB",
  "7":"BombsiteB",
  "8":"BombsiteB",
  "9":"BombsiteB"
 },
 "X":{
  "0":827.8052368164,
  "1":869.03125,
  "2":879.295715332,
  "3":757.657409668,
  "4":816.790222168,
  "5":806.9994506836,
  "6":806.9994506836,
  "7":793.2578125,
  "8":793.2578125,
  "9":806.7087402344
 },
 "Y":{
  "0":4.9716210365,
  "1":68.1183166504,
  "2":7.2560033798,
  "3":189.6105194092,
  "4":4.9716467857,
  "5":4.9706583023,
  "6":4.9706583023,
  "7":4.9687504768,
  "8":4.9687504768,
  "9":4.9550485611
 },
 "Z":{
  "0":130.9011230469,
  "1":130.9011077881,
  "2":130.9011077881,
  "3":132.8401947021,
  "4":130.9011230469,
  "5":130.9011230469,
  "6":130.9011230469,
  "7":130.9011230469,
  "8":130.9011230469,
  "9":130.9011230469
 },
 "round":{
  "0":1,
  "1":5,
  "2":5,
  "3":10,
  "4":12,
  "5":13,
  "6":13,
  "7":15,
  "8":15,
  "9":20
 }
}