{
 "tick":{
  "0":5929,
  "1":8204,
  "2":12137,
  "3":14761,
  "4":33440,
  "5":35721,
  "6":43317,
  "7":45941,
  "8":87949,
  "9":94928,
  "10":96321,
  "11":125104,
  "12":127150
 },
 "event":{
  "0":"planted",
  "1":"defused",
  "2":"planted",
  "3":"exploded",
  "4":"planted",
  "5":"defused",
  "6":"planted",
  "7":"exploded",
  "8":"planted",
  "9":"planted",
  "10":"defused",
  "11":"planted",
  "12":"defused"
 },
 "site":{
  "0":"BombsiteB",
  "1":"BombsiteB",
  "2":"BombsiteB",
  "3":"BombsiteB",
  "4":"BombsiteA",
  "5":"BombsiteA",
  "6":"BombsiteB",
  "7":"BombsiteB",
  "8":"BombsiteB",
  "9":"BombsiteB",
  "10":"BombsiteB",
  "11":"BombsiteA",
  "12":"BombsiteA"
 },
 "X":{
  "0":496.850189209,
  "1":471.6045532227,
  "2":537.2045288086,
  "3":537.2045288086,
  "4":1845.0767822266,
  "5":1836.8674316406,
  "6":482.306060791,
  "7":482.306060791,
  "8":328.2498779297,
  "9":562.7318725586,
  "10":620.0499267578,
  "11":1819.03125,
  "12":1869.2883300781
 },
 "Y":{
  "0":2844.7448730469,
  "1":2900.2607421875,
  "2":2960.87109375,
  "3":2960.87109375,
  "4":303.9879760742,
  "5":274.3719787598,
  "6":2967.5690917969,
  "7":2967.5690917969,
  "8":2581.4555664062,
  "9":2695.8698730469,
  "10":2676.0708007812,
  "11":339.538848877,
  "12":309.4256591797
 },
 "Z":{
  "0":164.03125,
  "1":161.53125,
  "2":161.5312347412,
  "3":161.5312347412,
  "4":161.0312194824,
  "5":161.0312194824,
  "6":161.53125,
  "7":161.53125,
  "8":161.53125,
  "9":161.5312347412,
  "10":154.2927093506,
  "11":161.0312194824,
  "12":161.0312042236
 },
 "round":{
  "0":1,
  "1":1,
  "2":2,
  "3":2,
  "4":5,
  "5":5,
  "6":6,
  "7":6,
  "8":12,
  "9":13,
  "10":13,
  "11":17,
  "12":17
 }
}