{
 "tick":{
  "0":10701,
  "1":25683,
  "2":28307,
  "3":32913,
  "4":33885,
  "5":41639,
  "6":44263,
  "7":50946,
  "8":114129,
  "9":120863,
  "10":127335,
  "11":129959,
  "12":141886,
  "13":147922,
  "14":150546,
  "15":155212,
  "16":157836
 },
 "event":{
  "0":"planted",
  "1":"planted",
  "2":"exploded",
  "3":"planted",
  "4":"defused",
  "5":"planted",
  "6":"exploded",
  "7":"planted",
  "8":"planted",
  "9":"planted",
  "10":"planted",
  "11":"exploded",
  "12":"planted",
  "13":"planted",
  "14":"exploded",
  "15":"planted",
  "16":"exploded"
 },
 "site":{
  "0":"BombsiteB",
  "1":"BombsiteB",
  "2":"BombsiteB",
  "3":"BombsiteA",
  "4":"BombsiteA",
  "5":"BombsiteB",
  "6":"BombsiteB",
  "7":"BombsiteA",
  "8":"BombsiteA",
  "9":"BombsiteB",
  "10":"BombsiteA",
  "11":"BombsiteA",
  "12":"BombsiteB",
  "13":"BombsiteB",
  "14":"BombsiteB",
  "15":"BombsiteA",
  "16":"BombsiteA"
 },
 "X":{
  "0":869.03125,
  "1":785.5409545898,
  "2":785.5409545898,
  "3":-1544.4055175781,
  "4":-1588.3995361328,
  "5":869.03125,
  "6":869.03125,
  "7":-1280.03125,
  "8":-1566.6683349609,
  "9":771.3535766602,
  "10":-1246.0336914062,
  "11":-1246.0336914062,
  "12":695.6793212891,
  "13":799.0859985352,
  "14":799.0859985352,
  "15":-1567.109375,
  "16":-1567.109375
 },
 "Y":{
  "0":79.4195709229,
  "1":4.972612381,
  "2":4.972612381,
  "3":959.7979736328,
  "4":965.5805053711,
  "5":82.96875,
  "6":82.96875,
  "7":793.96875,
  "8":715.0751342773,
  "9":4.970495224,
  "10":729.96875,
  "11":729.96875,
  "12":60.638381958,
  "13":4.9715385437,
  "14":4.9715385437,
  "15":707.8505249023,
  "16":707.8505249023
 },
 "Z":{
  "0":130.9011077881,
  "1":130.9011230469,
  "2":130.9011230469,
  "3":56.0312423706,
  "4":56.03125,
  "5":130.9011077881,
  "6":130.9011077881,
  "7":54.03125,
  "8":56.03125,
  "9":130.9011230469,
  "10":56.03125,
  "11":56.03125,
  "12":130.9011077881,
  "13":130.9011230469,
  "14":130.9011230469,
  "15":56.03125,
  "16":56.03125
 },
 "round":{
  "0":1,
  "1":3,
  "2":3,
  "3":4,
  "4":4,
  "5":5,
  "6":5,
  "7":6,
  "8":13,
  "9":14,
  "10":15,
  "11":15,
  "12":16,
  "13":17,
  "14":17,
  "15":18,
  "16":18
 }
}