{
 "tick":{
  "0":20660,
  "1":23284,
  "2":28198,
  "3":32560,
  "4":35184,
  "5":39295,
  "6":41919,
  "7":49603,
  "8":126769,
  "9":136148,
  "10":138772,
  "11":147855,
  "12":158226,
  "13":160850
 },
 "event":{
  "0":"planted",
  "1":"exploded",
  "2":"planted",
  "3":"planted",
  "4":"exploded",
  "5":"planted",
  "6":"exploded",
  "7":"planted",
  "8":"planted",
  "9":"planted",
  "10":"exploded",
  "11":"planted",
  "12":"planted",
  "13":"exploded"
 },
 "site":{
  "0":"BombsiteB",
  "1":"BombsiteB",
  "2":"BombsiteB",
  "3":"BombsiteA",
  "4":"BombsiteA",
  "5":"BombsiteB",
  "6":"BombsiteB",
  "7":"BombsiteA",
  "8":"BombsiteB",
  "9":"BombsiteA",
  "10":"BombsiteA",
  "11":"BombsiteB",
  "12":"BombsiteB",
  "13":"BombsiteB"
 },
 "X":{
  "0":-1969.7229003906,
  "1":-1969.7229003906,
  "2":-2003.5943603516,
  "3":-290.1491699219,
  "4":-290.1491699219,
  "5":-1987.0311279297,
  "6":-1987.0311279297,
  "7":-299.5229492188,
  "8":-1890.7595214844,
  "9":-283.0661621094,
  "10":-283.0661621094,
  "11":-2198.96875,
  "12":-1987.03125,
  "13":-1987.03125
 },
 "Y":{
  "0":450.03125,
  "1":450.03125,
  "2":337.5663757324,
  "3":-2161.3188476562,
  "4":-2161.3188476562,
  "5":431.6943054199,
  "6":431.6943054199,
  "7":-2163.0969238281,
  "8":242.03125,
  "9":-2158.7380371094,
  "10":-2158.7380371094,
  "11":89.0312423706,
  "12":411.6446228027,
  "13":411.6446228027
 },
 "Z":{
  "0":-159.96875,
  "1":-159.96875,
  "2":-159.96875,
  "3":-173.9024658203,
  "4":-173.9024658203,
  "5":-159.96875,
  "6":-159.96875,
  "7":-174.1610107422,
  "8":-159.96875,
  "9":-173.8170166016,
  "10":-173.8170166016,
  "11":-159.96875,
  "12":-159.96875,
  "13":-159.96875
 },
 "round":{
  "0":3,
  "1":3,
  "2":4,
  "3":5,
  "4":5,
  "5":6,
  "6":6,
  "7":7,
  "8":17,
  "9":18,
  "10":18,
  "11":19,
  "12":20,
  "13":20
 }
}