{"tick":{"0":10491,"1":12337,"2":20357,"3":24575,"4":27199,"5":38768,"6":41392,"7":48223,"8":53620,"9":73182,"10":81856,"11":84480,"12":91145,"13":96527,"14":103790,"15":106086,"16":118285,"17":120192},"event":{"0":"planted","1":"defused","2":"planted","3":"planted","4":"exploded","5":"planted","6":"exploded","7":"planted","8":"planted","9":"planted","10":"planted","11":"exploded","12":"planted","13":"planted","14":"planted","15":"defused","16":"planted","17":"defused"},"site":{"0":"BombsiteA","1":"BombsiteA","2":"BombsiteA","3":"BombsiteA","4":"BombsiteA","5":"BombsiteB","6":"BombsiteB","7":"BombsiteA","8":"BombsiteB","9":"BombsiteA","10":"BombsiteA","11":"BombsiteA","12":"BombsiteB","13":"BombsiteB","14":"BombsiteA","15":"BombsiteA","16":"BombsiteA","17":"BombsiteA"},"X":{"0":-374.2026977539,"1":-417.8129882812,"2":-358.1561279297,"3":-347.4611816406,"4":-347.4611816406,"5":-2265.1667480469,"6":-2265.1667480469,"7":-363.0299072266,"8":-2228.8527832031,"9":-290.8876953125,"10":-323.7102050781,"11":-323.7102050781,"12":-2218.0620117188,"13":-2216.02734375,"14":-298.5201416016,"15":-279.8522949219,"16":-271.7481689453,"17":-318.9624023438},"Y":{"0":-688.8547973633,"1":-704.4259033203,"2":-685.2890014648,"3":-691.5380249023,"4":-691.5380249023,"5":685.647644043,"6":685.647644043,"7":-686.3720092773,"8":757.6921386719,"9":-713.03125,"10":-713.03125,"11":-713.03125,"12":870.2592773438,"13":830.0439453125,"14":-722.2888183594,"15":-780.5487060547,"16":-535.6576538086,"17":-563.4050292969},"Z":{"0":11774.888671875,"1":11776.03125,"2":11774.4423828125,"3":11775.2236328125,"4":11775.2236328125,"5":11744.03125,"6":11744.03125,"7":11774.578125,"8":11744.03125,"9":11776.03125,"10":11776.03125,"11":11776.03125,"12":11744.03125,"13":11744.03125,"14":11776.03125,"15":11776.03125,"16":11776.03125,"17":11774.03125},"round":{"0":1,"1":1,"2":2,"3":3,"4":3,"5":5,"6":5,"7":6,"8":7,"9":9,"10":10,"11":10,"12":11,"13":12,"14":13,"15":13,"16":15,"17":15}}