{
 "tick":{
  "0":34698,
  "1":37322,
  "2":73422,
  "3":81482,
  "4":95063,
  "5":101238,
  "6":111431,
  "7":114055,
  "8":118400,
  "9":121024,
  "10":125082
 },
 "event":{
  "0":"planted",
  "1":"exploded",
  "2":"planted",
  "3":"planted",
  "4":"planted",
  "5":"planted",
  "6":"planted",
  "7":"exploded",
  "8":"planted",
  "9":"exploded",
  "10":"planted"
 },
 "site":{
  "0":"BombsiteB",
  "1":"BombsiteB",
  "2":"BombsiteA",
  "3":"BombsiteB",
  "4":"BombsiteB",
  "5":"BombsiteB",
  "6":"BombsiteB",
  "7":"BombsiteB",
  "8":"BombsiteB",
  "9":"BombsiteB",
  "10":"BombsiteB"
 },
 "X":{
  "0":-1987.03125,
  "1":-1987.03125,
  "2":-277.0246582031,
  "3":-1972.3568115234,
  "4":-1969.03125,
  "5":-1870.326171875,
  "6":-1874.7200927734,
  "7":-1874.7200927734,
  "8":-1986.5150146484,
  "9":-1986.5150146484,
  "10":-1883.5010986328
 },
 "Y":{
  "0":417.8748474121,
  "1":417.8748474121,
  "2":-2157.1350097656,
  "3":450.9115905762,
  "4":450.03125,
  "5":242.03125,
  "6":244.7978820801,
  "7":244.7978820801,
  "8":450.0276489258,
  "9":450.0276489258,
  "10":242.0312347412
 },
 "Z":{
  "0":-159.96875,
  "1":-159.96875,
  "2":-173.6910400391,
  "3":-159.96875,
  "4":-159.96875,
  "5":-159.96875,
  "6":-159.96875,
  "7":-159.96875,
  "8":-159.96875,
  "9":-159.96875,
  "10":-159.96875
 },
 "round":{
  "0":5,
  "1":5,
  "2":10,
  "3":11,
  "4":13,
  "5":14,
  "6":15,
  "7":15,
  "8":16,
  "9":16,
  "10":17
 }
}