{
 "tick":{
  "0":27865,
  "1":30489,
  "2":41734,
  "3":49759,
  "4":67284,
  "5":81452,
  "6":91629,
  "7":100134,
  "8":108281,
  "9":110905,
  "10":122117,
  "11":136637,
  "12":139261,
  "13":149616,
  "14":152240,
  "15":159249,
  "16":161167
 },
 "event":{
  "0":"planted",
  "1":"exploded",
  "2":"planted",
  "3":"planted",
  "4":"planted",
  "5":"planted",
  "6":"planted",
  "7":"planted",
  "8":"planted",
  "9":"exploded",
  "10":"planted",
  "11":"planted",
  "12":"exploded",
  "13":"planted",
  "14":"exploded",
  "15":"planted",
  "16":"defused"
 },
 "site":{
  "0":"BombsiteA",
  "1":"BombsiteA",
  "2":"BombsiteB",
  "3":"BombsiteA",
  "4":"BombsiteA",
  "5":"BombsiteA",
  "6":"BombsiteA",
  "7":"BombsiteB",
  "8":"BombsiteA",
  "9":"BombsiteA",
  "10":"BombsiteA",
  "11":"BombsiteA",
  "12":"BombsiteA",
  "13":"BombsiteA",
  "14":"BombsiteA",
  "15":"BombsiteB",
  "16":"BombsiteB"
 },
 "X":{
  "0":706.5104980469,
  "1":706.5104980469,
  "2":638.2233276367,
  "3":727.7657470703,
  "4":686.1848144531,
  "5":534.3973388672,
  "6":640.022277832,
  "7":432.8633117676,
  "8":682.208984375,
  "9":682.208984375,
  "10":637.7298583984,
  "11":665.1354370117,
  "12":665.1354370117,
  "13":661.9652709961,
  "14":661.9652709961,
  "15":344.8483581543,
  "16":345.7532348633
 },
 "Y":{
  "0":-769.8376464844,
  "1":-769.8376464844,
  "2":-1326.4968261719,
  "3":-772.3080444336,
  "4":-923.7847900391,
  "5":-831.6083984375,
  "6":-768.03125,
  "7":-694.7108764648,
  "8":-762.3168945312,
  "9":-762.3168945312,
  "10":-607.96875,
  "11":-766.2152709961,
  "12":-766.2152709961,
  "13":-769.7543334961,
  "14":-769.7543334961,
  "15":-710.1146850586,
  "16":-769.5919189453
 },
 "Z":{
  "0":-399.9685668945,
  "1":-399.9685668945,
  "2":-765.96875,
  "3":-399.9682617188,
  "4":-414.96875,
  "5":-399.96875,
  "6":-415.96875,
  "7":-765.96875,
  "8":-399.96875,
  "9":-399.96875,
  "10":-415.96875,
  "11":-399.96875,
  "12":-399.96875,
  "13":-415.96875,
  "14":-415.96875,
  "15":-765.96875,
  "16":-771.96875
 },
 "round":{
  "0":4,
  "1":4,
  "2":6,
  "3":7,
  "4":9,
  "5":11,
  "6":13,
  "7":14,
  "8":15,
  "9":15,
  "10":16,
  "11":18,
  "12":18,
  "13":19,
  "14":19,
  "15":20,
  "16":20
 }
}