{
 "tick":{
  "0":11291,
  "1":14910,
  "2":22714,
  "3":25338,
  "4":67060,
  "5":81070,
  "6":83289,
  "7":102991,
  "8":105615,
  "9":110936,
  "10":120515,
  "11":123139,
  "12":131526,
  "13":133420,
  "14":141301,
  "15":150645
 },
 "event":{
  "0":"planted",
  "1":"planted",
  "2":"planted",
  "3":"exploded",
  "4":"planted",
  "5":"planted",
  "6":"defused",
  "7":"planted",
  "8":"exploded",
  "9":"planted",
  "10":"planted",
  "11":"exploded",
  "12":"planted",
  "13":"defused",
  "14":"planted",
  "15":"planted"
 },
 "site":{
  "0":"BombsiteB",
  "1":"BombsiteA",
  "2":"BombsiteA",
  "3":"BombsiteA",
  "4":"BombsiteA",
  "5":"BombsiteA",
  "6":"BombsiteA",
  "7":"BombsiteA",
  "8":"BombsiteA",
  "9":"BombsiteB",
  "10":"BombsiteA",
  "11":"BombsiteA",
  "12":"BombsiteA",
  "13":"BombsiteA",
  "14":"BombsiteB",
  "15":"BombsiteA"
 },
 "X":{
  "0":-2216.03125,
  "1":-301.0269775391,
  "2":-472.3223876953,
  "3":-472.3223876953,
  "4":-347.1108398438,
  "5":-348.8005371094,
  "6":-346.2474365234,
  "7":-300.0238647461,
  "8":-300.0238647461,
  "9":-2365.5817871094,
  "10":-114.03125,
  "11":-114.03125,
  "12":-351.1314697266,
  "13":-413.1282958984,
  "14":-2217.8718261719,
  "15":-383.8569335938
 },
 "Y":{
  "0":866.2469482422,
  "1":-718.0806274414,
  "2":-581.6618041992,
  "3":-581.6618041992,
  "4":-682.8344116211,
  "5":-683.2100830078,
  "6":-742.9036254883,
  "7":-713.03125,
  "8":-713.03125,
  "9":919.985534668,
  "10":-541.7771606445,
  "11":-541.7771606445,
  "12":-683.7387695312,
  "13":-683.5760498047,
  "14":863.6313476562,
  "15":-512.5969238281
 },
 "Z":{
  "0":11744.03125,
  "1":11776.03125,
  "2":11776.03125,
  "3":11776.03125,
  "4":11774.1357421875,
  "5":11774.1826171875,
  "6":11776.03125,
  "7":11776.03125,
  "8":11776.03125,
  "9":11744.03125,
  "10":11776.03125,
  "11":11776.03125,
  "12":11774.2490234375,
  "13":11774.228515625,
  "14":11744.03125,
  "15":11776.03125
 },
 "round":{
  "0":1,
  "1":2,
  "2":3,
  "3":3,
  "4":9,
  "5":11,
  "6":11,
  "7":15,
  "8":15,
  "9":16,
  "10":17,
  "11":17,
  "12":18,
  "13":18,
  "14":19,
  "15":20
 }
}