{
 "tick":{
  "0":5287,
  "1":37367,
  "2":38003,
  "3":44972,
  "4":47596,
  "5":53664,
  "6":56288,
  "7":67691,
  "8":69228,
  "9":103994,
  "10":106274,
  "11":113265,
  "12":115889,
  "13":121264,
  "14":140200,
  "15":141796,
  "16":153402,
  "17":166468
 },
 "event":{
  "0":"planted",
  "1":"planted",
  "2":"defused",
  "3":"planted",
  "4":"exploded",
  "5":"planted",
  "6":"exploded",
  "7":"planted",
  "8":"defused",
  "9":"planted",
  "10":"defused",
  "11":"planted",
  "12":"exploded",
  "13":"planted",
  "14":"planted",
  "15":"defused",
  "16":"planted",
  "17":"planted"
 },
 "site":{
  "0":"BombsiteB",
  "1":"BombsiteA",
  "2":"BombsiteA",
  "3":"BombsiteA",
  "4":"BombsiteA",
  "5":"BombsiteB",
  "6":"BombsiteB",
  "7":"BombsiteA",
  "8":"BombsiteA",
  "9":"BombsiteA",
  "10":"BombsiteA",
  "11":"BombsiteA",
  "12":"BombsiteA",
  "13":"BombsiteB",
  "14":"BombsiteB",
  "15":"BombsiteB",
  "16":"BombsiteA",
  "17":"BombsiteA"
 },
 "X":{
  "0":-2216.0842285156,
  "1":-353.2033691406,
  "2":-371.7827148438,
  "3":-92.4246826172,
  "4":-92.4246826172,
  "5":-2278.7868652344,
  "6":-2278.7868652344,
  "7":-362.8302001953,
  "8":-327.8765869141,
  "9":-113.1398925781,
  "10":-168.8675537109,
  "11":-114.03125,
  "12":-114.03125,
  "13":-2216.03125,
  "14":-2363.0905761719,
  "15":-2417.1271972656,
  "16":-352.4279785156,
  "17":-367.8374633789
 },
 "Y":{
  "0":876.537902832,
  "1":-684.1883544922,
  "2":-708.9323730469,
  "3":-732.03125,
  "4":-732.03125,
  "5":648.9666137695,
  "6":648.9666137695,
  "7":-686.3276367188,
  "8":-737.25390625,
  "9":-733.3187866211,
  "10":-717.19921875,
  "11":-540.03125,
  "12":-540.03125,
  "13":909.8485107422,
  "14":730.0658569336,
  "15":700.2302856445,
  "16":-684.0159912109,
  "17":-687.4393310547
 },
 "Z":{
  "0":11744.03125,
  "1":11774.3046875,
  "2":11776.03125,
  "3":11776.03125,
  "4":11776.03125,
  "5":11744.03125,
  "6":11744.03125,
  "7":11774.572265625,
  "8":11776.03125,
  "9":11776.03125,
  "10":11776.03125,
  "11":11776.03125,
  "12":11776.03125,
  "13":11744.03125,
  "14":11744.03125,
  "15":11744.03125,
  "16":11774.283203125,
  "17":11774.7109375
 },
 "round":{
  "0":1,
  "1":5,
  "2":5,
  "3":6,
  "4":6,
  "5":7,
  "6":7,
  "7":8,
  "8":8,
  "9":12,
  "10":12,
  "11":13,
  "12":13,
  "13":14,
  "14":16,
  "15":16,
  "16":17,
  "17":19
 }
}