{
 "tick":{
  "0":4019,
  "1":6061,
  "2":12397,
  "3":22245,
  "4":33552,
  "5":36176,
  "6":45966,
  "7":48590,
  "8":70788,
  "9":73412,
  "10":139239,
  "11":140707
 },
 "event":{
  "0":"planted",
  "1":"defused",
  "2":"planted",
  "3":"planted",
  "4":"planted",
  "5":"exploded",
  "6":"planted",
  "7":"exploded",
  "8":"planted",
  "9":"exploded",
  "10":"planted",
  "11":"defused"
 },
 "site":{
  "0":"BombsiteB",
  "1":"BombsiteB",
  "2":"BombsiteB",
  "3":"BombsiteA",
  "4":"BombsiteB",
  "5":"BombsiteB",
  "6":"BombsiteA",
  "7":"BombsiteA",
  "8":"BombsiteA",
  "9":"BombsiteA",
  "10":"BombsiteA",
  "11":"BombsiteA"
 },
 "X":{
  "0":-1987.03125,
  "1":-1987.029296875,
  "2":-1987.03125,
  "3":-495.8184814453,
  "4":-1987.03125,
  "5":-1987.03125,
  "6":-554.8966674805,
  "7":-554.8966674805,
  "8":-565.4178466797,
  "9":-565.4178466797,
  "10":-271.6991577148,
  "11":-324.0787353516
 },
 "Y":{
  "0":418.9554138184,
  "1":393.021484375,
  "2":421.9486999512,
  "3":-1980.1789550781,
  "4":425.5693969727,
  "5":425.5693969727,
  "6":-1975.9549560547,
  "7":-1975.9549560547,
  "8":-1977.7047119141,
  "9":-1977.7047119141,
  "10":-2155.7236328125,
  "11":-2184.18359375
 },
 "Z":{
  "0":-159.96875,
  "1":-159.96875,
  "2":-159.96875,
  "3":-179.96875,
  "4":-159.96875,
  "5":-159.96875,
  "6":-179.96875,
  "7":-179.96875,
  "8":-179.96875,
  "9":-179.96875,
  "10":-173.5797729492,
  "11":-173.3779907227
 },
 "round":{
  "0":1,
  "1":1,
  "2":2,
  "3":3,
  "4":5,
  "5":5,
  "6":6,
  "7":6,
  "8":9,
  "9":9,
  "10":19,
  "11":19
 }
}