{
 "tick":{
  "0":3924,
  "1":16408,
  "2":18172,
  "3":29645,
  "4":30158,
  "5":51225,
  "6":53849,
  "7":148951,
  "8":151575,
  "9":162910,
  "10":165534,
  "11":193660,
  "12":223806,
  "13":225954,
  "14":241949,
  "15":243141,
  "16":250077
 },
 "event":{
  "0":"planted",
  "1":"planted",
  "2":"defused",
  "3":"planted",
  "4":"defused",
  "5":"planted",
  "6":"exploded",
  "7":"planted",
  "8":"exploded",
  "9":"planted",
  "10":"exploded",
  "11":"planted",
  "12":"planted",
  "13":"defused",
  "14":"planted",
  "15":"defused",
  "16":"planted"
 },
 "site":{
  "0":"BombsiteB",
  "1":"BombsiteA",
  "2":"BombsiteA",
  "3":"BombsiteA",
  "4":"BombsiteA",
  "5":"BombsiteA",
  "6":"BombsiteA",
  "7":"BombsiteA",
  "8":"BombsiteA",
  "9":"BombsiteB",
  "10":"BombsiteB",
  "11":"BombsiteA",
  "12":"BombsiteB",
  "13":"BombsiteB",
  "14":"BombsiteA",
  "15":"BombsiteA",
  "16":"BombsiteB"
 },
 "X":{
  "0":-960.29296875,
  "1":-2553.40234375,
  "2":-2494.1958007812,
  "3":-2174.9741210938,
  "4":-2216.8330078125,
  "5":-2597.0319824219,
  "6":-2597.0319824219,
  "7":-2554.8486328125,
  "8":-2554.8486328125,
  "9":-1130.9750976562,
  "10":-1130.9750976562,
  "11":-2550.0900878906,
  "12":-1166.2631835938,
  "13":-1141.0229492188,
  "14":-2132.0441894531,
  "15":-2162.3544921875,
  "16":-1159.7758789062
 },
 "Y":{
  "0":161.563659668,
  "1":644.6220092773,
  "2":630.0858764648,
  "3":537.8385620117,
  "4":582.5493164062,
  "5":637.7135620117,
  "6":637.7135620117,
  "7":644.3934326172,
  "8":644.3934326172,
  "9":56.4202880859,
  "10":56.4202880859,
  "11":631.2767333984,
  "12":-92.9496459961,
  "13":-38.1283569336,
  "14":578.833190918,
  "15":558.7805175781,
  "16":-63.6171875
 },
 "Z":{
  "0":100.03125,
  "1":484.0312194824,
  "2":484.03125,
  "3":482.3389282227,
  "4":476.53125,
  "5":484.0312194824,
  "6":484.0312194824,
  "7":484.03125,
  "8":484.03125,
  "9":103.53125,
  "10":103.53125,
  "11":484.03125,
  "12":103.74243927,
  "13":103.53125,
  "14":522.2402954102,
  "15":522.1867675781,
  "16":103.53125
 },
 "round":{
  "0":1,
  "1":3,
  "2":3,
  "3":4,
  "4":4,
  "5":0,
  "6":0,
  "7":16,
  "8":16,
  "9":17,
  "10":17,
  "11":20,
  "12":24,
  "13":24,
  "14":26,
  "15":26,
  "16":27
 }
}