{
 "tick":{
  "0":3123,
  "1":7530,
  "2":10154,
  "3":16167,
  "4":18791,
  "5":27759,
  "6":30134,
  "7":86900,
  "8":95198,
  "9":97035,
  "10":101931,
  "11":131127
 },
 "event":{
  "0":"planted",
  "1":"planted",
  "2":"exploded",
  "3":"planted",
  "4":"exploded",
  "5":"planted",
  "6":"defused",
  "7":"planted",
  "8":"planted",
  "9":"defused",
  "10":"planted",
  "11":"planted"
 },
 "site":{
  "0":"BombsiteA",
  "1":"BombsiteA",
  "2":"BombsiteA",
  "3":"BombsiteB",
  "4":"BombsiteB",
  "5":"BombsiteB",
  "6":"BombsiteB",
  "7":"BombsiteA",
  "8":"BombsiteB",
  "9":"BombsiteB",
  "10":"BombsiteA",
  "11":"BombsiteA"
 },
 "X":{
  "0":644.2945556641,
  "1":580.8017578125,
  "2":580.8017578125,
  "3":340.3665466309,
  "4":340.3665466309,
  "5":627.0737915039,
  "6":593.6721801758,
  "7":832.231262207,
  "8":640.3935546875,
  "9":637.3621826172,
  "10":677.3649291992,
  "11":767.735534668
 },
 "Y":{
  "0":-789.8962402344,
  "1":-872.0457763672,
  "2":-872.0457763672,
  "3":-702.071105957,
  "4":-702.071105957,
  "5":-1319.9803466797,
  "6":-1270.2056884766,
  "7":-518.8374023438,
  "8":-1306.9364013672,
  "9":-1257.2814941406,
  "10":-777.7447509766,
  "11":-605.9666748047
 },
 "Z":{
  "0":-415.96875,
  "1":-399.96875,
  "2":-399.96875,
  "3":-765.96875,
  "4":-765.96875,
  "5":-765.96875,
  "6":-769.96875,
  "7":-407.4896240234,
  "8":-765.96875,
  "9":-768.84375,
  "10":-414.5908813477,
  "11":-399.9683227539
 },
 "round":{
  "0":1,
  "1":2,
  "2":2,
  "3":3,
  "4":3,
  "5":4,
  "6":4,
  "7":12,
  "8":13,
  "9":13,
  "10":14,
  "11":18
 }
}