{"tick":{"0":19985,"1":22609,"2":29697,"3":32321,"4":39513,"5":40635,"6":47977,"7":48772,"8":56118,"9":67486,"10":73325,"11":75949,"12":85862,"13":87223,"14":96356,"15":104912,"16":109174,"17":116300,"18":118924,"19":129807},"event":{"0":"planted","1":"exploded","2":"planted","3":"exploded","4":"planted","5":"defused","6":"planted","7":"defused","8":"planted","9":"planted","10":"planted","11":"exploded","12":"planted","13":"defused","14":"planted","15":"planted","16":"planted","17":"planted","18":"exploded","19":"planted"},"site":{"0":"BombsiteB","1":"BombsiteB","2":"BombsiteB","3":"BombsiteB","4":"BombsiteB","5":"BombsiteB","6":"BombsiteB","7":"BombsiteB","8":"BombsiteB","9":"BombsiteA","10":"BombsiteA","11":"BombsiteA","12":"BombsiteA","13":"BombsiteA","14":"BombsiteB","15":"BombsiteB","16":"BombsiteA","17":"BombsiteB","18":"BombsiteB","19":"BombsiteA"},"X":{"0":-1136.03125,"1":-1136.03125,"2":-1136.0308837891,"3":-1136.0308837891,"4":-1136.03125,"5":-1196.0625,"6":-1136.03125,"7":-1155.37109375,"8":-921.1961669922,"9":1284.0563964844,"10":1306.5621337891,"11":1306.5621337891,"12":1114.5450439453,"13":1163.3853759766,"14":-1136.03125,"15":-1136.03125,"16":1217.3753662109,"17":-1136.03125,"18":-1136.03125,"19":1511.96875},"Y":{"0":688.2686767578,"1":688.2686767578,"2":699.96875,"3":699.96875,"4":699.96875,"5":685.3103637695,"6":699.96875,"7":641.9321289062,"8":715.4488525391,"9":1891.6058349609,"10":1883.4874267578,"11":1883.4874267578,"12":1975.2817382812,"13":2012.1748046875,"14":699.2314453125,"15":699.96875,"16":1808.6472167969,"17":699.96875,"18":699.96875,"19":2158.6787109375},"Z":{"0":-1.96875,"1":-1.96875,"2":-1.96875,"3":-1.96875,"4":-1.96875,"5":0.0312480927,"6":-1.96875,"7":-3.96875,"8":-3.96875,"9":-191.96875,"10":-191.96875,"11":-191.96875,"12":-183.4201660156,"13":-191.96875,"14":-1.96875,"15":-1.96875,"16":-191.96875,"17":-1.96875,"18":-1.96875,"19":-191.96875},"round":{"0":4,"1":4,"2":5,"3":5,"4":6,"5":6,"6":7,"7":7,"8":8,"9":9,"10":10,"11":10,"12":11,"13":11,"14":13,"15":14,"16":15,"17":16,"18":16,"19":18}}