{
 "tick":{
  "0":34371,
  "1":63844,
  "2":66468,
  "3":98438,
  "4":99141,
  "5":104420,
  "6":107044,
  "7":115186
 },
 "event":{
  "0":"planted",
  "1":"planted",
  "2":"exploded",
  "3":"planted",
  "4":"defused",
  "5":"planted",
  "6":"exploded",
  "7":"planted"
 },
 "site":{
  "0":"BombsiteB",
  "1":"BombsiteB",
  "2":"BombsiteB",
  "3":"BombsiteB",
  "4":"BombsiteB",
  "5":"BombsiteA",
  "6":"BombsiteA",
  "7":"BombsiteB"
 },
 "X":{
  "0":720.6828613281,
  "1":725.4098510742,
  "2":725.4098510742,
  "3":600.8752441406,
  "4":657.7274169922,
  "5":744.8236694336,
  "6":744.8236694336,
  "7":340.03125
 },
 "Y":{
  "0":-1163.4346923828,
  "1":-1153.3193359375,
  "2":-1153.3193359375,
  "3":-1256.1497802734,
  "4":-1276.8424072266,
  "5":-845.7374267578,
  "6":-845.7374267578,
  "7":-802.5187988281
 },
 "Z":{
  "0":-768.96875,
  "1":-768.96875,
  "2":-768.96875,
  "3":-768.84375,
  "4":-769.96875,
  "5":-399.9682617188,
  "6":-399.9682617188,
  "7":-771.96875
 },
 "round":{
  "0":5,
  "1":8,
  "2":8,
  "3":12,
  "4":12,
  "5":13,
  "6":13,
  "7":14
 }
}