{
 "tick":{
  "0":12695,
  "1":32927,
  "2":35551,
  "3":43612,
  "4":45092,
  "5":59478,
  "6":91120,
  "7":92874,
  "8":138749,
  "9":141373,
  "10":149295,
  "11":151466,
  "12":159551,
  "13":167903,
  "14":170527
 },
 "event":{
  "0":"planted",
  "1":"planted",
  "2":"exploded",
  "3":"planted",
  "4":"defused",
  "5":"planted",
  "6":"planted",
  "7":"defused",
  "8":"planted",
  "9":"exploded",
  "10":"planted",
  "11":"defused",
  "12":"planted",
  "13":"planted",
  "14":"exploded"
 },
 "site":{
  "0":"BombsiteA",
  "1":"BombsiteA",
  "2":"BombsiteA",
  "3":"BombsiteB",
  "4":"BombsiteB",
  "5":"BombsiteB",
  "6":"BombsiteA",
  "7":"BombsiteA",
  "8":"BombsiteA",
  "9":"BombsiteA",
  "10":"BombsiteA",
  "11":"BombsiteA",
  "12":"BombsiteA",
  "13":"BombsiteA",
  "14":"BombsiteA"
 },
 "X":{
  "0":-294.4696044922,
  "1":-573.6832885742,
  "2":-573.6832885742,
  "3":-1893.6290283203,
  "4":-1948.224609375,
  "5":-1987.03125,
  "6":-272.2061157227,
  "7":-327.0203857422,
  "8":-554.96875,
  "9":-554.96875,
  "10":-584.8469238281,
  "11":-562.4396972656,
  "12":-498.2019042969,
  "13":-494.2737426758,
  "14":-494.2737426758
 },
 "Y":{
  "0":-2161.7592773438,
  "1":-2148.5441894531,
  "2":-2148.5441894531,
  "3":287.1162109375,
  "4":307.4748840332,
  "5":412.5417785645,
  "6":-2165.0529785156,
  "7":-2191.7082519531,
  "8":-2109.0078125,
  "9":-2109.0078125,
  "10":-2145.1853027344,
  "11":-2201.0480957031,
  "12":-1992.34765625,
  "13":-2010.2362060547,
  "14":-2010.2362060547
 },
 "Z":{
  "0":-174.0552978516,
  "1":-179.96875,
  "2":-179.96875,
  "3":-159.96875,
  "4":-159.96875,
  "5":-159.96875,
  "6":-172.7730712891,
  "7":-172.83984375,
  "8":-179.96875,
  "9":-179.96875,
  "10":-179.96875,
  "11":-179.96875,
  "12":-179.96875,
  "13":-179.96875,
  "14":-179.96875
 },
 "round":{
  "0":3,
  "1":6,
  "2":6,
  "3":7,
  "4":7,
  "5":9,
  "6":13,
  "7":13,
  "8":17,
  "9":17,
  "10":18,
  "11":18,
  "12":19,
  "13":20,
  "14":20
 }
}