{
 "tick":{
  "0":50690,
  "1":59585,
  "2":62209,
  "3":107389,
  "4":108236,
  "5":113851,
  "6":125319,
  "7":143480
 },
 "event":{
  "0":"planted",
  "1":"planted",
  "2":"exploded",
  "3":"planted",
  "4":"defused",
  "5":"planted",
  "6":"planted",
  "7":"planted"
 },
 "site":{
  "0":"BombsiteB",
  "1":"BombsiteA",
  "2":"BombsiteA",
  "3":"BombsiteB",
  "4":"BombsiteB",
  "5":"BombsiteA",
  "6":"BombsiteA",
  "7":"BombsiteA"
 },
 "X":{
  "0":305.3048095703,
  "1":1819.03125,
  "2":1819.03125,
  "3":546.3045043945,
  "4":489.7815551758,
  "5":2083.8376464844,
  "6":1966.03125,
  "7":2083.8054199219
 },
 "Y":{
  "0":2999.5437011719,
  "1":292.5957641602,
  "2":292.5957641602,
  "3":2970.0598144531,
  "4":2992.3408203125,
  "5":183.3182983398,
  "6":721.96875,
  "7":183.324005127
 },
 "Z":{
  "0":161.6297454834,
  "1":161.0312194824,
  "2":161.0312194824,
  "3":161.5312347412,
  "4":161.53125,
  "5":160.03125,
  "6":160.03125,
  "7":160.03125
 },
 "round":{
  "0":6,
  "1":7,
  "2":7,
  "3":11,
  "4":11,
  "5":12,
  "6":14,
  "7":16
 }
}