{
 "tick":{
  "0":10680,
  "1":11715,
  "2":18452,
  "3":21076,
  "4":26510,
  "5":29134,
  "6":42768,
  "7":50351,
  "8":52224,
  "9":59845,
  "10":69571,
  "11":74988,
  "12":77612,
  "13":87066,
  "14":89159,
  "15":97576,
  "16":100200,
  "17":141345,
  "18":143878
 },
 "event":{
  "0":"planted",
  "1":"defused",
  "2":"planted",
  "3":"exploded",
  "4":"planted",
  "5":"exploded",
  "6":"planted",
  "7":"planted",
  "8":"defused",
  "9":"planted",
  "10":"planted",
  "11":"planted",
  "12":"exploded",
  "13":"planted",
  "14":"defused",
  "15":"planted",
  "16":"exploded",
  "17":"planted",
  "18":"defused"
 },
 "site":{
  "0":"BombsiteB",
  "1":"BombsiteB",
  "2":"BombsiteB",
  "3":"BombsiteB",
  "4":"BombsiteB",
  "5":"BombsiteB",
  "6":"BombsiteA",
  "7":"BombsiteB",
  "8":"BombsiteB",
  "9":"BombsiteB",
  "10":"BombsiteB",
  "11":"BombsiteA",
  "12":"BombsiteA",
  "13":"BombsiteA",
  "14":"BombsiteA",
  "15":"BombsiteB",
  "16":"BombsiteB",
  "17":"BombsiteB",
  "18":"BombsiteB"
 },
 "X":{
  "0":-1020.3963012695,
  "1":-995.9118652344,
  "2":-1004.1872558594,
  "3":-1004.1872558594,
  "4":-1057.7242431641,
  "5":-1057.7242431641,
  "6":1280.0223388672,
  "7":-1029.1820068359,
  "8":-1084.8885498047,
  "9":-1136.03125,
  "10":-1054.2266845703,
  "11":1312.03125,
  "12":1312.03125,
  "13":1456.9284667969,
  "14":1398.8195800781,
  "15":-1047.2794189453,
  "16":-1047.2794189453,
  "17":-1044.1303710938,
  "18":-1066.7060546875
 },
 "Y":{
  "0":776.03125,
  "1":830.0798339844,
  "2":816.6754760742,
  "3":816.6754760742,
  "4":776.03125,
  "5":776.03125,
  "6":1917.4769287109,
  "7":599.9692382812,
  "8":577.8269042969,
  "9":699.96875,
  "10":599.97265625,
  "11":2171.1850585938,
  "12":2171.1850585938,
  "13":2123.1398925781,
  "14":2110.8286132812,
  "15":599.9717407227,
  "16":599.9717407227,
  "17":599.96875,
  "18":552.5958251953
 },
 "Z":{
  "0":-1.96875,
  "1":1.9522843361,
  "2":-3.717590332,
  "3":-3.717590332,
  "4":-1.96875,
  "5":-1.96875,
  "6":-179.3892822266,
  "7":-1.96875,
  "8":-3.96875,
  "9":-1.96875,
  "10":-1.96875,
  "11":-187.1724243164,
  "12":-187.1724243164,
  "13":-191.96875,
  "14":-191.96875,
  "15":-1.96875,
  "16":-1.96875,
  "17":-1.96875,
  "18":-0.3596801758
 },
 "round":{
  "0":1,
  "1":1,
  "2":2,
  "3":2,
  "4":3,
  "5":3,
  "6":0,
  "7":4,
  "8":4,
  "9":5,
  "10":7,
  "11":8,
  "12":8,
  "13":9,
  "14":9,
  "15":10,
  "16":10,
  "17":16,
  "18":16
 }
}