{
 "tick":{
  "0":21907,
  "1":32989,
  "2":74220,
  "3":76844,
  "4":82448,
  "5":97423,
  "6":100047,
  "7":107771,
  "8":109560,
  "9":114833,
  "10":142890,
  "11":152081,
  "12":158676,
  "13":189483,
  "14":191598,
  "15":211161,
  "16":220191,
  "17":222815,
  "18":233218,
  "19":241922,
  "20":243828
 },
 "event":{
  "0":"planted",
  "1":"planted",
  "2":"planted",
  "3":"exploded",
  "4":"planted",
  "5":"planted",
  "6":"exploded",
  "7":"planted",
  "8":"defused",
  "9":"planted",
  "10":"planted",
  "11":"planted",
  "12":"planted",
  "13":"planted",
  "14":"defused",
  "15":"planted",
  "16":"planted",
  "17":"exploded",
  "18":"planted",
  "19":"planted",
  "20":"defused"
 },
 "site":{
  "0":"BombsiteA",
  "1":"BombsiteA",
  "2":"BombsiteB",
  "3":"BombsiteB",
  "4":"BombsiteB",
  "5":"BombsiteB",
  "6":"BombsiteB",
  "7":"BombsiteA",
  "8":"BombsiteA",
  "9":"BombsiteA",
  "10":"BombsiteB",
  "11":"BombsiteA",
  "12":"BombsiteA",
  "13":"BombsiteA",
  "14":"BombsiteA",
  "15":"BombsiteA",
  "16":"BombsiteB",
  "17":"BombsiteB",
  "18":"BombsiteB",
  "19":"BombsiteA",
  "20":"BombsiteA"
 },
 "X":{
  "0":-1408.7014160156,
  "1":-1209.8068847656,
  "2":1093.0635986328,
  "3":1093.0635986328,
  "4":1063.9201660156,
  "5":869.03125,
  "6":869.03125,
  "7":-1577.3333740234,
  "8":-1540.5101318359,
  "9":-1229.5537109375,
  "10":1014.7647094727,
  "11":-1235.576171875,
  "12":-1560.2863769531,
  "13":-1255.0009765625,
  "14":-1267.1424560547,
  "15":-1242.2387695312,
  "16":797.6343383789,
  "17":797.6343383789,
  "18":791.6500244141,
  "19":-1286.5812988281,
  "20":-1266.8491210938
 },
 "Y":{
  "0":735.2700195312,
  "1":893.0311279297,
  "2":-17.8250732422,
  "3":-17.8250732422,
  "4":-24.3911743164,
  "5":81.2415466309,
  "6":81.2415466309,
  "7":967.1906738281,
  "8":920.4614257812,
  "9":729.96875,
  "10":-86.3026733398,
  "11":729.96875,
  "12":967.3598022461,
  "13":729.9725952148,
  "14":671.5289916992,
  "15":729.96875,
  "16":4.9697551727,
  "17":4.9697551727,
  "18":4.9708790779,
  "19":712.9973144531,
  "20":701.3126831055
 },
 "Z":{
  "0":54.03125,
  "1":62.03125,
  "2":134.03125,
  "3":134.03125,
  "4":134.03125,
  "5":130.9011077881,
  "6":130.9011077881,
  "7":56.03125,
  "8":54.03125,
  "9":56.03125,
  "10":134.03125,
  "11":56.03125,
  "12":56.03125,
  "13":56.03125,
  "14":59.2149543762,
  "15":56.03125,
  "16":130.9011230469,
  "17":130.9011230469,
  "18":130.9011230469,
  "19":56.03125,
  "20":56.03125
 },
 "round":{
  "0":3,
  "1":4,
  "2":8,
  "3":8,
  "4":9,
  "5":11,
  "6":11,
  "7":12,
  "8":12,
  "9":13,
  "10":16,
  "11":17,
  "12":18,
  "13":23,
  "14":23,
  "15":25,
  "16":26,
  "17":26,
  "18":27,
  "19":28,
  "20":28
 }
}