{"tick":{"0":14075,"1":15844,"2":39473,"3":42097,"4":61442,"5":64066,"6":72626,"7":87204,"8":89828,"9":95640,"10":96498,"11":109450,"12":112074,"13":117971,"14":120595,"15":127224,"16":129848,"17":142067,"18":148171,"19":150795,"20":162159},"event":{"0":"planted","1":"defused","2":"planted","3":"exploded","4":"planted","5":"exploded","6":"planted","7":"planted","8":"exploded","9":"planted","10":"defused","11":"planted","12":"exploded","13":"planted","14":"exploded","15":"planted","16":"exploded","17":"planted","18":"planted","19":"exploded","20":"planted"},"site":{"0":"BombsiteB","1":"BombsiteB","2":"BombsiteA","3":"BombsiteA","4":"BombsiteA","5":"BombsiteA","6":"BombsiteB","7":"BombsiteA","8":"BombsiteA","9":"BombsiteA","10":"BombsiteA","11":"BombsiteB","12":"BombsiteB","13":"BombsiteB","14":"BombsiteB","15":"BombsiteB","16":"BombsiteB","17":"BombsiteA","18":"BombsiteB","19":"BombsiteB","20":"BombsiteA"},"X":{"0":-1987.03125,"1":-1991.4489746094,"2":-462.7426757812,"3":-462.7426757812,"4":-614.6478271484,"5":-614.6478271484,"6":-1987.03125,"7":-470.9685058594,"8":-470.9685058594,"9":-253.0354003906,"10":-193.474609375,"11":-1988.9356689453,"12":-1988.9356689453,"13":-2074.5942382812,"14":-2074.5942382812,"15":-1889.9533691406,"16":-1889.9533691406,"17":-380.4329833984,"18":-1893.1763916016,"19":-1893.1763916016,"20":-285.819152832},"Y":{"0":405.9552612305,"1":411.7073669434,"2":-2010.0611572266,"3":-2010.0611572266,"4":-2162.3134765625,"5":-2162.3134765625,"6":441.744934082,"7":-1981.8715820312,"8":-1981.8715820312,"9":-2136.9553222656,"10":-2136.8474121094,"11":441.3102416992,"12":441.3102416992,"13":208.9156341553,"14":208.9156341553,"15":242.03125,"16":242.03125,"17":-2042.2581787109,"18":242.028717041,"19":242.028717041,"20":-2159.4643554688},"Z":{"0":-159.96875,"1":-159.96875,"2":-179.96875,"3":-179.96875,"4":-179.96875,"5":-179.96875,"6":-159.96875,"7":-179.96875,"8":-179.96875,"9":-172.9919433594,"10":-167.96875,"11":-159.96875,"12":-159.96875,"13":-159.96875,"14":-159.96875,"15":-159.96875,"16":-159.96875,"17":-179.96875,"18":-159.96875,"19":-159.96875,"20":-173.8748168945},"round":{"0":1,"1":1,"2":5,"3":5,"4":7,"5":7,"6":8,"7":10,"8":10,"9":11,"10":11,"11":13,"12":13,"13":14,"14":14,"15":15,"16":15,"17":16,"18":17,"19":17,"20":19}}