{"tick":{"0":11157,"1":13781,"2":19081,"3":25271,"4":53517,"5":56141},"event":{"0":"planted","1":"exploded","2":"planted","3":"planted","4":"planted","5":"exploded"},"site":{"0":"BombsiteA","1":"BombsiteA","2":"BombsiteA","3":"BombsiteA","4":"BombsiteA","5":"BombsiteA"},"X":{"0":-272.6568603516,"1":-272.6568603516,"2":-381.0863037109,"3":-502.2124023438,"4":-461.4758300781,"5":-461.4758300781},"Y":{"0":-2156.6889648438,"1":-2156.6889648438,"2":-2128.0939941406,"3":-1990.3232421875,"4":-2000.7990722656,"5":-2000.7990722656},"Z":{"0":-173.5365600586,"1":-173.5365600586,"2":-179.96875,"3":-179.96875,"4":-179.96875,"5":-179.96875},"round":{"0":2,"1":2,"2":3,"3":4,"4":8,"5":8}}