{"tick":{"0":7142,"1":9766,"2":17003,"3":19627,"4":25774,"5":51854,"6":88712,"7":96026,"8":103474,"9":106098,"10":130159,"11":132783,"12":140448,"13":147886,"14":154069},"event":{"0":"planted","1":"exploded","2":"planted","3":"exploded","4":"planted","5":"planted","6":"planted","7":"planted","8":"planted","9":"exploded","10":"planted","11":"exploded","12":"planted","13":"planted","14":"planted"},"site":{"0":"BombsiteA","1":"BombsiteA","2":"BombsiteA","3":"BombsiteA","4":"BombsiteA","5":"BombsiteA","6":"BombsiteA","7":"BombsiteB","8":"BombsiteA","9":"BombsiteA","10":"BombsiteA","11":"BombsiteA","12":"BombsiteA","13":"BombsiteA","14":"BombsiteB"},"X":{"0":2110.8955078125,"1":2110.8955078125,"2":1966.03125,"3":1966.03125,"4":2102.4853515625,"5":1966.03125,"6":2092.9538574219,"7":312.6871948242,"8":2003.5927734375,"9":2003.5927734375,"10":2013.96875,"11":2013.96875,"12":1876.96875,"13":2094.0104980469,"14":546.7760009766},"Y":{"0":545.0346679688,"1":545.0346679688,"2":721.96875,"3":721.96875,"4":180.6053924561,"5":721.96875,"6":181.9920501709,"7":2576.9833984375,"8":721.96875,"9":721.96875,"10":721.96875,"11":721.96875,"12":693.96875,"13":631.9562988281,"14":2948.2836914062},"Z":{"0":160.03125,"1":160.03125,"2":160.03125,"3":160.03125,"4":160.03125,"5":160.03125,"6":160.03125,"7":161.53125,"8":160.03125,"9":160.03125,"10":160.03125,"11":160.03125,"12":160.0199584961,"13":160.03125,"14":161.5312347412},"round":{"0":1,"1":1,"2":2,"3":2,"4":3,"5":6,"6":12,"7":13,"8":14,"9":14,"10":17,"11":17,"12":18,"13":19,"14":20}}