{
 "tick":{
  "0":19899,
  "1":33041,
  "2":35665,
  "3":41346,
  "4":48183,
  "5":61180,
  "6":63058,
  "7":85745,
  "8":88815,
  "9":92848,
  "10":95472,
  "11":106440
 },
 "event":{
  "0":"planted",
  "1":"planted",
  "2":"exploded",
  "3":"planted",
  "4":"planted",
  "5":"planted",
  "6":"defused",
  "7":"planted",
  "8":"planted",
  "9":"planted",
  "10":"exploded",
  "11":"planted"
 },
 "site":{
  "0":"BombsiteB",
  "1":"BombsiteA",
  "2":"BombsiteA",
  "3":"BombsiteB",
  "4":"BombsiteB",
  "5":"BombsiteB",
  "6":"BombsiteB",
  "7":"BombsiteA",
  "8":"BombsiteB",
  "9":"BombsiteB",
  "10":"BombsiteB",
  "11":"BombsiteB"
 },
 "X":{
  "0":-1136.03125,
  "1":1230.9020996094,
  "2":1230.9020996094,
  "3":-1136.03125,
  "4":-1136.03125,
  "5":-1053.5893554688,
  "6":-1008.2503662109,
  "7":1239.6662597656,
  "8":-1185.9906005859,
  "9":-1065.7017822266,
  "10":-1065.7017822266,
  "11":-1051.1644287109
 },
 "Y":{
  "0":699.96875,
  "1":1995.5451660156,
  "2":1995.5451660156,
  "3":699.96875,
  "4":699.96875,
  "5":599.96875,
  "6":561.0008544922,
  "7":1784.1791992188,
  "8":540.5921630859,
  "9":599.9723510742,
  "10":599.9723510742,
  "11":599.96875
 },
 "Z":{
  "0":-1.96875,
  "1":-191.96875,
  "2":-191.96875,
  "3":-1.96875,
  "4":-1.96875,
  "5":-1.96875,
  "6":-3.96875,
  "7":-191.96875,
  "8":0.0312514305,
  "9":-1.96875,
  "10":-1.96875,
  "11":-1.96875
 },
 "round":{
  "0":3,
  "1":5,
  "2":5,
  "3":6,
  "4":7,
  "5":9,
  "6":9,
  "7":13,
  "8":14,
  "9":15,
  "10":15,
  "11":17
 }
}