{"tick":{"0":5642,"1":13213,"2":22015,"3":32738,"4":35362,"5":39547,"6":42171,"7":66119,"8":67597,"9":93045,"10":102646,"11":104308,"12":128046,"13":140371,"14":142995,"15":150915,"16":161100,"17":163724,"18":170405,"19":182547,"20":184562,"21":193480,"22":196104,"23":202368},"event":{"0":"planted","1":"planted","2":"planted","3":"planted","4":"exploded","5":"planted","6":"exploded","7":"planted","8":"defused","9":"planted","10":"planted","11":"defused","12":"planted","13":"planted","14":"exploded","15":"planted","16":"planted","17":"exploded","18":"planted","19":"planted","20":"defused","21":"planted","22":"exploded","23":"planted"},"site":{"0":"BombsiteB","1":"BombsiteA","2":"BombsiteA","3":"BombsiteB","4":"BombsiteB","5":"BombsiteB","6":"BombsiteB","7":"BombsiteB","8":"BombsiteB","9":"BombsiteB","10":"BombsiteA","11":"BombsiteA","12":"BombsiteB","13":"BombsiteA","14":"BombsiteA","15":"BombsiteA","16":"BombsiteA","17":"BombsiteA","18":"BombsiteB","19":"BombsiteB","20":"BombsiteB","21":"BombsiteB","22":"BombsiteB","23":"BombsiteB"},"X":{"0":494.8842163086,"1":1966.6080322266,"2":1819.03125,"3":540.791809082,"4":540.791809082,"5":573.7418212891,"6":573.7418212891,"7":547.1557617188,"8":499.561340332,"9":484.0335083008,"10":1919.5172119141,"11":1978.7347412109,"12":490.6397705078,"13":1955.3853759766,"14":1955.3853759766,"15":2004.802734375,"16":1949.03125,"17":1949.03125,"18":176.4706420898,"19":284.9212036133,"20":244.3670349121,"21":537.5328979492,"22":537.5328979492,"23":547.6022949219},"Y":{"0":2555.08984375,"1":721.96875,"2":273.6863098145,"3":2940.2048339844,"4":2940.2048339844,"5":2883.96875,"6":2883.96875,"7":2952.6389160156,"8":2987.6396484375,"9":2676.5361328125,"10":317.0306091309,"11":334.8130187988,"12":2577.890625,"13":696.96875,"14":696.96875,"15":479.9325866699,"16":696.96875,"17":696.96875,"18":2780.7033691406,"19":2931.9970703125,"20":2886.2861328125,"21":2962.2507324219,"22":2962.2507324219,"23":2957.7795410156},"Z":{"0":166.03125,"1":160.03125,"2":161.0312194824,"3":161.5312347412,"4":161.5312347412,"5":168.0312347412,"6":168.0312347412,"7":161.5312347412,"8":161.53125,"9":164.03125,"10":161.03125,"11":160.03125,"12":161.5312347412,"13":160.03125,"14":160.03125,"15":160.03125,"16":160.03125,"17":160.03125,"18":164.03125,"19":164.03125,"20":161.5312652588,"21":161.5312347412,"22":161.5312347412,"23":161.5312347412},"round":{"0":0,"1":1,"2":2,"3":3,"4":3,"5":4,"6":4,"7":8,"8":8,"9":11,"10":12,"11":12,"12":14,"13":15,"14":15,"15":16,"16":17,"17":17,"18":18,"19":19,"20":19,"21":20,"22":20,"23":21}}