{
 "tick":{
  "0":17138,
  "1":23706,
  "2":26330,
  "3":40349,
  "4":57033,
  "5":58885,
  "6":65494,
  "7":76846,
  "8":79470,
  "9":89693,
  "10":91428,
  "11":97252,
  "12":98796,
  "13":116698,
  "14":124496,
  "15":126510
 },
 "event":{
  "0":"planted",
  "1":"planted",
  "2":"exploded",
  "3":"planted",
  "4":"planted",
  "5":"defused",
  "6":"planted",
  "7":"planted",
  "8":"exploded",
  "9":"planted",
  "10":"defused",
  "11":"planted",
  "12":"defused",
  "13":"planted",
  "14":"planted",
  "15":"defused"
 },
 "site":{
  "0":"BombsiteA",
  "1":"BombsiteB",
  "2":"BombsiteB",
  "3":"BombsiteA",
  "4":"BombsiteA",
  "5":"BombsiteA",
  "6":"BombsiteA",
  "7":"BombsiteB",
  "8":"BombsiteB",
  "9":"BombsiteB",
  "10":"BombsiteB",
  "11":"BombsiteB",
  "12":"BombsiteB",
  "13":"BombsiteB",
  "14":"BombsiteA",
  "15":"BombsiteA"
 },
 "X":{
  "0":-2518.7687988281,
  "1":-1166.2796630859,
  "2":-1166.2796630859,
  "3":-2142.9597167969,
  "4":-2074.77734375,
  "5":-2057.109375,
  "6":-2174.3334960938,
  "7":-1166.3054199219,
  "8":-1166.3054199219,
  "9":-1166.2501220703,
  "10":-1156.2119140625,
  "11":-1166.3529052734,
  "12":-1201.0860595703,
  "13":-1165.6783447266,
  "14":-2579.9836425781,
  "15":-2614.2919921875
 },
 "Y":{
  "0":657.6372070312,
  "1":-89.8154296875,
  "2":-89.8154296875,
  "3":573.419128418,
  "4":679.419128418,
  "5":736.2025146484,
  "6":521.8148803711,
  "7":-96.3154907227,
  "8":-96.3154907227,
  "9":-65.6854248047,
  "10":-6.6008911133,
  "11":13.2549161911,
  "12":46.9489784241,
  "13":-100.6602783203,
  "14":640.426940918,
  "15":633.067565918
 },
 "Z":{
  "0":484.03125,
  "1":103.8398208618,
  "2":103.8398208618,
  "3":522.2031860352,
  "4":476.03125,
  "5":476.0312805176,
  "6":484.0312194824,
  "7":103.9920272827,
  "8":103.9920272827,
  "9":103.6652679443,
  "10":103.53125,
  "11":104.2726287842,
  "12":103.5312576294,
  "13":103.53125,
  "14":484.0312805176,
  "15":484.03125
 },
 "round":{
  "0":2,
  "1":3,
  "2":3,
  "3":5,
  "4":7,
  "5":7,
  "6":8,
  "7":9,
  "8":9,
  "9":11,
  "10":11,
  "11":12,
  "12":12,
  "13":15,
  "14":16,
  "15":16
 }
}