{
 "tick":{
  "0":4895,
  "1":10936,
  "2":13560,
  "3":33737,
  "4":34632,
  "5":72221,
  "6":74845,
  "7":81631,
  "8":84255,
  "9":107815,
  "10":109166,
  "11":115217,
  "12":116989
 },
 "event":{
  "0":"planted",
  "1":"planted",
  "2":"exploded",
  "3":"planted",
  "4":"defused",
  "5":"planted",
  "6":"exploded",
  "7":"planted",
  "8":"exploded",
  "9":"planted",
  "10":"defused",
  "11":"planted",
  "12":"defused"
 },
 "site":{
  "0":"BombsiteB",
  "1":"BombsiteA",
  "2":"BombsiteA",
  "3":"BombsiteA",
  "4":"BombsiteA",
  "5":"BombsiteB",
  "6":"BombsiteB",
  "7":"BombsiteA",
  "8":"BombsiteA",
  "9":"BombsiteA",
  "10":"BombsiteA",
  "11":"BombsiteB",
  "12":"BombsiteB"
 },
 "X":{
  "0":-2216.03125,
  "1":-358.1622314453,
  "2":-358.1622314453,
  "3":-342.2222900391,
  "4":-281.8497314453,
  "5":-2216.03125,
  "6":-2216.03125,
  "7":-358.3654785156,
  "8":-358.3654785156,
  "9":-365.2722167969,
  "10":-422.6727294922,
  "11":-2216.03125,
  "12":-2225.7744140625
 },
 "Y":{
  "0":879.1676025391,
  "1":-685.2903442383,
  "2":-685.2903442383,
  "3":-726.2042236328,
  "4":-726.0841064453,
  "5":867.6517944336,
  "6":867.6517944336,
  "7":-713.0715942383,
  "8":-713.0715942383,
  "9":-686.8701782227,
  "10":-667.9432373047,
  "11":883.2445678711,
  "12":823.9643554688
 },
 "Z":{
  "0":11744.03125,
  "1":11774.4423828125,
  "2":11774.4423828125,
  "3":11776.03125,
  "4":11776.03125,
  "5":11744.03125,
  "6":11744.03125,
  "7":11776.03125,
  "8":11776.03125,
  "9":11774.640625,
  "10":11774.03125,
  "11":11744.03125,
  "12":11744.03125
 },
 "round":{
  "0":0,
  "1":1,
  "2":1,
  "3":4,
  "4":4,
  "5":9,
  "6":9,
  "7":10,
  "8":10,
  "9":12,
  "10":12,
  "11":13,
  "12":13
 }
}