{"tick":{"0":18605,"1":21229,"2":29731,"3":32355,"4":50067,"5":57768,"6":60392,"7":83317,"8":92996,"9":100376,"10":101664,"11":110040,"12":112664,"13":146945,"14":147790,"15":154052,"16":156056},"event":{"0":"planted","1":"exploded","2":"planted","3":"exploded","4":"planted","5":"planted","6":"exploded","7":"planted","8":"planted","9":"planted","10":"defused","11":"planted","12":"exploded","13":"planted","14":"defused","15":"planted","16":"defused"},"site":{"0":"BombsiteB","1":"BombsiteB","2":"BombsiteB","3":"BombsiteB","4":"BombsiteA","5":"BombsiteB","6":"BombsiteB","7":"BombsiteB","8":"BombsiteA","9":"BombsiteB","10":"BombsiteB","11":"BombsiteB","12":"BombsiteB","13":"BombsiteA","14":"BombsiteA","15":"BombsiteA","16":"BombsiteA"},"X":{"0":348.0504760742,"1":348.0504760742,"2":340.03125,"3":340.03125,"4":736.1715698242,"5":633.0628662109,"6":633.0628662109,"7":846.5223388672,"8":772.0399780273,"9":632.7509155273,"10":694.1983642578,"11":620.7121582031,"12":620.7121582031,"13":779.1007080078,"14":750.0990600586,"15":740.126953125,"16":684.3527832031},"Y":{"0":-692.596496582,"1":-692.596496582,"2":-699.647644043,"3":-699.647644043,"4":-605.9689941406,"5":-1318.0692138672,"6":-1318.0692138672,"7":-1149.4808349609,"8":-854.6312866211,"9":-1256.1877441406,"10":-1261.55859375,"11":-1313.8024902344,"12":-1313.8024902344,"13":-605.9686279297,"14":-593.7580566406,"15":-780.9458007812,"16":-787.4478759766},"Z":{"0":-765.96875,"1":-765.96875,"2":-765.96875,"3":-765.96875,"4":-399.9682617188,"5":-765.96875,"6":-765.96875,"7":-765.96875,"8":-399.9682617188,"9":-768.84375,"10":-769.96875,"11":-765.96875,"12":-765.96875,"13":-399.9683837891,"14":-399.9682617188,"15":-399.9682617188,"16":-407.6030273438},"round":{"0":4,"1":4,"2":5,"3":5,"4":7,"5":8,"6":8,"7":11,"8":12,"9":13,"10":13,"11":14,"12":14,"13":18,"14":18,"15":19,"16":19}}