{
 "tick":{
  "0":29961,
  "1":31593,
  "2":39010,
  "3":40666,
  "4":63943,
  "5":65866,
  "6":75844,
  "7":77974,
  "8":111962,
  "9":113523,
  "10":121764,
  "11":122573,
  "12":158793,
  "13":159398,
  "14":167031
 },
 "event":{
  "0":"planted",
  "1":"defused",
  "2":"planted",
  "3":"defused",
  "4":"planted",
  "5":"defused",
  "6":"planted",
  "7":"defused",
  "8":"planted",
  "9":"defused",
  "10":"planted",
  "11":"defused",
  "12":"planted",
  "13":"defused",
  "14":"planted"
 },
 "site":{
  "0":"BombsiteA",
  "1":"BombsiteA",
  "2":"BombsiteA",
  "3":"BombsiteA",
  "4":"BombsiteB",
  "5":"BombsiteB",
  "6":"BombsiteA",
  "7":"BombsiteA",
  "8":"BombsiteA",
  "9":"BombsiteA",
  "10":"BombsiteA",
  "11":"BombsiteA",
  "12":"BombsiteA",
  "13":"BombsiteA",
  "14":"BombsiteB"
 },
 "X":{
  "0":-610.8459472656,
  "1":-556.1553955078,
  "2":-561.7994384766,
  "3":-506.16796875,
  "4":-1912.5428466797,
  "5":-1851.1593017578,
  "6":-487.7565307617,
  "7":-448.3266601562,
  "8":-429.8259277344,
  "9":-374.0259399414,
  "10":-497.9808349609,
  "11":-444.6956787109,
  "12":-608.1397094727,
  "13":-548.2535400391,
  "14":-1988.7985839844
 },
 "Y":{
  "0":-2160.1313476562,
  "1":-2167.6135253906,
  "2":-1977.1015625,
  "3":-1953.0283203125,
  "4":242.03125,
  "5":248.577835083,
  "6":-2002.4897460938,
  "7":-1954.6713867188,
  "8":-1982.0738525391,
  "9":-2005.5809326172,
  "10":-2013.7575683594,
  "11":-1985.3592529297,
  "12":-2158.5739746094,
  "13":-2150.4909667969,
  "14":421.2359313965
 },
 "Z":{
  "0":-179.96875,
  "1":-179.96875,
  "2":-179.96875,
  "3":-179.96875,
  "4":-159.96875,
  "5":-159.96875,
  "6":-179.96875,
  "7":-179.96875,
  "8":-179.96875,
  "9":-177.9078369141,
  "10":-172.9290161133,
  "11":-179.96875,
  "12":-179.96875,
  "13":-179.96875,
  "14":-159.96875
 },
 "round":{
  "0":5,
  "1":5,
  "2":6,
  "3":6,
  "4":9,
  "5":9,
  "6":11,
  "7":11,
  "8":16,
  "9":16,
  "10":17,
  "11":17,
  "12":21,
  "13":21,
  "14":22
 }
}