{
 "tick":{
  "0":7717,
  "1":9565,
  "2":16725,
  "3":19349,
  "4":24811,
  "5":34584,
  "6":47455,
  "7":53472,
  "8":68903,
  "9":84961,
  "10":86762,
  "11":98205,
  "12":100635,
  "13":104631,
  "14":106346
 },
 "event":{
  "0":"planted",
  "1":"defused",
  "2":"planted",
  "3":"exploded",
  "4":"planted",
  "5":"planted",
  "6":"planted",
  "7":"planted",
  "8":"planted",
  "9":"planted",
  "10":"defused",
  "11":"planted",
  "12":"defused",
  "13":"planted",
  "14":"defused"
 },
 "site":{
  "0":"BombsiteB",
  "1":"BombsiteB",
  "2":"BombsiteB",
  "3":"BombsiteB",
  "4":"BombsiteB",
  "5":"BombsiteB",
  "6":"BombsiteA",
  "7":"BombsiteB",
  "8":"BombsiteA",
  "9":"BombsiteA",
  "10":"BombsiteA",
  "11":"BombsiteB",
  "12":"BombsiteB",
  "13":"BombsiteB",
  "14":"BombsiteB"
 },
 "X":{
  "0":869.03125,
  "1":878.8380126953,
  "2":869.03125,
  "3":869.03125,
  "4":779.8029174805,
  "5":738.1665039062,
  "6":-1547.6932373047,
  "7":777.2658081055,
  "8":-1280.03125,
  "9":-1571.3303222656,
  "10":-1524.2114257812,
  "11":1024.3315429688,
  "12":972.8597412109,
  "13":819.360168457,
  "14":769.5701293945
 },
 "Y":{
  "0":68.8566131592,
  "1":26.7950992584,
  "2":76.5085983276,
  "3":76.5085983276,
  "4":4.9687490463,
  "5":161.7261962891,
  "6":709.0796508789,
  "7":4.8196763992,
  "8":793.3618164062,
  "9":711.8379516602,
  "10":674.4187011719,
  "11":61.3150291443,
  "12":93.1768188477,
  "13":4.96875,
  "14":-3.9470825195
 },
 "Z":{
  "0":130.9011077881,
  "1":130.9011077881,
  "2":130.9011077881,
  "3":130.9011077881,
  "4":130.9011230469,
  "5":130.03125,
  "6":56.03125,
  "7":130.9011230469,
  "8":54.03125,
  "9":56.03125,
  "10":58.3043632507,
  "11":130.9011077881,
  "12":130.9011077881,
  "13":130.9011230469,
  "14":130.9011230469
 },
 "round":{
  "0":1,
  "1":1,
  "2":3,
  "3":3,
  "4":4,
  "5":5,
  "6":7,
  "7":8,
  "8":11,
  "9":12,
  "10":12,
  "11":15,
  "12":15,
  "13":16,
  "14":16
 }
}