{
 "tick":{
  "0":4874,
  "1":6916,
  "2":32792,
  "3":33989,
  "4":44060,
  "5":45671,
  "6":91795
 },
 "event":{
  "0":"planted",
  "1":"defused",
  "2":"planted",
  "3":"defused",
  "4":"planted",
  "5":"defused",
  "6":"planted"
 },
 "site":{
  "0":"BombsiteA",
  "1":"BombsiteA",
  "2":"BombsiteB",
  "3":"BombsiteB",
  "4":"BombsiteA",
  "5":"BombsiteA",
  "6":"BombsiteA"
 },
 "X":{
  "0":-331.7667236328,
  "1":-290.8450927734,
  "2":-2216.03125,
  "3":-2230.3559570312,
  "4":-394.7095947266,
  "5":-398.5583496094,
  "6":-360.6871337891
 },
 "Y":{
  "0":-537.428527832,
  "1":-557.4912109375,
  "2":872.3000488281,
  "3":815.4625854492,
  "4":-699.9505615234,
  "5":-731.4011230469,
  "6":-685.8514404297
 },
 "Z":{
  "0":11776.03125,
  "1":11774.3466796875,
  "2":11744.03125,
  "3":11744.03125,
  "4":11776.03125,
  "5":11776.03125,
  "6":11774.5126953125
 },
 "round":{
  "0":1,
  "1":1,
  "2":5,
  "3":5,
  "4":7,
  "5":7,
  "6":13
 }
}