{
 "tick":{
  "0":79262,
  "1":81024,
  "2":87764,
  "3":119641
 },
 "event":{
  "0":"planted",
  "1":"defused",
  "2":"planted",
  "3":"planted"
 },
 "site":{
  "0":"BombsiteA",
  "1":"BombsiteA",
  "2":"BombsiteA",
  "3":"BombsiteA"
 },
 "X":{
  "0":-2131.2202148438,
  "1":-2076.1154785156,
  "2":-2552.8642578125,
  "3":-2568.2810058594
 },
 "Y":{
  "0":579.2382202148,
  "1":571.6107177734,
  "2":644.7050170898,
  "3":642.2874755859
 },
 "Z":{
  "0":522.2415771484,
  "1":527.436340332,
  "2":484.0312805176,
  "3":484.03125
 },
 "round":{
  "0":11,
  "1":11,
  "2":12,
  "3":16
 }
}