{"tick":{"0":12094,"1":16589,"2":21610,"3":30202,"4":32826,"5":38287,"6":40911,"7":54643,"8":73465,"9":76089,"10":81881,"11":116627,"12":119251,"13":127089,"14":129713,"15":137708},"event":{"0":"planted","1":"planted","2":"planted","3":"planted","4":"exploded","5":"planted","6":"exploded","7":"planted","8":"planted","9":"exploded","10":"planted","11":"planted","12":"exploded","13":"planted","14":"exploded","15":"planted"},"site":{"0":"BombsiteB","1":"BombsiteB","2":"BombsiteB","3":"BombsiteB","4":"BombsiteB","5":"BombsiteA","6":"BombsiteA","7":"BombsiteA","8":"BombsiteB","9":"BombsiteB","10":"BombsiteA","11":"BombsiteB","12":"BombsiteB","13":"BombsiteB","14":"BombsiteB","15":"BombsiteA"},"X":{"0":-1920.6383056641,"1":-2017.01953125,"2":-2020.2677001953,"3":-1987.0281982422,"4":-1987.0281982422,"5":-266.5861816406,"6":-266.5861816406,"7":-493.6120605469,"8":-1969.03125,"9":-1969.03125,"10":-271.4973144531,"11":-1879.0041503906,"12":-1879.0041503906,"13":-1987.03125,"14":-1987.03125,"15":-583.9807739258},"Y":{"0":242.0294189453,"1":420.7304077148,"2":450.7892150879,"3":415.9449462891,"4":415.9449462891,"5":-2154.3684082031,"6":-2154.3684082031,"7":-2026.2518310547,"8":450.03125,"9":450.03125,"10":-2162.1171875,"11":257.216217041,"12":257.216217041,"13":396.1697692871,"14":396.1697692871,"15":-2144.6916503906},"Z":{"0":-159.96875,"1":-159.96875,"2":-159.96875,"3":-159.96875,"4":-159.96875,"5":-173.4730224609,"6":-173.4730224609,"7":-179.96875,"8":-159.96875,"9":-159.96875,"10":-173.0025024414,"11":-159.96875,"12":-159.96875,"13":-159.96875,"14":-159.96875,"15":-179.96875},"round":{"0":0,"1":1,"2":2,"3":3,"4":3,"5":4,"6":4,"7":6,"8":9,"9":9,"10":10,"11":14,"12":14,"13":15,"14":15,"15":16}}