{
 "tick":{
  "0":9657,
  "1":11306,
  "2":69674,
  "3":84758,
  "4":88410
 },
 "event":{
  "0":"planted",
  "1":"defused",
  "2":"planted",
  "3":"planted",
  "4":"planted"
 },
 "site":{
  "0":"BombsiteB",
  "1":"BombsiteB",
  "2":"BombsiteA",
  "3":"BombsiteA",
  "4":"BombsiteB"
 },
 "X":{
  "0":-2217.1911621094,
  "1":-2275.5053710938,
  "2":-374.873046875,
  "3":-374.0164794922,
  "4":-2216.2807617188
 },
 "Y":{
  "0":884.0443725586,
  "1":893.0791015625,
  "2":-689.0158081055,
  "3":-688.813659668,
  "4":889.1526489258
 },
 "Z":{
  "0":11744.03125,
  "1":11744.03125,
  "2":11774.908203125,
  "3":11774.8828125,
  "4":11744.03125
 },
 "round":{
  "0":2,
  "1":2,
  "2":12,
  "3":13,
  "4":14
 }
}