{
 "tick":{
  "0":13177,
  "1":15684,
  "2":21944,
  "3":23792,
  "4":29667,
  "5":39976,
  "6":46879,
  "7":55522,
  "8":69817,
  "9":70673,
  "10":78107,
  "11":80731,
  "12":125576,
  "13":127087,
  "14":148524,
  "15":156402,
  "16":173921,
  "17":174715,
  "18":180777,
  "19":183401
 },
 "event":{
  "0":"planted",
  "1":"defused",
  "2":"planted",
  "3":"defused",
  "4":"planted",
  "5":"planted",
  "6":"planted",
  "7":"planted",
  "8":"planted",
  "9":"defused",
  "10":"planted",
  "11":"exploded",
  "12":"planted",
  "13":"defused",
  "14":"planted",
  "15":"planted",
  "16":"planted",
  "17":"defused",
  "18":"planted",
  "19":"exploded"
 },
 "site":{
  "0":"BombsiteA",
  "1":"BombsiteA",
  "2":"BombsiteB",
  "3":"BombsiteB",
  "4":"BombsiteA",
  "5":"BombsiteA",
  "6":"BombsiteB",
  "7":"BombsiteA",
  "8":"BombsiteB",
  "9":"BombsiteB",
  "10":"BombsiteB",
  "11":"BombsiteB",
  "12":"BombsiteA",
  "13":"BombsiteA",
  "14":"BombsiteA",
  "15":"BombsiteB",
  "16":"BombsiteA",
  "17":"BombsiteA",
  "18":"BombsiteA",
  "19":"BombsiteA"
 },
 "X":{
  "0":-1251.9428710938,
  "1":-1305.2312011719,
  "2":887.2415161133,
  "3":915.3912963867,
  "4":-1255.5502929688,
  "5":-1258.1998291016,
  "6":789.7260742188,
  "7":-1491.4587402344,
  "8":968.7431030273,
  "9":1009.0653076172,
  "10":890.8375244141,
  "11":890.8375244141,
  "12":-1564.0360107422,
  "13":-1524.3922119141,
  "14":-1280.03125,
  "15":774.3387451172,
  "16":-1261.5211181641,
  "17":-1202.2012939453,
  "18":-1280.03125,
  "19":-1280.03125
 },
 "Y":{
  "0":729.96875,
  "1":700.3227539062,
  "2":66.025100708,
  "3":12.1570005417,
  "4":726.4661254883,
  "5":729.96875,
  "6":4.96875,
  "7":704.7489624023,
  "8":213.4113616943,
  "9":207.4555664062,
  "10":30.4583969116,
  "11":30.4583969116,
  "12":709.4652099609,
  "13":710.8417358398,
  "14":787.0453491211,
  "15":4.9687509537,
  "16":728.3219604492,
  "17":711.051940918,
  "18":793.96875,
  "19":793.96875
 },
 "Z":{
  "0":56.03125,
  "1":56.03125,
  "2":130.9011077881,
  "3":130.03125,
  "4":56.03125,
  "5":56.03125,
  "6":130.9011230469,
  "7":56.03125,
  "8":134.03125,
  "9":134.03125,
  "10":130.03125,
  "11":130.03125,
  "12":56.03125,
  "13":56.03125,
  "14":54.03125,
  "15":130.9011230469,
  "16":56.03125,
  "17":56.03125,
  "18":54.03125,
  "19":54.03125
 },
 "round":{
  "0":0,
  "1":0,
  "2":1,
  "3":1,
  "4":2,
  "5":4,
  "6":5,
  "7":6,
  "8":8,
  "9":8,
  "10":9,
  "11":9,
  "12":15,
  "13":15,
  "14":18,
  "15":19,
  "16":21,
  "17":21,
  "18":22,
  "19":22
 }
}