{
 "tick":{
  "0":76000,
  "1":113977,
  "2":120758,
  "3":123235,
  "4":136233
 },
 "event":{
  "0":"planted",
  "1":"planted",
  "2":"planted",
  "3":"defused",
  "4":"planted"
 },
 "site":{
  "0":"BombsiteB",
  "1":"BombsiteB",
  "2":"BombsiteB",
  "3":"BombsiteB",
  "4":"BombsiteB"
 },
 "X":{
  "0":340.0296325684,
  "1":633.4892578125,
  "2":559.9689941406,
  "3":524.4309692383,
  "4":342.4259338379
 },
 "Y":{
  "0":-699.8422851562,
  "1":-1256.03125,
  "2":-1170.08984375,
  "3":-1218.7629394531,
  "4":-691.9705810547
 },
 "Z":{
  "0":-765.96875,
  "1":-768.84375,
  "2":-769.96875,
  "3":-769.96875,
  "4":-765.96875
 },
 "round":{
  "0":8,
  "1":13,
  "2":14,
  "3":14,
  "4":16
 }
}