{"tick":{"0":50893,"1":53517,"2":68107,"3":70731,"4":76208,"5":78832,"6":85047,"7":87356,"8":91233,"9":93857,"10":106296,"11":110159,"12":112783,"13":128250,"14":130874,"15":137267,"16":148856},"event":{"0":"planted","1":"exploded","2":"planted","3":"exploded","4":"planted","5":"exploded","6":"planted","7":"defused","8":"planted","9":"exploded","10":"planted","11":"planted","12":"exploded","13":"planted","14":"exploded","15":"planted","16":"planted"},"site":{"0":"BombsiteA","1":"BombsiteA","2":"BombsiteB","3":"BombsiteB","4":"BombsiteA","5":"BombsiteA","6":"BombsiteA","7":"BombsiteA","8":"BombsiteA","9":"BombsiteA","10":"BombsiteB","11":"BombsiteA","12":"BombsiteA","13":"BombsiteA","14":"BombsiteA","15":"BombsiteB","16":"BombsiteA"},"X":{"0":-435.9641723633,"1":-435.9641723633,"2":-1969.0311279297,"3":-1969.0311279297,"4":-273.1716308594,"5":-273.1716308594,"6":-318.2126464844,"7":-274.8870849609,"8":-613.5323486328,"9":-613.5323486328,"10":-1969.03125,"11":-504.3991699219,"12":-504.3991699219,"13":-494.4459838867,"14":-494.4459838867,"15":-1987.03125,"16":-296.9564208984},"Y":{"0":-2010.2290039062,"1":-2010.2290039062,"2":450.03125,"3":450.03125,"4":-2156.1140136719,"5":-2156.1140136719,"6":-2032.1716308594,"7":-1998.9711914062,"8":-2174.3439941406,"9":-2174.3439941406,"10":450.03125,"11":-1976.5777587891,"12":-1976.5777587891,"13":-2004.6463623047,"14":-2004.6463623047,"15":414.4301757812,"16":-2162.4182128906},"Z":{"0":-179.96875,"1":-179.96875,"2":-159.96875,"3":-159.96875,"4":-173.610534668,"5":-173.610534668,"6":-174.1284790039,"7":-168.8017578125,"8":-179.96875,"9":-179.96875,"10":-159.96875,"11":-179.96875,"12":-179.96875,"13":-179.96875,"14":-179.96875,"15":-159.96875,"16":-174.1072998047},"round":{"0":7,"1":7,"2":8,"3":8,"4":9,"5":9,"6":10,"7":10,"8":11,"9":11,"10":13,"11":14,"12":14,"13":16,"14":16,"15":17,"16":19}}