{"tick":{"0":6337,"1":8961,"2":14582,"3":27433,"4":28580,"5":36693,"6":38822,"7":62710,"8":64367,"9":105166,"10":110078,"11":115434},"event":{"0":"planted","1":"exploded","2":"planted","3":"planted","4":"defused","5":"planted","6":"defused","7":"planted","8":"defused","9":"planted","10":"planted","11":"planted"},"site":{"0":"BombsiteA","1":"BombsiteA","2":"BombsiteA","3":"BombsiteB","4":"BombsiteB","5":"BombsiteA","6":"BombsiteA","7":"BombsiteB","8":"BombsiteB","9":"BombsiteA","10":"BombsiteB","11":"BombsiteA"},"X":{"0":-359.0118408203,"1":-359.0118408203,"2":-360.1143798828,"3":-2216.03125,"4":-2216.0288085938,"5":-359.6914672852,"6":-330.1204833984,"7":-2225.5793457031,"8":-2285.150390625,"9":-348.4954833984,"10":-2146.03125,"11":-285.8886108398},"Y":{"0":-685.4791259766,"1":-685.4791259766,"2":-685.7237548828,"3":874.3330078125,"4":919.9615478516,"5":-685.630065918,"6":-736.9007568359,"7":858.8591918945,"8":862.7627563477,"9":-683.1397705078,"10":735.0153198242,"11":-713.2781982422},"Z":{"0":11774.466796875,"1":11774.466796875,"2":11774.4970703125,"3":11744.03125,"4":11744.03125,"5":11774.4853515625,"6":11776.03125,"7":11744.03125,"8":11744.03125,"9":11774.173828125,"10":11744.03125,"11":11776.03125},"round":{"0":1,"1":1,"2":2,"3":4,"4":4,"5":5,"6":5,"7":9,"8":9,"9":15,"10":16,"11":17}}