{"tick":{"0":8003,"1":10627,"2":16155,"3":21548,"4":24172,"5":39232,"6":41258,"7":59369,"8":60104,"9":67514,"10":75751,"11":77901,"12":102359,"13":104334,"14":109635,"15":123843,"16":132197,"17":134821,"18":138960,"19":141584,"20":146747},"event":{"0":"planted","1":"exploded","2":"planted","3":"planted","4":"exploded","5":"planted","6":"defused","7":"planted","8":"defused","9":"planted","10":"planted","11":"defused","12":"planted","13":"defused","14":"planted","15":"planted","16":"planted","17":"exploded","18":"planted","19":"exploded","20":"planted"},"site":{"0":"BombsiteB","1":"BombsiteB","2":"BombsiteB","3":"BombsiteB","4":"BombsiteB","5":"BombsiteA","6":"BombsiteA","7":"BombsiteB","8":"BombsiteB","9":"BombsiteB","10":"BombsiteA","11":"BombsiteA","12":"BombsiteB","13":"BombsiteB","14":"BombsiteA","15":"BombsiteA","16":"BombsiteA","17":"BombsiteA","18":"BombsiteB","19":"BombsiteB","20":"BombsiteA"},"X":{"0":869.03125,"1":869.03125,"2":872.6234130859,"3":869.0283203125,"4":869.0283203125,"5":-1249.2286376953,"6":-1267.9313964844,"7":802.6937866211,"8":745.6301879883,"9":795.6502075195,"10":-1443.3120117188,"11":-1381.4984130859,"12":798.5847167969,"13":856.5609130859,"14":-1226.005859375,"15":-1243.6922607422,"16":-1280.03125,"17":-1280.03125,"18":869.03125,"19":869.03125,"20":-1235.7384033203},"Y":{"0":82.96875,"1":82.96875,"2":70.3936157227,"3":66.3250656128,"4":66.3250656128,"5":729.96875,"6":680.0061035156,"7":4.9687509537,"8":-17.9630126953,"9":4.9687509537,"10":722.2828979492,"11":719.4244384766,"12":-1.2166748047,"13":-22.1390380859,"14":969.9528808594,"15":729.96875,"16":793.96875,"17":793.96875,"18":61.7189750671,"19":61.7189750671,"20":729.96875},"Z":{"0":130.9011077881,"1":130.9011077881,"2":130.9011077881,"3":130.9011077881,"4":130.9011077881,"5":56.03125,"6":56.3642959595,"7":130.9011230469,"8":130.03125,"9":130.9011230469,"10":56.03125,"11":56.03125,"12":130.9011230469,"13":130.03125,"14":56.03125,"15":56.03125,"16":54.03125,"17":54.03125,"18":130.9011077881,"19":130.9011077881,"20":56.03125},"round":{"0":1,"1":1,"2":2,"3":3,"4":3,"5":5,"6":5,"7":8,"8":8,"9":9,"10":10,"11":10,"12":13,"13":13,"14":14,"15":16,"16":17,"17":17,"18":18,"19":18,"20":19}}