{"tick":{"0":6819,"1":11936,"2":14560,"3":23030,"4":25654,"5":33220,"6":50811,"7":51585,"8":68651,"9":71275,"10":97039,"11":98688,"12":103565,"13":110552,"14":113176,"15":139347,"16":148653,"17":161286,"18":163910,"19":170377,"20":171693,"21":191907},"event":{"0":"planted","1":"planted","2":"exploded","3":"planted","4":"exploded","5":"planted","6":"planted","7":"defused","8":"planted","9":"exploded","10":"planted","11":"defused","12":"planted","13":"planted","14":"exploded","15":"planted","16":"planted","17":"planted","18":"exploded","19":"planted","20":"defused","21":"planted"},"site":{"0":"BombsiteB","1":"BombsiteB","2":"BombsiteB","3":"BombsiteA","4":"BombsiteA","5":"BombsiteB","6":"BombsiteB","7":"BombsiteB","8":"BombsiteB","9":"BombsiteB","10":"BombsiteA","11":"BombsiteA","12":"BombsiteB","13":"BombsiteB","14":"BombsiteB","15":"BombsiteB","16":"BombsiteA","17":"BombsiteA","18":"BombsiteA","19":"BombsiteA","20":"BombsiteA","21":"BombsiteA"},"X":{"0":-1093.2896728516,"1":-1219.5529785156,"2":-1219.5529785156,"3":1286.6608886719,"4":1286.6608886719,"5":-959.96875,"6":-1136.03125,"7":-1146.4315185547,"8":-1073.0715332031,"9":-1073.0715332031,"10":1128.779296875,"11":1184.41796875,"12":-871.0289916992,"13":-1136.0280761719,"14":-1136.0280761719,"15":-1047.6293945312,"16":1276.7225341797,"17":1298.2780761719,"18":1298.2780761719,"19":1193.9598388672,"20":1200.6137695312,"21":1285.6495361328},"Y":{"0":599.96875,"1":513.6920776367,"2":513.6920776367,"3":1873.8276367188,"4":1873.8276367188,"5":645.96875,"6":699.96875,"7":641.2016601562,"8":599.96875,"9":599.96875,"10":1987.7628173828,"11":2010.6164550781,"12":682.4036865234,"13":699.96875,"14":699.96875,"15":599.9725952148,"16":1934.8278808594,"17":1887.3310546875,"18":1887.3310546875,"19":1804.2409667969,"20":1781.4315185547,"21":1913.0399169922},"Z":{"0":-1.96875,"1":0.0312480927,"2":0.0312480927,"3":-191.96875,"4":-191.96875,"5":-1.96875,"6":-1.96875,"7":-3.96875,"8":-1.96875,"9":-1.96875,"10":-191.96875,"11":-191.96875,"12":0.03125,"13":-1.96875,"14":-1.96875,"15":-1.96875,"16":-178.873046875,"17":-191.96875,"18":-191.96875,"19":-191.96875,"20":-191.96875,"21":-191.96875},"round":{"0":1,"1":2,"2":2,"3":3,"4":3,"5":4,"6":6,"7":6,"8":9,"9":9,"10":12,"11":12,"12":13,"13":14,"14":14,"15":16,"16":17,"17":19,"18":19,"19":20,"20":20,"21":23}}