{
 "tick":{
  "0":27125,
  "1":29183,
  "2":45248,
  "3":49220,
  "4":71691,
  "5":77122,
  "6":84689,
  "7":88495,
  "8":98255,
  "9":102657,
  "10":107959,
  "11":114968
 },
 "event":{
  "0":"planted",
  "1":"defused",
  "2":"planted",
  "3":"planted",
  "4":"planted",
  "5":"planted",
  "6":"planted",
  "7":"planted",
  "8":"planted",
  "9":"planted",
  "10":"planted",
  "11":"planted"
 },
 "site":{
  "0":"BombsiteB",
  "1":"BombsiteB",
  "2":"BombsiteB",
  "3":"BombsiteB",
  "4":"BombsiteB",
  "5":"BombsiteB",
  "6":"BombsiteA",
  "7":"BombsiteB",
  "8":"BombsiteB",
  "9":"BombsiteA",
  "10":"BombsiteB",
  "11":"BombsiteA"
 },
 "X":{
  "0":-2346.1257324219,
  "1":-2302.5441894531,
  "2":-2216.03125,
  "3":-2270.1254882812,
  "4":-2236.8215332031,
  "5":-2216.03125,
  "6":-382.049987793,
  "7":-2287.6889648438,
  "8":-2216.5236816406,
  "9":-300.7771606445,
  "10":-2146.03125,
  "11":-362.2551879883
 },
 "Y":{
  "0":880.8349609375,
  "1":836.8889160156,
  "2":889.5662841797,
  "3":891.4680786133,
  "4":909.2763061523,
  "5":869.3826904297,
  "6":-689.0419921875,
  "7":642.9231567383,
  "8":868.1851806641,
  "9":-716.5508422852,
  "10":736.7411499023,
  "11":-686.1997070312
 },
 "Z":{
  "0":11744.03125,
  "1":11744.03125,
  "2":11744.03125,
  "3":11744.03125,
  "4":11744.03125,
  "5":11744.03125,
  "6":11774.912109375,
  "7":11744.03125,
  "8":11744.03125,
  "9":11776.03125,
  "10":11744.03125,
  "11":11774.556640625
 },
 "round":{
  "0":4,
  "1":4,
  "2":6,
  "3":7,
  "4":11,
  "5":12,
  "6":13,
  "7":14,
  "8":15,
  "9":16,
  "10":17,
  "11":18
 }
}