{"tick":{"0":6216,"1":8042,"2":25448,"3":26594,"4":69181},"event":{"0":"planted","1":"defused","2":"planted","3":"defused","4":"planted"},"site":{"0":"BombsiteB","1":"BombsiteB","2":"BombsiteA","3":"BombsiteA","4":"BombsiteB"},"X":{"0":823.6857299805,"1":873.7943115234,"2":-1207.3754882812,"3":-1263.4212646484,"4":869.03125},"Y":{"0":4.9687490463,"1":-29.0930175781,"2":893.0305175781,"3":917.8981323242,"4":62.7733612061},"Z":{"0":130.9011230469,"1":130.03125,"2":62.03125,"3":54.03125,"4":130.9011077881},"round":{"0":1,"1":1,"2":4,"3":4,"4":12}}