{"tick":{"0":8607,"1":16715,"2":19339,"3":38740,"4":41202,"5":49156,"6":55443,"7":58067,"8":66315,"9":68713,"10":91316,"11":93940,"12":105034,"13":106373,"14":114720,"15":117344,"16":159450,"17":161806},"event":{"0":"planted","1":"planted","2":"exploded","3":"planted","4":"defused","5":"planted","6":"planted","7":"exploded","8":"planted","9":"defused","10":"planted","11":"exploded","12":"planted","13":"defused","14":"planted","15":"exploded","16":"planted","17":"defused"},"site":{"0":"BombsiteB","1":"BombsiteA","2":"BombsiteA","3":"BombsiteB","4":"BombsiteB","5":"BombsiteA","6":"BombsiteB","7":"BombsiteB","8":"BombsiteA","9":"BombsiteA","10":"BombsiteB","11":"BombsiteB","12":"BombsiteB","13":"BombsiteB","14":"BombsiteA","15":"BombsiteA","16":"BombsiteA","17":"BombsiteA"},"X":{"0":509.4035644531,"1":1966.03125,"2":1966.03125,"3":525.1037597656,"4":469.4324951172,"5":1820.5849609375,"6":545.024597168,"7":545.024597168,"8":1966.0296630859,"9":2013.5023193359,"10":576.8662719727,"11":576.8662719727,"12":549.0220947266,"13":522.286315918,"14":1972.5228271484,"15":1972.5228271484,"16":1966.03125,"17":2010.8674316406},"Y":{"0":2944.4812011719,"1":721.96875,"2":721.96875,"3":2934.7448730469,"4":2958.0769042969,"5":334.8628234863,"6":2928.1171875,"7":2928.1171875,"8":721.7855224609,"9":702.8319091797,"10":2883.96875,"11":2883.96875,"12":2974.1186523438,"13":2961.6733398438,"14":721.96875,"15":721.96875,"16":721.96875,"17":700.1130371094},"Z":{"0":161.5312347412,"1":160.03125,"2":160.03125,"3":161.5312347412,"4":161.53125,"5":161.0312194824,"6":161.5312347412,"7":161.5312347412,"8":160.03125,"9":160.03125,"10":168.0312347412,"11":168.0312347412,"12":161.5312347412,"13":161.5312347412,"14":160.03125,"15":160.03125,"16":160.03125,"17":160.03125},"round":{"0":1,"1":2,"2":2,"3":5,"4":5,"5":6,"6":7,"7":7,"8":8,"9":8,"10":11,"11":11,"12":13,"13":13,"14":14,"15":14,"16":20,"17":20}}