{"tick":{"0":3945,"1":12049,"2":24846,"3":37116,"4":42280,"5":78102,"6":80726,"7":87063,"8":118298,"9":120922},"event":{"0":"planted","1":"planted","2":"planted","3":"planted","4":"planted","5":"planted","6":"exploded","7":"planted","8":"planted","9":"exploded"},"site":{"0":"BombsiteB","1":"BombsiteB","2":"BombsiteA","3":"BombsiteA","4":"BombsiteA","5":"BombsiteB","6":"BombsiteB","7":"BombsiteB","8":"BombsiteA","9":"BombsiteA"},"X":{"0":-1987.03125,"1":-1909.390625,"2":-288.5267333984,"3":-253.96875,"4":-273.7628173828,"5":-1974.6798095703,"6":-1974.6798095703,"7":-1916.8553466797,"8":-298.6116333008,"9":-298.6116333008},"Y":{"0":419.6920166016,"1":242.03125,"2":-2002.482421875,"3":-2134.5639648438,"4":-2156.2727050781,"5":450.03125,"6":450.03125,"7":327.9691467285,"8":-2012.5675048828,"9":-2012.5675048828},"Z":{"0":-159.96875,"1":-159.96875,"2":-170.1701660156,"3":-172.9686279297,"4":-173.6226806641,"5":-159.96875,"6":-159.96875,"7":-159.96875,"8":-171.514831543,"9":-171.514831543},"round":{"0":0,"1":1,"2":3,"3":4,"4":5,"5":10,"6":10,"7":11,"8":14,"9":14}}