{"tick":{"0":2823,"1":5368,"2":8622,"3":11246,"4":18108,"5":26869,"6":68954,"7":77714,"8":79859,"9":105915,"10":107094,"11":115705,"12":116245,"13":133299,"14":135554},"event":{"0":"planted","1":"defused","2":"planted","3":"exploded","4":"planted","5":"planted","6":"planted","7":"planted","8":"defused","9":"planted","10":"defused","11":"planted","12":"defused","13":"planted","14":"defused"},"site":{"0":"BombsiteB","1":"BombsiteB","2":"BombsiteB","3":"BombsiteB","4":"BombsiteA","5":"BombsiteB","6":"BombsiteA","7":"BombsiteB","8":"BombsiteB","9":"BombsiteA","10":"BombsiteA","11":"BombsiteA","12":"BombsiteA","13":"BombsiteB","14":"BombsiteB"},"X":{"0":-2216.03125,"1":-2261.4958496094,"2":-2248.7192382812,"3":-2248.7192382812,"4":-290.8413696289,"5":-2216.03125,"6":-354.9547729492,"7":-2216.0300292969,"8":-2232.0495605469,"9":-368.7135009766,"10":-400.3245849609,"11":-374.9051513672,"12":-433.1164550781,"13":-2216.03125,"14":-2216.03125},"Y":{"0":866.3300170898,"1":905.7598876953,"2":836.6697387695,"3":836.6697387695,"4":-717.5787963867,"5":868.6112060547,"6":-684.5745849609,"7":871.3550415039,"8":815.0954589844,"9":-690.7130737305,"10":-692.3143920898,"11":-511.2575683594,"12":-512.8200073242,"13":900.9731445312,"14":855.9047851562},"Z":{"0":11744.03125,"1":11744.03125,"2":11744.03125,"3":11744.03125,"4":11776.03125,"5":11744.03125,"6":11774.353515625,"7":11744.03125,"8":11744.03125,"9":11775.12109375,"10":11775.3203125,"11":11776.03125,"12":11776.03125,"13":11744.03125,"14":11744.03125},"round":{"0":1,"1":1,"2":2,"3":2,"4":3,"5":4,"6":9,"7":10,"8":10,"9":13,"10":13,"11":14,"12":14,"13":17,"14":17}}