{
 "tick":{
  "0":6212,
  "1":14423,
  "2":17047,
  "3":22322,
  "4":24946,
  "5":31286,
  "6":40112,
  "7":40923,
  "8":44510,
  "9":56254,
  "10":98561,
  "11":105994,
  "12":115883,
  "13":118507,
  "14":142425,
  "15":145049,
  "16":170469,
  "17":172147,
  "18":193761,
  "19":206910,
  "20":207481
 },
 "event":{
  "0":"planted",
  "1":"planted",
  "2":"exploded",
  "3":"planted",
  "4":"exploded",
  "5":"planted",
  "6":"planted",
  "7":"defused",
  "8":"planted",
  "9":"planted",
  "10":"planted",
  "11":"planted",
  "12":"planted",
  "13":"exploded",
  "14":"planted",
  "15":"exploded",
  "16":"planted",
  "17":"defused",
  "18":"planted",
  "19":"planted",
  "20":"defused"
 },
 "site":{
  "0":"BombsiteB",
  "1":"BombsiteB",
  "2":"BombsiteB",
  "3":"BombsiteB",
  "4":"BombsiteB",
  "5":"BombsiteB",
  "6":"BombsiteB",
  "7":"BombsiteB",
  "8":"BombsiteB",
  "9":"BombsiteA",
  "10":"BombsiteB",
  "11":"BombsiteA",
  "12":"BombsiteB",
  "13":"BombsiteB",
  "14":"BombsiteB",
  "15":"BombsiteB",
  "16":"BombsiteA",
  "17":"BombsiteA",
  "18":"BombsiteB",
  "19":"BombsiteA",
  "20":"BombsiteA"
 },
 "X":{
  "0":800.0822143555,
  "1":785.3670654297,
  "2":785.3670654297,
  "3":807.7056274414,
  "4":807.7056274414,
  "5":794.9928588867,
  "6":869.03125,
  "7":821.7731323242,
  "8":869.03125,
  "9":-1283.5529785156,
  "10":792.0958251953,
  "11":-1245.3157958984,
  "12":788.3383789062,
  "13":788.3383789062,
  "14":788.5822753906,
  "15":788.5822753906,
  "16":-1550.4001464844,
  "17":-1496.4942626953,
  "18":774.2796020508,
  "19":-1280.03125,
  "20":-1324.9775390625
 },
 "Y":{
  "0":4.9687509537,
  "1":4.96875,
  "2":4.96875,
  "3":4.9687490463,
  "4":4.9687490463,
  "5":4.9687495232,
  "6":40.0913467407,
  "7":4.9687504768,
  "8":49.5320091248,
  "9":762.8334960938,
  "10":4.9687509537,
  "11":729.96875,
  "12":4.9687504768,
  "13":4.9687504768,
  "14":4.9690170288,
  "15":4.9690170288,
  "16":733.7962036133,
  "17":707.0782470703,
  "18":152.0308685303,
  "19":765.1185913086,
  "20":797.8809814453
 },
 "Z":{
  "0":130.9011230469,
  "1":130.9011230469,
  "2":130.9011230469,
  "3":130.9011230469,
  "4":130.9011230469,
  "5":130.9011230469,
  "6":130.9011077881,
  "7":130.9011230469,
  "8":130.9011077881,
  "9":54.03125,
  "10":130.9011230469,
  "11":56.03125,
  "12":130.9011230469,
  "13":130.9011230469,
  "14":130.9011230469,
  "15":130.9011230469,
  "16":56.03125,
  "17":56.03125,
  "18":130.03125,
  "19":54.03125,
  "20":54.03125
 },
 "round":{
  "0":1,
  "1":2,
  "2":2,
  "3":3,
  "4":3,
  "5":4,
  "6":5,
  "7":5,
  "8":6,
  "9":7,
  "10":0,
  "11":12,
  "12":13,
  "13":13,
  "14":16,
  "15":16,
  "16":19,
  "17":19,
  "18":21,
  "19":22,
  "20":22
 }
}