{"tick":{"0":10467,"1":11905,"2":18810,"3":21434,"4":29458,"5":41108,"6":43732,"7":52019,"8":67435,"9":72527,"10":78044,"11":80668},"event":{"0":"planted","1":"defused","2":"planted","3":"exploded","4":"planted","5":"planted","6":"exploded","7":"planted","8":"planted","9":"planted","10":"planted","11":"exploded"},"site":{"0":"BombsiteB","1":"BombsiteB","2":"BombsiteA","3":"BombsiteA","4":"BombsiteB","5":"BombsiteB","6":"BombsiteB","7":"BombsiteA","8":"BombsiteA","9":"BombsiteB","10":"BombsiteB","11":"BombsiteB"},"X":{"0":-1056.4512939453,"1":-998.2324829102,"2":1262.3040771484,"3":1262.3040771484,"4":-1136.0310058594,"5":-1136.03125,"6":-1136.03125,"7":1273.3278808594,"8":1272.8884277344,"9":-1136.03125,"10":-1239.2510986328,"11":-1239.2510986328},"Y":{"0":599.96875,"1":599.96875,"2":1782.9311523438,"3":1782.9311523438,"4":687.1545410156,"5":699.96875,"6":699.96875,"7":1967.0015869141,"8":1796.2407226562,"9":699.96875,"10":515.0247192383,"11":515.0247192383},"Z":{"0":-1.96875,"1":-1.96875,"2":-178.0537109375,"3":-178.0537109375,"4":-1.96875,"5":-1.96875,"6":-1.96875,"7":-191.96875,"8":-179.3725585938,"9":-1.96875,"10":0.03125,"11":0.03125},"round":{"0":1,"1":1,"2":2,"3":2,"4":3,"5":5,"6":5,"7":6,"8":7,"9":8,"10":9,"11":9}}