{"tick":{"0":13831,"1":16455,"2":27800,"3":30424,"4":47216,"5":49122,"6":54560,"7":60254,"8":65298,"9":85594,"10":90817,"11":100847,"12":102078,"13":120825,"14":123449,"15":127023,"16":136197,"17":143511,"18":148281,"19":150459,"20":157907,"21":159900},"event":{"0":"planted","1":"exploded","2":"planted","3":"exploded","4":"planted","5":"defused","6":"planted","7":"planted","8":"planted","9":"planted","10":"planted","11":"planted","12":"defused","13":"planted","14":"exploded","15":"planted","16":"planted","17":"planted","18":"planted","19":"defused","20":"planted","21":"defused"},"site":{"0":"BombsiteB","1":"BombsiteB","2":"BombsiteB","3":"BombsiteB","4":"BombsiteA","5":"BombsiteA","6":"BombsiteA","7":"BombsiteB","8":"BombsiteA","9":"BombsiteA","10":"BombsiteA","11":"BombsiteA","12":"BombsiteA","13":"BombsiteB","14":"BombsiteB","15":"BombsiteA","16":"BombsiteB","17":"BombsiteB","18":"BombsiteA","19":"BombsiteA","20":"BombsiteB","21":"BombsiteB"},"X":{"0":-1987.03125,"1":-1987.03125,"2":-1903.2883300781,"3":-1903.2883300781,"4":-271.1690063477,"5":-211.8614501953,"6":-424.6779785156,"7":-1987.03125,"8":-497.9512939453,"9":-493.5668945312,"10":-611.5330810547,"11":-600.2837524414,"12":-646.8764648438,"13":-1987.03125,"14":-1987.03125,"15":-269.1668701172,"16":-1969.03125,"17":-1969.03125,"18":-253.96875,"19":-309.6879272461,"20":-1974.9964599609,"21":-2030.8464355469},"Y":{"0":423.1479492188,"1":423.1479492188,"2":248.0135803223,"3":248.0135803223,"4":-2157.9619140625,"5":-2147.9616699219,"6":-2027.3328857422,"7":427.7004089355,"8":-2009.3200683594,"9":-2027.2911376953,"10":-2160.5258789062,"11":-2154.529296875,"12":-2193.5942382812,"13":427.409576416,"14":427.409576416,"15":-2155.3364257812,"16":450.03125,"17":450.0309143066,"18":-2143.7023925781,"19":-2169.5778808594,"20":450.03125,"21":469.2124633789},"Z":{"0":-159.96875,"1":-159.96875,"2":-159.96875,"3":-159.96875,"4":-173.3572998047,"5":-169.8212280273,"6":-179.96875,"7":-159.96875,"8":-179.96875,"9":-179.96875,"10":-179.96875,"11":-179.96875,"12":-179.96875,"13":-159.96875,"14":-159.96875,"15":-173.5016479492,"16":-159.96875,"17":-159.96875,"18":-173.3748168945,"19":-174.0366821289,"20":-159.96875,"21":-159.96875},"round":{"0":1,"1":1,"2":3,"3":3,"4":5,"5":5,"6":6,"7":7,"8":8,"9":12,"10":13,"11":14,"12":14,"13":17,"14":17,"15":18,"16":19,"17":20,"18":21,"19":21,"20":22,"21":22}}