{
 "tick":{
  "0":26890,
  "1":29514,
  "2":33691,
  "3":36315,
  "4":42032,
  "5":44656,
  "6":81467,
  "7":84091,
  "8":110390,
  "9":119323,
  "10":121947,
  "11":139512,
  "12":141994,
  "13":170717,
  "14":176663
 },
 "event":{
  "0":"planted",
  "1":"exploded",
  "2":"planted",
  "3":"exploded",
  "4":"planted",
  "5":"exploded",
  "6":"planted",
  "7":"exploded",
  "8":"planted",
  "9":"planted",
  "10":"exploded",
  "11":"planted",
  "12":"defused",
  "13":"planted",
  "14":"planted"
 },
 "site":{
  "0":"BombsiteA",
  "1":"BombsiteA",
  "2":"BombsiteA",
  "3":"BombsiteA",
  "4":"BombsiteA",
  "5":"BombsiteA",
  "6":"BombsiteB",
  "7":"BombsiteB",
  "8":"BombsiteB",
  "9":"BombsiteB",
  "10":"BombsiteB",
  "11":"BombsiteB",
  "12":"BombsiteB",
  "13":"BombsiteA",
  "14":"BombsiteB"
 },
 "X":{
  "0":640.7202758789,
  "1":640.7202758789,
  "2":703.8245239258,
  "3":703.8245239258,
  "4":661.1528320312,
  "5":661.1528320312,
  "6":718.9498901367,
  "7":718.9498901367,
  "8":368.4766235352,
  "9":638.9637451172,
  "10":638.9637451172,
  "11":340.4241333008,
  "12":393.0620422363,
  "13":772.1350708008,
  "14":716.2854614258
 },
 "Y":{
  "0":-777.2840576172,
  "1":-777.2840576172,
  "2":-792.5871582031,
  "3":-792.5871582031,
  "4":-811.6401977539,
  "5":-811.6401977539,
  "6":-1154.3193359375,
  "7":-1154.3193359375,
  "8":-699.7541503906,
  "9":-1317.2755126953,
  "10":-1317.2755126953,
  "11":-699.9845581055,
  "12":-670.0082397461,
  "13":-604.6373901367,
  "14":-1140.3212890625
 },
 "Z":{
  "0":-415.96875,
  "1":-415.96875,
  "2":-399.9686279297,
  "3":-399.9686279297,
  "4":-415.96875,
  "5":-415.96875,
  "6":-752.84375,
  "7":-752.84375,
  "8":-765.96875,
  "9":-765.96875,
  "10":-765.96875,
  "11":-765.96875,
  "12":-767.96875,
  "13":-399.9683227539,
  "14":-752.84375
 },
 "round":{
  "0":4,
  "1":4,
  "2":5,
  "3":5,
  "4":6,
  "5":6,
  "6":11,
  "7":11,
  "8":14,
  "9":15,
  "10":15,
  "11":18,
  "12":18,
  "13":22,
  "14":23
 }
}