{
 "tick":{
  "0":25573,
  "1":34120,
  "2":35679,
  "3":61097,
  "4":63145,
  "5":69334,
  "6":84986,
  "7":92493,
  "8":99769,
  "9":111419,
  "10":116130
 },
 "event":{
  "0":"planted",
  "1":"planted",
  "2":"defused",
  "3":"planted",
  "4":"defused",
  "5":"planted",
  "6":"planted",
  "7":"planted",
  "8":"planted",
  "9":"planted",
  "10":"planted"
 },
 "site":{
  "0":"BombsiteA",
  "1":"BombsiteB",
  "2":"BombsiteB",
  "3":"BombsiteA",
  "4":"BombsiteA",
  "5":"BombsiteB",
  "6":"BombsiteA",
  "7":"BombsiteB",
  "8":"BombsiteA",
  "9":"BombsiteB",
  "10":"BombsiteA"
 },
 "X":{
  "0":-1572.8679199219,
  "1":790.6380615234,
  "2":845.6599731445,
  "3":-1570.6798095703,
  "4":-1523.4165039062,
  "5":794.4749755859,
  "6":-1211.5517578125,
  "7":869.03125,
  "8":-1253.0159912109,
  "9":806.2711181641,
  "10":-1579.7387695312
 },
 "Y":{
  "0":702.1480102539,
  "1":4.9687485695,
  "2":-19.4537963867,
  "3":704.5997924805,
  "4":727.0307006836,
  "5":4.9722418785,
  "6":729.9710083008,
  "7":82.96875,
  "8":729.96875,
  "9":4.9724593163,
  "10":698.1520385742
 },
 "Z":{
  "0":56.03125,
  "1":130.9011230469,
  "2":130.03125,
  "3":56.03125,
  "4":56.03125,
  "5":130.9011230469,
  "6":56.03125,
  "7":130.9011077881,
  "8":56.03125,
  "9":130.9011230469,
  "10":56.03125
 },
 "round":{
  "0":4,
  "1":5,
  "2":5,
  "3":9,
  "4":9,
  "5":10,
  "6":13,
  "7":14,
  "8":15,
  "9":17,
  "10":18
 }
}