{
 "tick":{
  "0":54039,
  "1":56122,
  "2":74585,
  "3":76594,
  "4":113579,
  "5":115681,
  "6":124782,
  "7":126403,
  "8":151707
 },
 "event":{
  "0":"planted",
  "1":"defused",
  "2":"planted",
  "3":"defused",
  "4":"planted",
  "5":"defused",
  "6":"planted",
  "7":"defused",
  "8":"planted"
 },
 "site":{
  "0":"BombsiteB",
  "1":"BombsiteB",
  "2":"BombsiteA",
  "3":"BombsiteA",
  "4":"BombsiteA",
  "5":"BombsiteA",
  "6":"BombsiteB",
  "7":"BombsiteB",
  "8":"BombsiteB"
 },
 "X":{
  "0":806.9171142578,
  "1":758.5472412109,
  "2":-1246.5672607422,
  "3":-1192.5361328125,
  "4":-1550.2678222656,
  "5":-1531.953125,
  "6":815.0745849609,
  "7":869.1918945312,
  "8":798.7509155273
 },
 "Y":{
  "0":4.9687495232,
  "1":-17.2409667969,
  "2":729.963684082,
  "3":728.4296875,
  "4":759.8596801758,
  "5":818.7684936523,
  "6":4.9726061821,
  "7":-20.9315185547,
  "8":4.9695911407
 },
 "Z":{
  "0":130.9011230469,
  "1":130.03125,
  "2":56.03125,
  "3":55.3030204773,
  "4":56.03125,
  "5":54.03125,
  "6":130.9011230469,
  "7":130.03125,
  "8":130.9011230469
 },
 "round":{
  "0":1,
  "1":1,
  "2":4,
  "3":4,
  "4":10,
  "5":10,
  "6":11,
  "7":11,
  "8":13
 }
}