{
 "tick":{
  "0":4987,
  "1":7611,
  "2":13242,
  "3":20779,
  "4":23403,
  "5":29334,
  "6":44741,
  "7":47365,
  "8":55972,
  "9":64622,
  "10":79249,
  "11":81086,
  "12":88815,
  "13":91439,
  "14":104283,
  "15":110964,
  "16":113588,
  "17":143299,
  "18":145923,
  "19":162641,
  "20":164095
 },
 "event":{
  "0":"planted",
  "1":"exploded",
  "2":"planted",
  "3":"planted",
  "4":"exploded",
  "5":"planted",
  "6":"planted",
  "7":"exploded",
  "8":"planted",
  "9":"planted",
  "10":"planted",
  "11":"defused",
  "12":"planted",
  "13":"exploded",
  "14":"planted",
  "15":"planted",
  "16":"exploded",
  "17":"planted",
  "18":"exploded",
  "19":"planted",
  "20":"defused"
 },
 "site":{
  "0":"BombsiteB",
  "1":"BombsiteB",
  "2":"BombsiteA",
  "3":"BombsiteA",
  "4":"BombsiteA",
  "5":"BombsiteA",
  "6":"BombsiteA",
  "7":"BombsiteA",
  "8":"BombsiteB",
  "9":"BombsiteB",
  "10":"BombsiteB",
  "11":"BombsiteB",
  "12":"BombsiteB",
  "13":"BombsiteB",
  "14":"BombsiteB",
  "15":"BombsiteA",
  "16":"BombsiteA",
  "17":"BombsiteA",
  "18":"BombsiteA",
  "19":"BombsiteA",
  "20":"BombsiteA"
 },
 "X":{
  "0":547.9667358398,
  "1":547.9667358398,
  "2":1819.03125,
  "3":2106.5166015625,
  "4":2106.5166015625,
  "5":1966.03125,
  "6":1919.150390625,
  "7":1919.150390625,
  "8":161.8697357178,
  "9":314.96875,
  "10":520.5163574219,
  "11":555.9720458984,
  "12":508.5139160156,
  "13":508.5139160156,
  "14":560.9709472656,
  "15":2013.9698486328,
  "16":2013.9698486328,
  "17":2013.96875,
  "18":2013.96875,
  "19":2013.96875,
  "20":2001.2158203125
 },
 "Y":{
  "0":2961.9829101562,
  "1":2961.9829101562,
  "2":277.6406860352,
  "3":180.0174560547,
  "4":180.0174560547,
  "5":721.96875,
  "6":375.4169006348,
  "7":375.4169006348,
  "8":2770.6013183594,
  "9":2763.8830566406,
  "10":2872.9799804688,
  "11":2845.8701171875,
  "12":2998.5634765625,
  "13":2998.5634765625,
  "14":2604.1271972656,
  "15":721.96875,
  "16":721.96875,
  "17":721.96875,
  "18":721.96875,
  "19":721.96875,
  "20":663.490234375
 },
 "Z":{
  "0":161.5312347412,
  "1":161.5312347412,
  "2":161.0312194824,
  "3":160.03125,
  "4":160.03125,
  "5":160.03125,
  "6":161.03125,
  "7":161.03125,
  "8":161.5312652588,
  "9":184.2997589111,
  "10":161.5312347412,
  "11":161.5312347412,
  "12":161.5312347412,
  "13":161.5312347412,
  "14":162.1708374023,
  "15":160.03125,
  "16":160.03125,
  "17":160.03125,
  "18":160.03125,
  "19":160.03125,
  "20":160.03125
 },
 "round":{
  "0":1,
  "1":1,
  "2":2,
  "3":3,
  "4":3,
  "5":4,
  "6":6,
  "7":6,
  "8":7,
  "9":8,
  "10":10,
  "11":10,
  "12":11,
  "13":11,
  "14":13,
  "15":14,
  "16":14,
  "17":18,
  "18":18,
  "19":19,
  "20":19
 }
}