{
 "tick":{
  "0":21820,
  "1":24444,
  "2":27745,
  "3":34559,
  "4":39335,
  "5":41959,
  "6":48893,
  "7":51077,
  "8":59493,
  "9":62117,
  "10":70586,
  "11":73210,
  "12":95149,
  "13":97773,
  "14":112535,
  "15":131067,
  "16":132877
 },
 "event":{
  "0":"planted",
  "1":"exploded",
  "2":"planted",
  "3":"planted",
  "4":"planted",
  "5":"exploded",
  "6":"planted",
  "7":"defused",
  "8":"planted",
  "9":"exploded",
  "10":"planted",
  "11":"exploded",
  "12":"planted",
  "13":"exploded",
  "14":"planted",
  "15":"planted",
  "16":"defused"
 },
 "site":{
  "0":"BombsiteB",
  "1":"BombsiteB",
  "2":"BombsiteB",
  "3":"BombsiteB",
  "4":"BombsiteB",
  "5":"BombsiteB",
  "6":"BombsiteA",
  "7":"BombsiteA",
  "8":"BombsiteB",
  "9":"BombsiteB",
  "10":"BombsiteB",
  "11":"BombsiteB",
  "12":"BombsiteA",
  "13":"BombsiteA",
  "14":"BombsiteA",
  "15":"BombsiteB",
  "16":"BombsiteB"
 },
 "X":{
  "0":-1086.7864990234,
  "1":-1086.7864990234,
  "2":-1136.03125,
  "3":-1060.6402587891,
  "4":-1064.0115966797,
  "5":-1064.0115966797,
  "6":1304.9975585938,
  "7":1280.3548583984,
  "8":-1048.6140136719,
  "9":-1048.6140136719,
  "10":-1053.40234375,
  "11":-1053.40234375,
  "12":1271.7846679688,
  "13":1271.7846679688,
  "14":1242.2850341797,
  "15":-1136.03125,
  "16":-1197.4608154297
 },
 "Y":{
  "0":531.0673828125,
  "1":531.0673828125,
  "2":699.96875,
  "3":599.96875,
  "4":599.9709472656,
  "5":599.9709472656,
  "6":1861.7099609375,
  "7":1838.5915527344,
  "8":599.9725952148,
  "9":599.9725952148,
  "10":599.9708862305,
  "11":599.9708862305,
  "12":1963.2281494141,
  "13":1963.2281494141,
  "14":1817.8696289062,
  "15":693.2734375,
  "16":690.6762084961
 },
 "Z":{
  "0":0.0312509537,
  "1":0.0312509537,
  "2":-1.96875,
  "3":-1.96875,
  "4":-1.96875,
  "5":-1.96875,
  "6":-190.8335571289,
  "7":-191.96875,
  "8":-1.96875,
  "9":-1.96875,
  "10":-1.96875,
  "11":-1.96875,
  "12":-191.96875,
  "13":-191.96875,
  "14":-182.5522460938,
  "15":-1.96875,
  "16":0.03125
 },
 "round":{
  "0":1,
  "1":1,
  "2":2,
  "3":3,
  "4":4,
  "5":4,
  "6":5,
  "7":5,
  "8":6,
  "9":6,
  "10":7,
  "11":7,
  "12":10,
  "13":10,
  "14":12,
  "15":15,
  "16":15
 }
}