{
 "tick":{
  "0":15559,
  "1":18183,
  "2":42569,
  "3":72356,
  "4":78912,
  "5":81536,
  "6":88497,
  "7":91121,
  "8":97858,
  "9":99314,
  "10":132925,
  "11":135549,
  "12":144470,
  "13":145900,
  "14":158648,
  "15":161272,
  "16":165166,
  "17":167698,
  "18":174412,
  "19":176842
 },
 "event":{
  "0":"planted",
  "1":"exploded",
  "2":"planted",
  "3":"planted",
  "4":"planted",
  "5":"exploded",
  "6":"planted",
  "7":"exploded",
  "8":"planted",
  "9":"defused",
  "10":"planted",
  "11":"exploded",
  "12":"planted",
  "13":"defused",
  "14":"planted",
  "15":"exploded",
  "16":"planted",
  "17":"defused",
  "18":"planted",
  "19":"defused"
 },
 "site":{
  "0":"BombsiteA",
  "1":"BombsiteA",
  "2":"BombsiteA",
  "3":"BombsiteB",
  "4":"BombsiteA",
  "5":"BombsiteA",
  "6":"BombsiteB",
  "7":"BombsiteB",
  "8":"BombsiteA",
  "9":"BombsiteA",
  "10":"BombsiteA",
  "11":"BombsiteA",
  "12":"BombsiteB",
  "13":"BombsiteB",
  "14":"BombsiteB",
  "15":"BombsiteB",
  "16":"BombsiteB",
  "17":"BombsiteB",
  "18":"BombsiteB",
  "19":"BombsiteB"
 },
 "X":{
  "0":-1537.3533935547,
  "1":-1537.3533935547,
  "2":-1555.0987548828,
  "3":869.0412597656,
  "4":-1238.6801757812,
  "5":-1238.6801757812,
  "6":799.6181640625,
  "7":799.6181640625,
  "8":-1248.0843505859,
  "9":-1306.3435058594,
  "10":-1254.7471923828,
  "11":-1254.7471923828,
  "12":789.364440918,
  "13":728.2697753906,
  "14":763.2218017578,
  "15":763.2218017578,
  "16":800.060546875,
  "17":849.3735351562,
  "18":805.1475830078,
  "19":864.8032226562
 },
 "Y":{
  "0":698.5482177734,
  "1":698.5482177734,
  "2":713.8517456055,
  "3":82.96875,
  "4":728.1478881836,
  "5":728.1478881836,
  "6":4.9706888199,
  "7":4.9706888199,
  "8":729.9708862305,
  "9":711.3674316406,
  "10":721.1274414062,
  "11":721.1274414062,
  "12":4.9705739021,
  "13":15.2539787292,
  "14":4.9687495232,
  "15":4.9687495232,
  "16":4.9687504768,
  "17":-26.9116210938,
  "18":1.172722578,
  "19":-7.8998413086
 },
 "Z":{
  "0":56.03125,
  "1":56.03125,
  "2":56.0312461853,
  "3":130.9011077881,
  "4":56.03125,
  "5":56.03125,
  "6":130.9011230469,
  "7":130.9011230469,
  "8":56.03125,
  "9":56.03125,
  "10":56.03125,
  "11":56.03125,
  "12":130.9011230469,
  "13":130.03125,
  "14":130.9011230469,
  "15":130.9011230469,
  "16":130.9011230469,
  "17":130.03125,
  "18":130.9011230469,
  "19":130.03125
 },
 "round":{
  "0":3,
  "1":3,
  "2":8,
  "3":12,
  "4":13,
  "5":13,
  "6":14,
  "7":14,
  "8":15,
  "9":15,
  "10":19,
  "11":19,
  "12":20,
  "13":20,
  "14":22,
  "15":22,
  "16":23,
  "17":23,
  "18":24,
  "19":24
 }
}