{"tick":{"0":7148,"1":9024,"2":14800,"3":17424,"4":23939,"5":28563,"6":31187,"7":48546,"8":54680,"9":57304,"10":65508,"11":67879,"12":80983,"13":82786,"14":103537,"15":104676,"16":118083,"17":120263,"18":129182,"19":131806,"20":139370,"21":141994,"22":146731,"23":166785},"event":{"0":"planted","1":"defused","2":"planted","3":"exploded","4":"planted","5":"planted","6":"exploded","7":"planted","8":"planted","9":"exploded","10":"planted","11":"defused","12":"planted","13":"defused","14":"planted","15":"defused","16":"planted","17":"defused","18":"planted","19":"exploded","20":"planted","21":"exploded","22":"planted","23":"planted"},"site":{"0":"BombsiteB","1":"BombsiteB","2":"BombsiteB","3":"BombsiteB","4":"BombsiteB","5":"BombsiteA","6":"BombsiteA","7":"BombsiteB","8":"BombsiteA","9":"BombsiteA","10":"BombsiteB","11":"BombsiteB","12":"BombsiteB","13":"BombsiteB","14":"BombsiteB","15":"BombsiteB","16":"BombsiteA","17":"BombsiteA","18":"BombsiteA","19":"BombsiteA","20":"BombsiteB","21":"BombsiteB","22":"BombsiteA","23":"BombsiteA"},"X":{"0":-1051.8645019531,"1":-1050.4536132812,"2":-1060.4337158203,"3":-1060.4337158203,"4":-1030.025390625,"5":1286.4783935547,"6":1286.4783935547,"7":-1048.2731933594,"8":1316.5874023438,"9":1316.5874023438,"10":-1055.0279541016,"11":-1028.1466064453,"12":-1188.5452880859,"13":-1203.888671875,"14":-1136.0294189453,"15":-1145.4754638672,"16":1259.3813476562,"17":1316.5540771484,"18":1275.1461181641,"19":1275.1461181641,"20":-1041.3162841797,"21":-1041.3162841797,"22":1281.4173583984,"23":1273.7777099609},"Y":{"0":776.03125,"1":837.076965332,"2":779.3665161133,"3":779.3665161133,"4":599.96875,"5":1894.4370117188,"6":1894.4370117188,"7":599.9717407227,"8":1855.0356445312,"9":1855.0356445312,"10":588.6608276367,"11":537.0601196289,"12":552.3256835938,"13":610.7431030273,"14":699.96875,"15":642.5201416016,"16":1972.0109863281,"17":1949.97265625,"18":1850.8319091797,"19":1850.8319091797,"20":599.96875,"21":599.96875,"22":1890.6870117188,"23":1849.7225341797},"Z":{"0":-1.96875,"1":0.0312495232,"2":-1.96875,"3":-1.96875,"4":-1.96875,"5":-191.96875,"6":-191.96875,"7":-1.96875,"8":-178.9356079102,"9":-178.9356079102,"10":-3.96875,"11":0.0312509537,"12":0.0312490463,"13":0.0312495232,"14":-1.96875,"15":-3.96875,"16":-179.6063232422,"17":-191.96875,"18":-191.96875,"19":-191.96875,"20":-1.96875,"21":-1.96875,"22":-180.8121337891,"23":-191.96875},"round":{"0":1,"1":1,"2":2,"3":2,"4":3,"5":4,"6":4,"7":6,"8":7,"9":7,"10":8,"11":8,"12":10,"13":10,"14":13,"15":13,"16":15,"17":15,"18":16,"19":16,"20":17,"21":17,"22":18,"23":21}}