{
 "tick":{
  "0":11463,
  "1":17349,
  "2":19973,
  "3":25876,
  "4":33150,
  "5":41522,
  "6":57492,
  "7":61573,
  "8":64197,
  "9":73627,
  "10":75221,
  "11":80398,
  "12":83022,
  "13":86968,
  "14":89592,
  "15":95990,
  "16":98614
 },
 "event":{
  "0":"planted",
  "1":"planted",
  "2":"exploded",
  "3":"planted",
  "4":"planted",
  "5":"planted",
  "6":"planted",
  "7":"planted",
  "8":"exploded",
  "9":"planted",
  "10":"defused",
  "11":"planted",
  "12":"exploded",
  "13":"planted",
  "14":"exploded",
  "15":"planted",
  "16":"exploded"
 },
 "site":{
  "0":"BombsiteB",
  "1":"BombsiteA",
  "2":"BombsiteA",
  "3":"BombsiteB",
  "4":"BombsiteA",
  "5":"BombsiteA",
  "6":"BombsiteB",
  "7":"BombsiteA",
  "8":"BombsiteA",
  "9":"BombsiteA",
  "10":"BombsiteA",
  "11":"BombsiteB",
  "12":"BombsiteB",
  "13":"BombsiteB",
  "14":"BombsiteB",
  "15":"BombsiteB",
  "16":"BombsiteB"
 },
 "X":{
  "0":379.061920166,
  "1":868.7354736328,
  "2":868.7354736328,
  "3":615.7660522461,
  "4":826.1629638672,
  "5":630.9869995117,
  "6":738.3270263672,
  "7":860.2654418945,
  "8":860.2654418945,
  "9":550.3562011719,
  "10":586.3154296875,
  "11":340.0288085938,
  "12":340.0288085938,
  "13":345.1873474121,
  "14":345.1873474121,
  "15":833.3825073242,
  "16":833.3825073242
 },
 "Y":{
  "0":-720.900390625,
  "1":-662.4489746094,
  "2":-662.4489746094,
  "3":-1321.6970214844,
  "4":-583.7634887695,
  "5":-599.8829345703,
  "6":-879.7882080078,
  "7":-608.6635131836,
  "8":-608.6635131836,
  "9":-939.5173339844,
  "10":-986.6947631836,
  "11":-884.9594116211,
  "12":-884.9594116211,
  "13":-709.4886474609,
  "14":-709.4886474609,
  "15":-1026.5614013672,
  "16":-1026.5614013672
 },
 "Z":{
  "0":-771.96875,
  "1":-399.9686279297,
  "2":-399.9686279297,
  "3":-765.96875,
  "4":-399.9682617188,
  "5":-415.96875,
  "6":-771.96875,
  "7":-399.9683837891,
  "8":-399.9683837891,
  "9":-411.9203491211,
  "10":-415.96875,
  "11":-771.96875,
  "12":-771.96875,
  "13":-765.96875,
  "14":-765.96875,
  "15":-765.96875,
  "16":-765.96875
 },
 "round":{
  "0":1,
  "1":2,
  "2":2,
  "3":3,
  "4":4,
  "5":5,
  "6":7,
  "7":8,
  "8":8,
  "9":9,
  "10":9,
  "11":10,
  "12":10,
  "13":11,
  "14":11,
  "15":12,
  "16":12
 }
}