{"tick":{"0":7580,"1":8948,"2":19541,"3":22165,"4":45247,"5":50600,"6":55060,"7":59395,"8":62019,"9":75278,"10":75793,"11":79418,"12":83921,"13":90169,"14":114611,"15":118899,"16":121523,"17":127283,"18":163080,"19":170321},"event":{"0":"planted","1":"defused","2":"planted","3":"exploded","4":"planted","5":"planted","6":"planted","7":"planted","8":"exploded","9":"planted","10":"defused","11":"planted","12":"planted","13":"planted","14":"planted","15":"planted","16":"exploded","17":"planted","18":"planted","19":"planted"},"site":{"0":"BombsiteA","1":"BombsiteA","2":"BombsiteA","3":"BombsiteA","4":"BombsiteB","5":"BombsiteB","6":"BombsiteB","7":"BombsiteA","8":"BombsiteA","9":"BombsiteA","10":"BombsiteA","11":"BombsiteA","12":"BombsiteA","13":"BombsiteA","14":"BombsiteB","15":"BombsiteB","16":"BombsiteB","17":"BombsiteA","18":"BombsiteA","19":"BombsiteA"},"X":{"0":-582.8229370117,"1":-583.7564697266,"2":-554.96875,"3":-554.96875,"4":-2037.0297851562,"5":-1969.0544433594,"6":-2094.96875,"7":-277.8939208984,"8":-277.8939208984,"9":-380.80859375,"10":-404.1000976562,"11":-253.0924072266,"12":-499.5643920898,"13":-253.96875,"14":-1969.0302734375,"15":-2022.8265380859,"16":-2022.8265380859,"17":-278.4849853516,"18":-494.3497314453,"19":-300.7405395508},"Y":{"0":-2185.6572265625,"1":-2246.6135253906,"2":-2103.6928710938,"3":-2103.6928710938,"4":221.6459197998,"5":450.03125,"6":399.5896606445,"7":-2163.3251953125,"8":-2163.3251953125,"9":-2128.9670410156,"10":-2072.9052734375,"11":-2204.0900878906,"12":-1990.2833251953,"13":-2134.0754394531,"14":450.03125,"15":409.9710693359,"16":409.9710693359,"17":-2157.8610839844,"18":-2006.1856689453,"19":-2163.4194335938},"Z":{"0":-179.96875,"1":-179.3698730469,"2":-179.96875,"3":-179.96875,"4":-159.96875,"5":-159.96875,"6":-159.96875,"7":-173.1794433594,"8":-173.1794433594,"9":-179.96875,"10":-179.96875,"11":-168.4536132812,"12":-179.96875,"13":-172.9469604492,"14":-159.96875,"15":-159.96875,"16":-159.96875,"17":-173.69140625,"18":-179.96875,"19":-174.1864624023},"round":{"0":1,"1":1,"2":3,"3":3,"4":6,"5":7,"6":8,"7":9,"8":9,"9":11,"10":11,"11":12,"12":13,"13":14,"14":16,"15":17,"16":17,"17":18,"18":20,"19":21}}