{
 "tick":{
  "0":3813,
  "1":8611,
  "2":15349,
  "3":17973,
  "4":40061,
  "5":42685,
  "6":54983,
  "7":56074,
  "8":62436,
  "9":65060,
  "10":75755,
  "11":78379,
  "12":99633,
  "13":105877,
  "14":108501,
  "15":114044,
  "16":116668,
  "17":125342,
  "18":126861
 },
 "event":{
  "0":"planted",
  "1":"planted",
  "2":"planted",
  "3":"exploded",
  "4":"planted",
  "5":"exploded",
  "6":"planted",
  "7":"defused",
  "8":"planted",
  "9":"exploded",
  "10":"planted",
  "11":"exploded",
  "12":"planted",
  "13":"planted",
  "14":"exploded",
  "15":"planted",
  "16":"exploded",
  "17":"planted",
  "18":"defused"
 },
 "site":{
  "0":"BombsiteA",
  "1":"BombsiteA",
  "2":"BombsiteB",
  "3":"BombsiteB",
  "4":"BombsiteA",
  "5":"BombsiteA",
  "6":"BombsiteA",
  "7":"BombsiteA",
  "8":"BombsiteB",
  "9":"BombsiteB",
  "10":"BombsiteA",
  "11":"BombsiteA",
  "12":"BombsiteA",
  "13":"BombsiteB",
  "14":"BombsiteB",
  "15":"BombsiteB",
  "16":"BombsiteB",
  "17":"BombsiteB",
  "18":"BombsiteB"
 },
 "X":{
  "0":1312.03125,
  "1":1283.4047851562,
  "2":-1049.6121826172,
  "3":-1049.6121826172,
  "4":1313.5272216797,
  "5":1313.5272216797,
  "6":1312.03125,
  "7":1362.5555419922,
  "8":-1136.03125,
  "9":-1136.03125,
  "10":1288.8101806641,
  "11":1288.8101806641,
  "12":1283.8149414062,
  "13":-1136.03125,
  "14":-1136.03125,
  "15":-1059.1710205078,
  "16":-1059.1710205078,
  "17":-1055.8920898438,
  "18":-1002.3011474609
 },
 "Y":{
  "0":2171.3881835938,
  "1":1883.1457519531,
  "2":599.96875,
  "3":599.96875,
  "4":1926.2517089844,
  "5":1926.2517089844,
  "6":2173.7722167969,
  "7":2162.3159179688,
  "8":699.96875,
  "9":699.96875,
  "10":1916.43359375,
  "11":1916.43359375,
  "12":1888.4997558594,
  "13":699.4479980469,
  "14":699.4479980469,
  "15":599.96875,
  "16":599.96875,
  "17":599.96875,
  "18":574.5503540039
 },
 "Z":{
  "0":-187.0369873047,
  "1":-191.96875,
  "2":-1.96875,
  "3":-1.96875,
  "4":-191.96875,
  "5":-191.96875,
  "6":-185.4476318359,
  "7":-191.96875,
  "8":-1.96875,
  "9":-1.96875,
  "10":-191.96875,
  "11":-191.96875,
  "12":-191.96875,
  "13":-1.96875,
  "14":-1.96875,
  "15":-1.96875,
  "16":-1.96875,
  "17":-1.96875,
  "18":-3.96875
 },
 "round":{
  "0":0,
  "1":1,
  "2":2,
  "3":2,
  "4":5,
  "5":5,
  "6":7,
  "7":7,
  "8":8,
  "9":8,
  "10":10,
  "11":10,
  "12":12,
  "13":13,
  "14":13,
  "15":14,
  "16":14,
  "17":15,
  "18":15
 }
}