{
 "tick":{
  "0":3675,
  "1":12413,
  "2":15037,
  "3":18958,
  "4":21582,
  "5":27883,
  "6":30507,
  "7":37464,
  "8":40088,
  "9":52381,
  "10":60657,
  "11":69784,
  "12":86449,
  "13":115790,
  "14":117438,
  "15":139681,
  "16":142305,
  "17":158852,
  "18":160772,
  "19":190509
 },
 "event":{
  "0":"planted",
  "1":"planted",
  "2":"exploded",
  "3":"planted",
  "4":"exploded",
  "5":"planted",
  "6":"exploded",
  "7":"planted",
  "8":"exploded",
  "9":"planted",
  "10":"planted",
  "11":"planted",
  "12":"planted",
  "13":"planted",
  "14":"defused",
  "15":"planted",
  "16":"exploded",
  "17":"planted",
  "18":"defused",
  "19":"planted"
 },
 "site":{
  "0":"BombsiteB",
  "1":"BombsiteA",
  "2":"BombsiteA",
  "3":"BombsiteA",
  "4":"BombsiteA",
  "5":"BombsiteA",
  "6":"BombsiteA",
  "7":"BombsiteB",
  "8":"BombsiteB",
  "9":"BombsiteA",
  "10":"BombsiteB",
  "11":"BombsiteB",
  "12":"BombsiteA",
  "13":"BombsiteA",
  "14":"BombsiteA",
  "15":"BombsiteA",
  "16":"BombsiteA",
  "17":"BombsiteA",
  "18":"BombsiteA",
  "19":"BombsiteA"
 },
 "X":{
  "0":-1987.03125,
  "1":-329.5300292969,
  "2":-329.5300292969,
  "3":-272.5762939453,
  "4":-272.5762939453,
  "5":-590.9580688477,
  "6":-590.9580688477,
  "7":-1910.9017333984,
  "8":-1910.9017333984,
  "9":-271.2133789062,
  "10":-1987.03125,
  "11":-1998.5329589844,
  "12":-253.96875,
  "13":-503.784362793,
  "14":-498.1890869141,
  "15":-435.2325439453,
  "16":-435.2325439453,
  "17":-493.3120117188,
  "18":-501.8250732422,
  "19":-502.3598632812
 },
 "Y":{
  "0":429.8270874023,
  "1":-2038.4110107422,
  "2":-2038.4110107422,
  "3":-2162.6831054688,
  "4":-2162.6831054688,
  "5":-2148.701171875,
  "6":-2148.701171875,
  "7":327.96875,
  "8":327.96875,
  "9":-2155.5949707031,
  "10":436.9436645508,
  "11":427.8255004883,
  "12":-2150.1977539062,
  "13":-1980.4431152344,
  "14":-1920.5434570312,
  "15":-1985.8972167969,
  "16":-1985.8972167969,
  "17":-2033.4364013672,
  "18":-2094.8356933594,
  "19":-1989.4171142578
 },
 "Z":{
  "0":-159.96875,
  "1":-175.4117431641,
  "2":-175.4117431641,
  "3":-173.0001220703,
  "4":-173.0001220703,
  "5":-179.96875,
  "6":-179.96875,
  "7":-159.96875,
  "8":-159.96875,
  "9":-173.5696411133,
  "10":-159.96875,
  "11":-159.96875,
  "12":-173.2829589844,
  "13":-179.96875,
  "14":-179.96875,
  "15":-179.96875,
  "16":-179.96875,
  "17":-179.96875,
  "18":-179.96875,
  "19":-179.96875
 },
 "round":{
  "0":1,
  "1":2,
  "2":2,
  "3":3,
  "4":3,
  "5":4,
  "6":4,
  "7":5,
  "8":5,
  "9":7,
  "10":8,
  "11":9,
  "12":11,
  "13":12,
  "14":12,
  "15":15,
  "16":15,
  "17":17,
  "18":17,
  "19":19
 }
}