{
 "tick":{
  "0":15874,
  "1":24172,
  "2":39269,
  "3":46125,
  "4":97735,
  "5":102440,
  "6":110035,
  "7":129258,
  "8":140780,
  "9":142553,
  "10":166415
 },
 "event":{
  "0":"planted",
  "1":"planted",
  "2":"planted",
  "3":"planted",
  "4":"planted",
  "5":"planted",
  "6":"planted",
  "7":"planted",
  "8":"planted",
  "9":"defused",
  "10":"planted"
 },
 "site":{
  "0":"BombsiteA",
  "1":"BombsiteB",
  "2":"BombsiteA",
  "3":"BombsiteB",
  "4":"BombsiteA",
  "5":"BombsiteB",
  "6":"BombsiteA",
  "7":"BombsiteB",
  "8":"BombsiteB",
  "9":"BombsiteB",
  "10":"BombsiteA"
 },
 "X":{
  "0":-2564.6306152344,
  "1":-975.1167602539,
  "2":-2573.0446777344,
  "3":-964.6430664062,
  "4":-2540.640625,
  "5":-996.1303100586,
  "6":-2150.9704589844,
  "7":-1166.4678955078,
  "8":-1251.96875,
  "9":-1208.2677001953,
  "10":-2561.1235351562
 },
 "Y":{
  "0":642.8718261719,
  "1":-47.494934082,
  "2":639.7144775391,
  "3":176.4273223877,
  "4":646.6029663086,
  "5":-80.0335693359,
  "6":569.4497070312,
  "7":-84.5518188477,
  "8":5.0273871422,
  "9":47.2679290771,
  "10":630.6616210938
 },
 "Z":{
  "0":484.03125,
  "1":100.03125,
  "2":484.03125,
  "3":100.0312423706,
  "4":484.03125,
  "5":102.7161102295,
  "6":522.1114501953,
  "7":104.9521026611,
  "8":103.53125,
  "9":103.53125,
  "10":484.0312194824
 },
 "round":{
  "0":3,
  "1":4,
  "2":6,
  "3":7,
  "4":13,
  "5":14,
  "6":15,
  "7":17,
  "8":19,
  "9":19,
  "10":23
 }
}