{
 "tick":{
  "0":50578,
  "1":52992,
  "2":61038,
  "3":68567,
  "4":73612,
  "5":76236,
  "6":90590,
  "7":93214,
  "8":107048,
  "9":112718,
  "10":115342,
  "11":192848,
  "12":195472
 },
 "event":{
  "0":"planted",
  "1":"defused",
  "2":"planted",
  "3":"planted",
  "4":"planted",
  "5":"exploded",
  "6":"planted",
  "7":"exploded",
  "8":"planted",
  "9":"planted",
  "10":"exploded",
  "11":"planted",
  "12":"exploded"
 },
 "site":{
  "0":"BombsiteA",
  "1":"BombsiteA",
  "2":"BombsiteB",
  "3":"BombsiteA",
  "4":"BombsiteA",
  "5":"BombsiteA",
  "6":"BombsiteB",
  "7":"BombsiteB",
  "8":"BombsiteB",
  "9":"BombsiteA",
  "10":"BombsiteA",
  "11":"BombsiteA",
  "12":"BombsiteA"
 },
 "X":{
  "0":-1567.75,
  "1":-1547.2984619141,
  "2":819.0363769531,
  "3":-1280.03125,
  "4":-1280.03125,
  "5":-1280.03125,
  "6":869.03125,
  "7":869.03125,
  "8":869.03125,
  "9":-1563.0676269531,
  "10":-1563.0676269531,
  "11":-1286.5887451172,
  "12":-1286.5887451172
 },
 "Y":{
  "0":702.2092895508,
  "1":714.3511352539,
  "2":4.9694318771,
  "3":793.96875,
  "4":793.96875,
  "5":793.96875,
  "6":82.96875,
  "7":82.96875,
  "8":82.96875,
  "9":713.9663085938,
  "10":713.9663085938,
  "11":769.2576293945,
  "12":769.2576293945
 },
 "Z":{
  "0":56.03125,
  "1":56.03125,
  "2":130.9011230469,
  "3":54.03125,
  "4":54.03125,
  "5":54.03125,
  "6":130.9011077881,
  "7":130.9011077881,
  "8":130.9011077881,
  "9":56.03125,
  "10":56.03125,
  "11":54.03125,
  "12":54.03125
 },
 "round":{
  "0":0,
  "1":0,
  "2":1,
  "3":2,
  "4":3,
  "5":3,
  "6":5,
  "7":5,
  "8":7,
  "9":8,
  "10":8,
  "11":16,
  "12":16
 }
}