{"tick":{"0":26805,"1":36949,"2":44015,"3":46639,"4":54557,"5":57181,"6":64875,"7":66131,"8":82448,"9":84993,"10":117275,"11":119899,"12":126422,"13":128494,"14":161043,"15":162066,"16":185891,"17":188515,"18":197397,"19":199753,"20":205768,"21":222524,"22":225148,"23":233501,"24":275871},"event":{"0":"planted","1":"planted","2":"planted","3":"exploded","4":"planted","5":"exploded","6":"planted","7":"defused","8":"planted","9":"defused","10":"planted","11":"exploded","12":"planted","13":"defused","14":"planted","15":"defused","16":"planted","17":"exploded","18":"planted","19":"defused","20":"planted","21":"planted","22":"exploded","23":"planted","24":"planted"},"site":{"0":"BombsiteB","1":"BombsiteA","2":"BombsiteB","3":"BombsiteB","4":"BombsiteA","5":"BombsiteA","6":"BombsiteA","7":"BombsiteA","8":"BombsiteB","9":"BombsiteB","10":"BombsiteA","11":"BombsiteA","12":"BombsiteB","13":"BombsiteB","14":"BombsiteB","15":"BombsiteB","16":"BombsiteA","17":"BombsiteA","18":"BombsiteB","19":"BombsiteB","20":"BombsiteA","21":"BombsiteA","22":"BombsiteA","23":"BombsiteA","24":"BombsiteB"},"X":{"0":546.1915283203,"1":1973.9460449219,"2":541.1669311523,"3":541.1669311523,"4":1986.1037597656,"5":1986.1037597656,"6":2149.8205566406,"7":2094.8217773438,"8":506.8106079102,"9":484.2793884277,"10":1966.03125,"11":1966.03125,"12":459.1420288086,"13":496.7295837402,"14":506.8878173828,"15":478.5071105957,"16":1966.03125,"17":1966.03125,"18":521.2627563477,"19":488.2192077637,"20":1966.03125,"21":1949.03125,"22":1949.03125,"23":1949.03125,"24":492.591217041},"Y":{"0":2941.5437011719,"1":721.96875,"2":2951.2766113281,"3":2951.2766113281,"4":721.96875,"5":721.96875,"6":296.6871948242,"7":319.3109741211,"8":2945.8247070312,"9":2903.5439453125,"10":721.96875,"11":721.96875,"12":2912.6342773438,"13":2864.0625,"14":2954.8342285156,"15":2969.4077148438,"16":721.7485351562,"17":721.7485351562,"18":2642.39453125,"19":2637.9790039062,"20":721.9689941406,"21":696.96875,"22":696.96875,"23":696.96875,"24":2968.2590332031},"Z":{"0":161.5312347412,"1":160.03125,"2":161.5312347412,"3":161.5312347412,"4":160.03125,"5":160.03125,"6":160.03125,"7":160.03125,"8":161.5312347412,"9":161.5312347412,"10":160.03125,"11":160.03125,"12":161.53125,"13":161.5312347412,"14":161.5312347412,"15":161.5312652588,"16":160.03125,"17":160.03125,"18":161.5312347412,"19":161.5312347412,"20":160.03125,"21":160.03125,"22":160.03125,"23":160.03125,"24":161.5312347412},"round":{"0":0,"1":1,"2":2,"3":2,"4":3,"5":3,"6":4,"7":4,"8":6,"9":6,"10":10,"11":10,"12":11,"13":11,"14":14,"15":14,"16":17,"17":17,"18":18,"19":18,"20":19,"21":21,"22":21,"23":22,"24":27}}