{
 "tick":{
  "0":18518,
  "1":26377,
  "2":44710,
  "3":49553,
  "4":55673,
  "5":68044,
  "6":82425,
  "7":85049,
  "8":92441,
  "9":94052,
  "10":106541,
  "11":107755,
  "12":113552,
  "13":116176,
  "14":127340
 },
 "event":{
  "0":"planted",
  "1":"planted",
  "2":"planted",
  "3":"planted",
  "4":"planted",
  "5":"planted",
  "6":"planted",
  "7":"exploded",
  "8":"planted",
  "9":"defused",
  "10":"planted",
  "11":"defused",
  "12":"planted",
  "13":"exploded",
  "14":"planted"
 },
 "site":{
  "0":"BombsiteA",
  "1":"BombsiteB",
  "2":"BombsiteA",
  "3":"BombsiteA",
  "4":"BombsiteA",
  "5":"BombsiteA",
  "6":"BombsiteB",
  "7":"BombsiteB",
  "8":"BombsiteA",
  "9":"BombsiteA",
  "10":"BombsiteA",
  "11":"BombsiteA",
  "12":"BombsiteB",
  "13":"BombsiteB",
  "14":"BombsiteA"
 },
 "X":{
  "0":511.702331543,
  "1":359.7666625977,
  "2":754.9870605469,
  "3":602.3780517578,
  "4":732.4416503906,
  "5":814.7437133789,
  "6":646.3272705078,
  "7":646.3272705078,
  "8":546.5674438477,
  "9":594.8859863281,
  "10":733.1636352539,
  "11":794.2133178711,
  "12":639.5741577148,
  "13":639.5741577148,
  "14":648.5994262695
 },
 "Y":{
  "0":-934.2181396484,
  "1":-696.7350463867,
  "2":-602.8409423828,
  "3":-875.4124145508,
  "4":-548.7155761719,
  "5":-568.7019042969,
  "6":-1314.3571777344,
  "7":-1314.3571777344,
  "8":-921.3056030273,
  "9":-883.3424072266,
  "10":-609.7149047852,
  "11":-607.926940918,
  "12":-1256.1875,
  "13":-1256.1875,
  "14":-792.7740478516
 },
 "Z":{
  "0":-410.6419677734,
  "1":-765.96875,
  "2":-399.9682617188,
  "3":-414.3338623047,
  "4":-400.2774047852,
  "5":-399.9682617188,
  "6":-765.96875,
  "7":-765.96875,
  "8":-407.5245361328,
  "9":-406.841796875,
  "10":-399.9682617188,
  "11":-399.9683227539,
  "12":-768.84375,
  "13":-768.84375,
  "14":-415.96875
 },
 "round":{
  "0":3,
  "1":4,
  "2":5,
  "3":6,
  "4":7,
  "5":9,
  "6":11,
  "7":11,
  "8":12,
  "9":12,
  "10":14,
  "11":14,
  "12":15,
  "13":15,
  "14":17
 }
}