{
 "tick":{
  "0":19487,
  "1":20619,
  "2":30967,
  "3":33591,
  "4":44302,
  "5":45286,
  "6":58567,
  "7":70110,
  "8":72734,
  "9":78209,
  "10":112573,
  "11":114907,
  "12":127106,
  "13":129730
 },
 "event":{
  "0":"planted",
  "1":"defused",
  "2":"planted",
  "3":"exploded",
  "4":"planted",
  "5":"defused",
  "6":"planted",
  "7":"planted",
  "8":"exploded",
  "9":"planted",
  "10":"planted",
  "11":"defused",
  "12":"planted",
  "13":"exploded"
 },
 "site":{
  "0":"BombsiteB",
  "1":"BombsiteB",
  "2":"BombsiteA",
  "3":"BombsiteA",
  "4":"BombsiteA",
  "5":"BombsiteA",
  "6":"BombsiteA",
  "7":"BombsiteA",
  "8":"BombsiteA",
  "9":"BombsiteA",
  "10":"BombsiteB",
  "11":"BombsiteB",
  "12":"BombsiteA",
  "13":"BombsiteA"
 },
 "X":{
  "0":-1883.98828125,
  "1":-1889.5056152344,
  "2":-491.2164306641,
  "3":-491.2164306641,
  "4":-262.3824462891,
  "5":-320.6174316406,
  "6":-591.2559814453,
  "7":-415.138671875,
  "8":-415.138671875,
  "9":-488.8424072266,
  "10":-1969.03125,
  "11":-1951.265625,
  "12":-595.0886230469,
  "13":-595.0886230469
 },
 "Y":{
  "0":244.1278991699,
  "1":249.3889160156,
  "2":-1987.4821777344,
  "3":-1987.4821777344,
  "4":-2210.9594726562,
  "5":-2222.1848144531,
  "6":-2183.8325195312,
  "7":-1994.3754882812,
  "8":-1994.3754882812,
  "9":-2003.5335693359,
  "10":452.5866394043,
  "11":511.6518249512,
  "12":-2160.1076660156,
  "13":-2160.1076660156
 },
 "Z":{
  "0":-159.96875,
  "1":-159.96875,
  "2":-179.96875,
  "3":-179.96875,
  "4":-168.255859375,
  "5":-169.8463134766,
  "6":-179.96875,
  "7":-179.96875,
  "8":-179.96875,
  "9":-179.96875,
  "10":-159.96875,
  "11":-167.96875,
  "12":-179.96875,
  "13":-179.96875
 },
 "round":{
  "0":2,
  "1":2,
  "2":4,
  "3":4,
  "4":7,
  "5":7,
  "6":9,
  "7":11,
  "8":11,
  "9":12,
  "10":17,
  "11":17,
  "12":18,
  "13":18
 }
}