{
 "tick":{
  "0":3310,
  "1":9216,
  "2":11669,
  "3":20211,
  "4":22522,
  "5":45264,
  "6":47149,
  "7":55871,
  "8":63354,
  "9":65284,
  "10":94884,
  "11":96732,
  "12":113132,
  "13":118124,
  "14":134585
 },
 "event":{
  "0":"planted",
  "1":"planted",
  "2":"defused",
  "3":"planted",
  "4":"defused",
  "5":"planted",
  "6":"defused",
  "7":"planted",
  "8":"planted",
  "9":"defused",
  "10":"planted",
  "11":"defused",
  "12":"planted",
  "13":"planted",
  "14":"planted"
 },
 "site":{
  "0":"BombsiteA",
  "1":"BombsiteB",
  "2":"BombsiteB",
  "3":"BombsiteB",
  "4":"BombsiteB",
  "5":"BombsiteB",
  "6":"BombsiteB",
  "7":"BombsiteA",
  "8":"BombsiteA",
  "9":"BombsiteA",
  "10":"BombsiteB",
  "11":"BombsiteB",
  "12":"BombsiteB",
  "13":"BombsiteA",
  "14":"BombsiteA"
 },
 "X":{
  "0":1106.4934082031,
  "1":-1059.4605712891,
  "2":-1002.0690917969,
  "3":-1095.3031005859,
  "4":-1136.7369384766,
  "5":-1083.1966552734,
  "6":-1136.03125,
  "7":1283.8911132812,
  "8":1220.8420410156,
  "9":1276.0766601562,
  "10":-1229.837890625,
  "11":-1286.78515625,
  "12":-1136.03125,
  "13":1500.13671875,
  "14":1283.6127929688
 },
 "Y":{
  "0":1966.7775878906,
  "1":599.96875,
  "2":588.637512207,
  "3":821.0078735352,
  "4":778.4663085938,
  "5":599.96875,
  "6":605.2667236328,
  "7":1889.6781005859,
  "8":1809.7703857422,
  "9":1828.8344726562,
  "10":535.7496337891,
  "11":549.180847168,
  "12":687.0010986328,
  "13":2164.2321777344,
  "14":1885.6534423828
 },
 "Z":{
  "0":-191.96875,
  "1":-1.96875,
  "2":-3.96875,
  "3":-3.96875,
  "4":-1.96875,
  "5":-1.96875,
  "6":-1.96875,
  "7":-191.96875,
  "8":-191.96875,
  "9":-191.96875,
  "10":0.03125,
  "11":0.0312509537,
  "12":-1.96875,
  "13":-191.8076782227,
  "14":-191.96875
 },
 "round":{
  "0":0,
  "1":1,
  "2":1,
  "3":2,
  "4":2,
  "5":5,
  "6":5,
  "7":6,
  "8":7,
  "9":7,
  "10":11,
  "11":11,
  "12":12,
  "13":13,
  "14":15
 }
}