{
 "tick":{
  "0":4426,
  "1":11876,
  "2":22912,
  "3":25536,
  "4":49674,
  "5":70811,
  "6":73435,
  "7":86369,
  "8":101221,
  "9":102811,
  "10":130929,
  "11":133553,
  "12":138180,
  "13":140804,
  "14":158139,
  "15":163466
 },
 "event":{
  "0":"planted",
  "1":"planted",
  "2":"planted",
  "3":"exploded",
  "4":"planted",
  "5":"planted",
  "6":"exploded",
  "7":"planted",
  "8":"planted",
  "9":"defused",
  "10":"planted",
  "11":"exploded",
  "12":"planted",
  "13":"exploded",
  "14":"planted",
  "15":"planted"
 },
 "site":{
  "0":"BombsiteA",
  "1":"BombsiteA",
  "2":"BombsiteA",
  "3":"BombsiteA",
  "4":"BombsiteA",
  "5":"BombsiteA",
  "6":"BombsiteA",
  "7":"BombsiteB",
  "8":"BombsiteA",
  "9":"BombsiteA",
  "10":"BombsiteB",
  "11":"BombsiteB",
  "12":"BombsiteA",
  "13":"BombsiteA",
  "14":"BombsiteB",
  "15":"BombsiteA"
 },
 "X":{
  "0":-253.9719848633,
  "1":-321.03125,
  "2":-253.8892822266,
  "3":-253.8892822266,
  "4":-357.2445068359,
  "5":-265.0421142578,
  "6":-265.0421142578,
  "7":-1987.0300292969,
  "8":-533.3149414062,
  "9":-591.7418212891,
  "10":-1969.03125,
  "11":-1969.03125,
  "12":-337.0596923828,
  "13":-337.0596923828,
  "14":-1969.03125,
  "15":-473.580078125
 },
 "Y":{
  "0":-2134.072265625,
  "1":-2034.7836914062,
  "2":-2135.4338378906,
  "3":-2135.4338378906,
  "4":-2189.2124023438,
  "5":-2166.2431640625,
  "6":-2166.2431640625,
  "7":426.4374084473,
  "8":-1972.96875,
  "9":-1974.4306640625,
  "10":450.03125,
  "11":450.03125,
  "12":-2040.4061279297,
  "13":-2040.4061279297,
  "14":450.03125,
  "15":-2002.6486816406
 },
 "Z":{
  "0":-172.9470825195,
  "1":-174.4951171875,
  "2":-173.0002441406,
  "3":-173.0002441406,
  "4":-174.4050292969,
  "5":-172.3488769531,
  "6":-172.3488769531,
  "7":-159.96875,
  "8":-179.96875,
  "9":-179.96875,
  "10":-159.96875,
  "11":-159.96875,
  "12":-176.1697387695,
  "13":-176.1697387695,
  "14":-159.96875,
  "15":-179.96875
 },
 "round":{
  "0":1,
  "1":2,
  "2":4,
  "3":4,
  "4":8,
  "5":11,
  "6":11,
  "7":13,
  "8":15,
  "9":15,
  "10":19,
  "11":19,
  "12":20,
  "13":20,
  "14":22,
  "15":23
 }
}