{
 "tick":{
  "0":10471,
  "1":20688,
  "2":30039,
  "3":32663,
  "4":74230,
  "5":81918,
  "6":83880,
  "7":88096,
  "8":89217,
  "9":95897,
  "10":98521,
  "11":116244,
  "12":116979,
  "13":131245,
  "14":131944
 },
 "event":{
  "0":"planted",
  "1":"planted",
  "2":"planted",
  "3":"exploded",
  "4":"planted",
  "5":"planted",
  "6":"defused",
  "7":"planted",
  "8":"defused",
  "9":"planted",
  "10":"exploded",
  "11":"planted",
  "12":"defused",
  "13":"planted",
  "14":"defused"
 },
 "site":{
  "0":"BombsiteA",
  "1":"BombsiteB",
  "2":"BombsiteB",
  "3":"BombsiteB",
  "4":"BombsiteA",
  "5":"BombsiteA",
  "6":"BombsiteA",
  "7":"BombsiteB",
  "8":"BombsiteB",
  "9":"BombsiteA",
  "10":"BombsiteA",
  "11":"BombsiteB",
  "12":"BombsiteB",
  "13":"BombsiteA",
  "14":"BombsiteA"
 },
 "X":{
  "0":1258.3065185547,
  "1":-1136.03125,
  "2":-1058.0718994141,
  "3":-1058.0718994141,
  "4":1284.1683349609,
  "5":1280.03125,
  "6":1276.2672119141,
  "7":-1023.8694458008,
  "8":-1067.2489013672,
  "9":1275.7535400391,
  "10":1275.7535400391,
  "11":-1032.8022460938,
  "12":-981.1734008789,
  "13":1281.4385986328,
  "14":1276.8649902344
 },
 "Y":{
  "0":1978.8197021484,
  "1":699.96875,
  "2":599.96875,
  "3":599.96875,
  "4":1893.0943603516,
  "5":1898.484375,
  "6":1959.0634765625,
  "7":599.96875,
  "8":558.9104614258,
  "9":1939.3154296875,
  "10":1939.3154296875,
  "11":776.0278320312,
  "12":777.6838989258,
  "13":1867.4427490234,
  "14":1835.37109375
 },
 "Z":{
  "0":-183.5869750977,
  "1":-1.96875,
  "2":-1.96875,
  "3":-1.96875,
  "4":-191.96875,
  "5":-179.397644043,
  "6":-191.96875,
  "7":-1.96875,
  "8":-3.96875,
  "9":-178.7945556641,
  "10":-178.7945556641,
  "11":-1.96875,
  "12":-1.96875,
  "13":-182.8669433594,
  "14":-191.96875
 },
 "round":{
  "0":2,
  "1":3,
  "2":5,
  "3":5,
  "4":12,
  "5":13,
  "6":13,
  "7":14,
  "8":14,
  "9":15,
  "10":15,
  "11":17,
  "12":17,
  "13":19,
  "14":19
 }
}