{
 "tick":{
  "0":3561,
  "1":5889,
  "2":18301,
  "3":20925,
  "4":27682,
  "5":30306,
  "6":38754,
  "7":53655,
  "8":65363,
  "9":66343,
  "10":82840,
  "11":104581,
  "12":105519,
  "13":122597,
  "14":141521,
  "15":142222,
  "16":147637,
  "17":150261,
  "18":160162,
  "19":161110
 },
 "event":{
  "0":"planted",
  "1":"defused",
  "2":"planted",
  "3":"exploded",
  "4":"planted",
  "5":"exploded",
  "6":"planted",
  "7":"planted",
  "8":"planted",
  "9":"defused",
  "10":"planted",
  "11":"planted",
  "12":"defused",
  "13":"planted",
  "14":"planted",
  "15":"defused",
  "16":"planted",
  "17":"exploded",
  "18":"planted",
  "19":"defused"
 },
 "site":{
  "0":"BombsiteB",
  "1":"BombsiteB",
  "2":"BombsiteA",
  "3":"BombsiteA",
  "4":"BombsiteA",
  "5":"BombsiteA",
  "6":"BombsiteB",
  "7":"BombsiteA",
  "8":"BombsiteA",
  "9":"BombsiteA",
  "10":"BombsiteB",
  "11":"BombsiteB",
  "12":"BombsiteB",
  "13":"BombsiteA",
  "14":"BombsiteA",
  "15":"BombsiteA",
  "16":"BombsiteA",
  "17":"BombsiteA",
  "18":"BombsiteA",
  "19":"BombsiteA"
 },
 "X":{
  "0":869.0299682617,
  "1":869.0293579102,
  "2":-1574.8295898438,
  "3":-1574.8295898438,
  "4":-1567.8096923828,
  "5":-1567.8096923828,
  "6":789.4678955078,
  "7":-1317.5949707031,
  "8":-1575.3729248047,
  "9":-1515.8543701172,
  "10":799.5834350586,
  "11":958.8551635742,
  "12":923.8334350586,
  "13":-1229.1837158203,
  "14":-1264.9290771484,
  "15":-1207.3790283203,
  "16":-1217.41015625,
  "17":-1217.41015625,
  "18":-1582.4086914062,
  "19":-1541.3171386719
 },
 "Y":{
  "0":82.96875,
  "1":82.96875,
  "2":703.3924560547,
  "3":703.3924560547,
  "4":704.2994995117,
  "5":704.2994995117,
  "6":4.9687495232,
  "7":711.3833618164,
  "8":707.8602905273,
  "9":695.2619018555,
  "10":4.9722805023,
  "11":190.0182495117,
  "12":239.887802124,
  "13":725.0849609375,
  "14":729.96875,
  "15":709.0534057617,
  "16":893.03125,
  "17":893.03125,
  "18":728.1948242188,
  "19":681.9625854492
 },
 "Z":{
  "0":130.9011077881,
  "1":130.9011077881,
  "2":56.03125,
  "3":56.03125,
  "4":56.03125,
  "5":56.03125,
  "6":130.9011230469,
  "7":56.03125,
  "8":56.03125,
  "9":56.03125,
  "10":130.9011230469,
  "11":133.7000732422,
  "12":133.060256958,
  "13":56.03125,
  "14":56.03125,
  "15":56.03125,
  "16":62.03125,
  "17":62.03125,
  "18":56.03125,
  "19":55.6849632263
 },
 "round":{
  "0":1,
  "1":1,
  "2":3,
  "3":3,
  "4":4,
  "5":4,
  "6":5,
  "7":7,
  "8":9,
  "9":9,
  "10":12,
  "11":15,
  "12":15,
  "13":17,
  "14":20,
  "15":20,
  "16":21,
  "17":21,
  "18":22,
  "19":22
 }
}