{"tick":{"0":14309,"1":16933,"2":21945,"3":26908,"4":34800,"5":37424,"6":69527,"7":72151,"8":100931,"9":102214,"10":106562,"11":109186,"12":126958,"13":129582,"14":140460,"15":142249,"16":171081,"17":173705,"18":181566,"19":184190,"20":191904,"21":193992,"22":198981,"23":201605,"24":217420},"event":{"0":"planted","1":"exploded","2":"planted","3":"planted","4":"planted","5":"exploded","6":"planted","7":"exploded","8":"planted","9":"defused","10":"planted","11":"exploded","12":"planted","13":"exploded","14":"planted","15":"defused","16":"planted","17":"exploded","18":"planted","19":"exploded","20":"planted","21":"defused","22":"planted","23":"exploded","24":"planted"},"site":{"0":"BombsiteA","1":"BombsiteA","2":"BombsiteA","3":"BombsiteA","4":"BombsiteB","5":"BombsiteB","6":"BombsiteB","7":"BombsiteB","8":"BombsiteA","9":"BombsiteA","10":"BombsiteB","11":"BombsiteB","12":"BombsiteB","13":"BombsiteB","14":"BombsiteA","15":"BombsiteA","16":"BombsiteB","17":"BombsiteB","18":"BombsiteB","19":"BombsiteB","20":"BombsiteA","21":"BombsiteA","22":"BombsiteA","23":"BombsiteA","24":"BombsiteA"},"X":{"0":2080.5207519531,"1":2080.5207519531,"2":1966.03125,"3":1949.0286865234,"4":373.262878418,"5":373.262878418,"6":545.9174194336,"7":545.9174194336,"8":2099.1469726562,"9":2038.3072509766,"10":546.4003295898,"11":546.4003295898,"12":544.7557983398,"13":544.7557983398,"14":1898.03125,"15":1956.6492919922,"16":566.9468383789,"17":566.9468383789,"18":566.3057250977,"19":566.3057250977,"20":2077.9052734375,"21":2018.2399902344,"22":1971.5500488281,"23":1971.5500488281,"24":1819.03125},"Y":{"0":180.9006500244,"1":180.9006500244,"2":721.96875,"3":696.96875,"4":2592.96875,"5":2592.96875,"6":2938.4182128906,"7":2938.4182128906,"8":181.0910491943,"9":170.9248809814,"10":2943.9650878906,"11":2943.9650878906,"12":2925.01171875,"13":2925.01171875,"14":537.5396118164,"15":550.5415039062,"16":2883.9692382812,"17":2883.9692382812,"18":2883.96875,"19":2883.96875,"20":184.1841278076,"21":187.6203765869,"22":721.96875,"23":721.96875,"24":309.0146179199},"Z":{"0":160.03125,"1":160.03125,"2":160.03125,"3":160.03125,"4":164.03125,"5":164.03125,"6":161.5312347412,"7":161.5312347412,"8":160.03125,"9":160.03125,"10":161.5312347412,"11":161.5312347412,"12":161.5312347412,"13":161.5312347412,"14":161.03125,"15":160.03125,"16":168.0312347412,"17":168.0312347412,"18":168.0312347412,"19":168.0312347412,"20":160.03125,"21":160.03125,"22":160.03125,"23":160.03125,"24":161.0312194824},"round":{"0":2,"1":2,"2":3,"3":4,"4":5,"5":5,"6":9,"7":9,"8":13,"9":13,"10":14,"11":14,"12":16,"13":16,"14":17,"15":17,"16":19,"17":19,"18":20,"19":20,"20":21,"21":21,"22":22,"23":22,"24":24}}