{"tick":{"0":6122,"1":19042,"2":21666,"3":67873,"4":112067,"5":114691,"6":152567,"7":155191},"event":{"0":"planted","1":"planted","2":"exploded","3":"planted","4":"planted","5":"exploded","6":"planted","7":"exploded"},"site":{"0":"BombsiteA","1":"BombsiteA","2":"BombsiteA","3":"BombsiteA","4":"BombsiteA","5":"BombsiteA","6":"BombsiteA","7":"BombsiteA"},"X":{"0":755.2158813477,"1":685.1809082031,"2":685.1809082031,"3":697.9506835938,"4":545.5870361328,"5":545.5870361328,"6":663.5594482422,"7":663.5594482422},"Y":{"0":-770.0313110352,"1":-763.0315551758,"2":-763.0315551758,"3":-766.2172241211,"4":-809.7218017578,"5":-809.7218017578,"6":-790.1166992188,"7":-790.1166992188},"Z":{"0":-399.9682617188,"1":-399.96875,"2":-399.96875,"3":-399.96875,"4":-399.96875,"5":-399.96875,"6":-415.96875,"7":-415.96875},"round":{"0":1,"1":3,"2":3,"3":10,"4":16,"5":16,"6":21,"7":21}}