{
 "tick":{
  "0":9171,
  "1":10918,
  "2":37386,
  "3":39224,
  "4":63624,
  "5":71879,
  "6":73335,
  "7":76951,
  "8":82917,
  "9":85541,
  "10":102161,
  "11":104785,
  "12":112021,
  "13":120050,
  "14":122674,
  "15":132621,
  "16":134104,
  "17":147259
 },
 "event":{
  "0":"planted",
  "1":"defused",
  "2":"planted",
  "3":"defused",
  "4":"planted",
  "5":"planted",
  "6":"defused",
  "7":"planted",
  "8":"planted",
  "9":"exploded",
  "10":"planted",
  "11":"exploded",
  "12":"planted",
  "13":"planted",
  "14":"exploded",
  "15":"planted",
  "16":"defused",
  "17":"planted"
 },
 "site":{
  "0":"BombsiteB",
  "1":"BombsiteB",
  "2":"BombsiteA",
  "3":"BombsiteA",
  "4":"BombsiteA",
  "5":"BombsiteA",
  "6":"BombsiteA",
  "7":"BombsiteA",
  "8":"BombsiteA",
  "9":"BombsiteA",
  "10":"BombsiteA",
  "11":"BombsiteA",
  "12":"BombsiteB",
  "13":"BombsiteB",
  "14":"BombsiteB",
  "15":"BombsiteB",
  "16":"BombsiteB",
  "17":"BombsiteB"
 },
 "X":{
  "0":643.7982788086,
  "1":703.2557983398,
  "2":704.8177490234,
  "3":729.2528076172,
  "4":747.2958374023,
  "5":675.2961425781,
  "6":613.8882446289,
  "7":635.6373291016,
  "8":673.6020507812,
  "9":673.6020507812,
  "10":752.8496704102,
  "11":752.8496704102,
  "12":341.3739318848,
  "13":340.03125,
  "14":340.03125,
  "15":607.5838012695,
  "16":666.6319580078,
  "17":408.2475891113
 },
 "Y":{
  "0":-1090.822265625,
  "1":-1083.1409912109,
  "2":-781.1834716797,
  "3":-837.0721435547,
  "4":-606.9038085938,
  "5":-769.2884521484,
  "6":-771.315246582,
  "7":-770.292175293,
  "8":-764.5309448242,
  "9":-764.5309448242,
  "10":-605.8081665039,
  "11":-605.8081665039,
  "12":-700.0791015625,
  "13":-716.0791015625,
  "14":-716.0791015625,
  "15":-1252.9050292969,
  "16":-1260.8780517578,
  "17":-701.0114746094
 },
 "Z":{
  "0":-768.84375,
  "1":-768.84375,
  "2":-399.9686279297,
  "3":-399.9682617188,
  "4":-399.9682617188,
  "5":-415.96875,
  "6":-415.96875,
  "7":-415.96875,
  "8":-399.96875,
  "9":-399.96875,
  "10":-399.9682617188,
  "11":-399.9682617188,
  "12":-765.96875,
  "13":-765.96875,
  "14":-765.96875,
  "15":-752.84375,
  "16":-769.96875,
  "17":-765.96875
 },
 "round":{
  "0":1,
  "1":1,
  "2":5,
  "3":5,
  "4":8,
  "5":9,
  "6":9,
  "7":10,
  "8":11,
  "9":11,
  "10":13,
  "11":13,
  "12":14,
  "13":15,
  "14":15,
  "15":17,
  "16":17,
  "17":19
 }
}