{
 "tick":{
  "0":6009,
  "1":8633,
  "2":13848,
  "3":16472,
  "4":46124,
  "5":48021,
  "6":56889,
  "7":59140,
  "8":86038,
  "9":94539,
  "10":97163,
  "11":106392
 },
 "event":{
  "0":"planted",
  "1":"exploded",
  "2":"planted",
  "3":"exploded",
  "4":"planted",
  "5":"defused",
  "6":"planted",
  "7":"defused",
  "8":"planted",
  "9":"planted",
  "10":"exploded",
  "11":"planted"
 },
 "site":{
  "0":"BombsiteA",
  "1":"BombsiteA",
  "2":"BombsiteA",
  "3":"BombsiteA",
  "4":"BombsiteA",
  "5":"BombsiteA",
  "6":"BombsiteA",
  "7":"BombsiteA",
  "8":"BombsiteA",
  "9":"BombsiteA",
  "10":"BombsiteA",
  "11":"BombsiteA"
 },
 "X":{
  "0":-321.822265625,
  "1":-321.822265625,
  "2":-465.1961669922,
  "3":-465.1961669922,
  "4":-324.3480224609,
  "5":-283.1149291992,
  "6":-465.0836791992,
  "7":-430.4849243164,
  "8":-557.9084472656,
  "9":-334.4643554688,
  "10":-334.4643554688,
  "11":-297.6305541992
 },
 "Y":{
  "0":-2000.3277587891,
  "1":-2000.3277587891,
  "2":-1980.0815429688,
  "3":-1980.0815429688,
  "4":-2037.0358886719,
  "5":-1993.6309814453,
  "6":-1981.2410888672,
  "7":-2032.6340332031,
  "8":-1976.453125,
  "9":-2039.7208251953,
  "10":-2039.7208251953,
  "11":-2011.587890625
 },
 "Z":{
  "0":-173.0340576172,
  "1":-173.0340576172,
  "2":-179.96875,
  "3":-179.96875,
  "4":-174.8900146484,
  "5":-169.2957763672,
  "6":-179.96875,
  "7":-179.96875,
  "8":-179.96875,
  "9":-175.9085693359,
  "10":-175.9085693359,
  "11":-171.3840942383
 },
 "round":{
  "0":1,
  "1":1,
  "2":2,
  "3":2,
  "4":7,
  "5":7,
  "6":9,
  "7":9,
  "8":13,
  "9":14,
  "10":14,
  "11":16
 }
}