{
 "tick":{
  "0":10936,
  "1":17993,
  "2":20617,
  "3":26139,
  "4":28763,
  "5":32897,
  "6":35521,
  "7":51624,
  "8":53439,
  "9":61314,
  "10":63441,
  "11":70533,
  "12":79141
 },
 "event":{
  "0":"planted",
  "1":"planted",
  "2":"exploded",
  "3":"planted",
  "4":"exploded",
  "5":"planted",
  "6":"exploded",
  "7":"planted",
  "8":"defused",
  "9":"planted",
  "10":"defused",
  "11":"planted",
  "12":"planted"
 },
 "site":{
  "0":"BombsiteA",
  "1":"BombsiteB",
  "2":"BombsiteB",
  "3":"BombsiteA",
  "4":"BombsiteA",
  "5":"BombsiteB",
  "6":"BombsiteB",
  "7":"BombsiteA",
  "8":"BombsiteA",
  "9":"BombsiteB",
  "10":"BombsiteB",
  "11":"BombsiteA",
  "12":"BombsiteA"
 },
 "X":{
  "0":-2480.1965332031,
  "1":-954.6089477539,
  "2":-954.6089477539,
  "3":-2569.9836425781,
  "4":-2569.9836425781,
  "5":-1166.234375,
  "6":-1166.234375,
  "7":-2434.4968261719,
  "8":-2394.5236816406,
  "9":-961.0603027344,
  "10":-1012.301940918,
  "11":-2553.6970214844,
  "12":-2532.8669433594
 },
 "Y":{
  "0":785.0567626953,
  "1":-49.4338378906,
  "2":-49.4338378906,
  "3":642.0199584961,
  "4":642.0199584961,
  "5":-74.9131469727,
  "6":-74.9131469727,
  "7":662.4553222656,
  "8":708.2520751953,
  "9":-32.4404907227,
  "10":-2.422668457,
  "11":591.8121948242,
  "12":647.8131103516
 },
 "Z":{
  "0":476.53125,
  "1":100.0312423706,
  "2":100.0312423706,
  "3":484.0312194824,
  "4":484.0312194824,
  "5":103.5722122192,
  "6":103.5722122192,
  "7":483.7107543945,
  "8":476.5312805176,
  "9":100.03125,
  "10":103.53125,
  "11":484.0312194824,
  "12":484.0312805176
 },
 "round":{
  "0":1,
  "1":3,
  "2":3,
  "3":4,
  "4":4,
  "5":5,
  "6":5,
  "7":7,
  "8":7,
  "9":8,
  "10":8,
  "11":9,
  "12":11
 }
}