{
 "tick":{
  "0":6186,
  "1":8623,
  "2":34353,
  "3":36977,
  "4":45661,
  "5":48285,
  "6":57820,
  "7":66829,
  "8":69453,
  "9":86121,
  "10":121794,
  "11":133911,
  "12":136535,
  "13":160704,
  "14":171649,
  "15":174273,
  "16":185119,
  "17":187743,
  "18":196375
 },
 "event":{
  "0":"planted",
  "1":"defused",
  "2":"planted",
  "3":"exploded",
  "4":"planted",
  "5":"exploded",
  "6":"planted",
  "7":"planted",
  "8":"exploded",
  "9":"planted",
  "10":"planted",
  "11":"planted",
  "12":"exploded",
  "13":"planted",
  "14":"planted",
  "15":"exploded",
  "16":"planted",
  "17":"exploded",
  "18":"planted"
 },
 "site":{
  "0":"BombsiteB",
  "1":"BombsiteB",
  "2":"BombsiteB",
  "3":"BombsiteB",
  "4":"BombsiteB",
  "5":"BombsiteB",
  "6":"BombsiteA",
  "7":"BombsiteB",
  "8":"BombsiteB",
  "9":"BombsiteB",
  "10":"BombsiteA",
  "11":"BombsiteA",
  "12":"BombsiteA",
  "13":"BombsiteA",
  "14":"BombsiteB",
  "15":"BombsiteB",
  "16":"BombsiteA",
  "17":"BombsiteA",
  "18":"BombsiteA"
 },
 "X":{
  "0":571.621887207,
  "1":520.9996337891,
  "2":543.96875,
  "3":543.96875,
  "4":546.4788208008,
  "5":546.4788208008,
  "6":2096.1884765625,
  "7":329.6444396973,
  "8":329.6444396973,
  "9":355.0575866699,
  "10":1821.0808105469,
  "11":1830.7451171875,
  "12":1830.7451171875,
  "13":2013.96875,
  "14":314.96875,
  "15":314.96875,
  "16":1819.3936767578,
  "17":1819.3936767578,
  "18":1966.03125
 },
 "Y":{
  "0":2883.96875,
  "1":2903.2165527344,
  "2":2907.2426757812,
  "3":2907.2426757812,
  "4":2970.0249023438,
  "5":2970.0249023438,
  "6":181.5226287842,
  "7":2729.8571777344,
  "8":2729.8571777344,
  "9":2730.96875,
  "10":300.9143676758,
  "11":305.6083374023,
  "12":305.6083374023,
  "13":721.96875,
  "14":2763.5671386719,
  "15":2763.5671386719,
  "16":689.1962280273,
  "17":689.1962280273,
  "18":721.9639892578
 },
 "Z":{
  "0":168.0312347412,
  "1":161.5312347412,
  "2":161.5312347412,
  "3":161.5312347412,
  "4":161.5312347412,
  "5":161.5312347412,
  "6":160.03125,
  "7":184.2997589111,
  "8":184.2997589111,
  "9":184.2997589111,
  "10":161.0312194824,
  "11":161.0312194824,
  "12":161.0312194824,
  "13":160.03125,
  "14":184.2997589111,
  "15":184.2997589111,
  "16":160.0028533936,
  "17":160.0028533936,
  "18":160.03125
 },
 "round":{
  "0":1,
  "1":1,
  "2":4,
  "3":4,
  "4":5,
  "5":5,
  "6":6,
  "7":7,
  "8":7,
  "9":9,
  "10":13,
  "11":15,
  "12":15,
  "13":18,
  "14":19,
  "15":19,
  "16":20,
  "17":20,
  "18":21
 }
}