{
 "tick":{
  "0":21061,
  "1":27078,
  "2":35084,
  "3":37708,
  "4":43773,
  "5":46397,
  "6":57628,
  "7":60252,
  "8":70524,
  "9":74617,
  "10":88002,
  "11":89674,
  "12":103625,
  "13":105175
 },
 "event":{
  "0":"planted",
  "1":"planted",
  "2":"planted",
  "3":"exploded",
  "4":"planted",
  "5":"exploded",
  "6":"planted",
  "7":"exploded",
  "8":"planted",
  "9":"planted",
  "10":"planted",
  "11":"defused",
  "12":"planted",
  "13":"defused"
 },
 "site":{
  "0":"BombsiteB",
  "1":"BombsiteB",
  "2":"BombsiteA",
  "3":"BombsiteA",
  "4":"BombsiteB",
  "5":"BombsiteB",
  "6":"BombsiteA",
  "7":"BombsiteA",
  "8":"BombsiteB",
  "9":"BombsiteB",
  "10":"BombsiteA",
  "11":"BombsiteA",
  "12":"BombsiteB",
  "13":"BombsiteB"
 },
 "X":{
  "0":771.2554321289,
  "1":770.2882080078,
  "2":-1256.3505859375,
  "3":-1256.3505859375,
  "4":803.1618652344,
  "5":803.1618652344,
  "6":-1573.3250732422,
  "7":-1573.3250732422,
  "8":869.03125,
  "9":869.03125,
  "10":-1261.8858642578,
  "11":-1307.1853027344,
  "12":792.5260009766,
  "13":849.3471069336
 },
 "Y":{
  "0":4.9687504768,
  "1":4.9687509537,
  "2":729.96875,
  "3":729.96875,
  "4":4.9687490463,
  "5":4.9687490463,
  "6":698.9185180664,
  "7":698.9185180664,
  "8":63.946559906,
  "9":82.96875,
  "10":722.0864257812,
  "11":680.9354248047,
  "12":4.9687495232,
  "13":-15.3409423828
 },
 "Z":{
  "0":130.9011230469,
  "1":130.9011230469,
  "2":56.03125,
  "3":56.03125,
  "4":130.9011230469,
  "5":130.9011230469,
  "6":56.03125,
  "7":56.03125,
  "8":130.9011077881,
  "9":130.9011077881,
  "10":56.03125,
  "11":56.0416145325,
  "12":130.9011230469,
  "13":130.03125
 },
 "round":{
  "0":4,
  "1":5,
  "2":6,
  "3":6,
  "4":7,
  "5":7,
  "6":9,
  "7":9,
  "8":11,
  "9":12,
  "10":15,
  "11":15,
  "12":17,
  "13":17
 }
}