{
 "tick":{
  "0":8265,
  "1":10889,
  "2":14146,
  "3":16770,
  "4":45544,
  "5":47676,
  "6":84301,
  "7":100043,
  "8":102667,
  "9":128023
 },
 "event":{
  "0":"planted",
  "1":"exploded",
  "2":"planted",
  "3":"exploded",
  "4":"planted",
  "5":"defused",
  "6":"planted",
  "7":"planted",
  "8":"exploded",
  "9":"planted"
 },
 "site":{
  "0":"BombsiteA",
  "1":"BombsiteA",
  "2":"BombsiteA",
  "3":"BombsiteA",
  "4":"BombsiteA",
  "5":"BombsiteA",
  "6":"BombsiteA",
  "7":"BombsiteB",
  "8":"BombsiteB",
  "9":"BombsiteB"
 },
 "X":{
  "0":-347.03125,
  "1":-347.03125,
  "2":-347.03125,
  "3":-347.03125,
  "4":-347.03125,
  "5":-399.8651123047,
  "6":-370.9333496094,
  "7":-2217.8752441406,
  "8":-2217.8752441406,
  "9":-2216.03125
 },
 "Y":{
  "0":-682.8167114258,
  "1":-682.8167114258,
  "2":-689.9041748047,
  "3":-689.9041748047,
  "4":-682.8162841797,
  "5":-709.5559082031,
  "6":-688.1285400391,
  "7":882.5104370117,
  "8":882.5104370117,
  "9":867.455078125
 },
 "Z":{
  "0":11774.1337890625,
  "1":11774.1337890625,
  "2":11775.01953125,
  "3":11775.01953125,
  "4":11774.1337890625,
  "5":11776.03125,
  "6":11774.7978515625,
  "7":11744.03125,
  "8":11744.03125,
  "9":11744.03125
 },
 "round":{
  "0":1,
  "1":1,
  "2":2,
  "3":2,
  "4":7,
  "5":7,
  "6":13,
  "7":17,
  "8":17,
  "9":21
 }
}