{
 "tick":{
  "0":11602,
  "1":20546,
  "2":26868,
  "3":35592,
  "4":47192,
  "5":49816,
  "6":74888,
  "7":135322,
  "8":136817
 },
 "event":{
  "0":"planted",
  "1":"planted",
  "2":"planted",
  "3":"planted",
  "4":"planted",
  "5":"exploded",
  "6":"planted",
  "7":"planted",
  "8":"defused"
 },
 "site":{
  "0":"BombsiteB",
  "1":"BombsiteA",
  "2":"BombsiteB",
  "3":"BombsiteA",
  "4":"BombsiteB",
  "5":"BombsiteB",
  "6":"BombsiteB",
  "7":"BombsiteA",
  "8":"BombsiteA"
 },
 "X":{
  "0":-2219.7861328125,
  "1":-358.3089599609,
  "2":-2347.1525878906,
  "3":-197.5430297852,
  "4":-2223.5876464844,
  "5":-2223.5876464844,
  "6":-2216.1423339844,
  "7":-365.9493408203,
  "8":-353.3754882812
 },
 "Y":{
  "0":864.7365112305,
  "1":-685.323059082,
  "2":865.7013549805,
  "3":-707.9834594727,
  "4":873.0604858398,
  "5":873.0604858398,
  "6":870.7568969727,
  "7":-687.2018432617,
  "8":-744.6350708008
 },
 "Z":{
  "0":11744.03125,
  "1":11774.447265625,
  "2":11744.03125,
  "3":11776.03125,
  "4":11744.03125,
  "5":11744.03125,
  "6":11744.03125,
  "7":11774.681640625,
  "8":11777.419921875
 },
 "round":{
  "0":1,
  "1":2,
  "2":3,
  "3":4,
  "4":6,
  "5":6,
  "6":10,
  "7":18,
  "8":18
 }
}