{
 "tick":{
  "0":25907,
  "1":27418,
  "2":52846,
  "3":81600,
  "4":83675,
  "5":109761,
  "6":112385,
  "7":144201,
  "8":149146,
  "9":151770,
  "10":158557,
  "11":159997,
  "12":236961,
  "13":239585,
  "14":263574,
  "15":271488
 },
 "event":{
  "0":"planted",
  "1":"defused",
  "2":"planted",
  "3":"planted",
  "4":"defused",
  "5":"planted",
  "6":"exploded",
  "7":"planted",
  "8":"planted",
  "9":"exploded",
  "10":"planted",
  "11":"defused",
  "12":"planted",
  "13":"exploded",
  "14":"planted",
  "15":"planted"
 },
 "site":{
  "0":"BombsiteA",
  "1":"BombsiteA",
  "2":"BombsiteA",
  "3":"BombsiteB",
  "4":"BombsiteB",
  "5":"BombsiteB",
  "6":"BombsiteB",
  "7":"BombsiteA",
  "8":"BombsiteB",
  "9":"BombsiteB",
  "10":"BombsiteB",
  "11":"BombsiteB",
  "12":"BombsiteA",
  "13":"BombsiteA",
  "14":"BombsiteA",
  "15":"BombsiteB"
 },
 "X":{
  "0":1827.0661621094,
  "1":1819.0310058594,
  "2":1931.0888671875,
  "3":552.9281005859,
  "4":520.397644043,
  "5":539.5958251953,
  "6":539.5958251953,
  "7":1879.0083007812,
  "8":176.4720153809,
  "9":176.4720153809,
  "10":545.3646850586,
  "11":499.7375183105,
  "12":1819.03125,
  "13":1819.03125,
  "14":2130.6411132812,
  "15":554.1343994141
 },
 "Y":{
  "0":273.9953918457,
  "1":273.6863098145,
  "2":346.9656066895,
  "3":2659.8054199219,
  "4":2609.8796386719,
  "5":2952.6066894531,
  "6":2952.6066894531,
  "7":339.5716552734,
  "8":2776.1999511719,
  "9":2776.1999511719,
  "10":2932.0554199219,
  "11":2922.2143554688,
  "12":293.0284729004,
  "13":293.0284729004,
  "14":306.5112609863,
  "15":2882.935546875
 },
 "Z":{
  "0":161.0312194824,
  "1":161.0312194824,
  "2":161.03125,
  "3":161.5312347412,
  "4":161.5312347412,
  "5":161.5312347412,
  "6":161.5312347412,
  "7":161.0312042236,
  "8":164.03125,
  "9":164.03125,
  "10":161.5312347412,
  "11":161.5312347412,
  "12":161.0312194824,
  "13":161.0312194824,
  "14":160.03125,
  "15":161.5312347412
 },
 "round":{
  "0":3,
  "1":3,
  "2":5,
  "3":8,
  "4":8,
  "5":11,
  "6":11,
  "7":15,
  "8":16,
  "9":16,
  "10":17,
  "11":17,
  "12":26,
  "13":26,
  "14":29,
  "15":30
 }
}