{"tick":{"0":37518,"1":40142,"2":45985,"3":48609,"4":57606,"5":59623,"6":83741,"7":89964,"8":97638,"9":99564,"10":111838,"11":113420,"12":127257,"13":128268},"event":{"0":"planted","1":"exploded","2":"planted","3":"exploded","4":"planted","5":"defused","6":"planted","7":"planted","8":"planted","9":"defused","10":"planted","11":"defused","12":"planted","13":"defused"},"site":{"0":"BombsiteA","1":"BombsiteA","2":"BombsiteA","3":"BombsiteA","4":"BombsiteA","5":"BombsiteA","6":"BombsiteB","7":"BombsiteA","8":"BombsiteB","9":"BombsiteB","10":"BombsiteA","11":"BombsiteA","12":"BombsiteB","13":"BombsiteB"},"X":{"0":-430.0213012695,"1":-430.0213012695,"2":-603.2598266602,"3":-603.2598266602,"4":-483.2425537109,"5":-536.2734375,"6":-1987.03125,"7":-274.5645751953,"8":-2080.2934570312,"9":-2029.6235351562,"10":-522.8378295898,"11":-494.1405029297,"12":-1987.0305175781,"13":-1988.8739013672},"Y":{"0":-1997.7583007812,"1":-1997.7583007812,"2":-2155.767578125,"3":-2155.767578125,"4":-2000.1242675781,"5":-1969.8948974609,"6":427.0337219238,"7":-2156.4831542969,"8":445.3132019043,"9":475.2256164551,"10":-1972.96875,"11":-1920.4768066406,"12":432.6127624512,"13":450.1569213867},"Z":{"0":-179.96875,"1":-179.96875,"2":-179.96875,"3":-179.96875,"4":-179.96875,"5":-179.96875,"6":-159.96875,"7":-173.6396484375,"8":-159.96875,"9":-160.7741699219,"10":-179.96875,"11":-179.96875,"12":-159.96875,"13":-159.96875},"round":{"0":6,"1":6,"2":7,"3":7,"4":9,"5":9,"6":13,"7":14,"8":15,"9":15,"10":17,"11":17,"12":19,"13":19}}