{
 "tick":{
  "0":4994,
  "1":7314,
  "2":29318,
  "3":38161,
  "4":40785,
  "5":93940,
  "6":100515,
  "7":104835
 },
 "event":{
  "0":"planted",
  "1":"defused",
  "2":"planted",
  "3":"planted",
  "4":"exploded",
  "5":"planted",
  "6":"planted",
  "7":"planted"
 },
 "site":{
  "0":"BombsiteA",
  "1":"BombsiteA",
  "2":"BombsiteA",
  "3":"BombsiteA",
  "4":"BombsiteA",
  "5":"BombsiteB",
  "6":"BombsiteA",
  "7":"BombsiteB"
 },
 "X":{
  "0":-290.9169311523,
  "1":-349.7110595703,
  "2":-624.6045532227,
  "3":-334.5555419922,
  "4":-334.5555419922,
  "5":-1969.03125,
  "6":-498.5809326172,
  "7":-1877.4832763672
 },
 "Y":{
  "0":-2160.8176269531,
  "1":-2177.7595214844,
  "2":-2168.0451660156,
  "3":-2024.869140625,
  "4":-2024.869140625,
  "5":450.03125,
  "6":-1990.6193847656,
  "7":242.2895355225
 },
 "Z":{
  "0":-173.9810791016,
  "1":-175.0882568359,
  "2":-179.96875,
  "3":-175.2565917969,
  "4":-175.2565917969,
  "5":-159.96875,
  "6":-179.96875,
  "7":-159.96875
 },
 "round":{
  "0":1,
  "1":1,
  "2":4,
  "3":5,
  "4":5,
  "5":13,
  "6":14,
  "7":15
 }
}