{
 "tick":{
  "0":7821,
  "1":11958,
  "2":28621,
  "3":31245,
  "4":42611,
  "5":45235,
  "6":52397,
  "7":55021,
  "8":101139,
  "9":109917,
  "10":119112,
  "11":124639,
  "12":141383,
  "13":144007,
  "14":150560,
  "15":153184,
  "16":163743,
  "17":192602,
  "18":194173,
  "19":199262
 },
 "event":{
  "0":"planted",
  "1":"planted",
  "2":"planted",
  "3":"exploded",
  "4":"planted",
  "5":"exploded",
  "6":"planted",
  "7":"exploded",
  "8":"planted",
  "9":"planted",
  "10":"planted",
  "11":"planted",
  "12":"planted",
  "13":"exploded",
  "14":"planted",
  "15":"exploded",
  "16":"planted",
  "17":"planted",
  "18":"defused",
  "19":"planted"
 },
 "site":{
  "0":"BombsiteB",
  "1":"BombsiteA",
  "2":"BombsiteA",
  "3":"BombsiteA",
  "4":"BombsiteA",
  "5":"BombsiteA",
  "6":"BombsiteA",
  "7":"BombsiteA",
  "8":"BombsiteB",
  "9":"BombsiteB",
  "10":"BombsiteA",
  "11":"BombsiteA",
  "12":"BombsiteA",
  "13":"BombsiteA",
  "14":"BombsiteB",
  "15":"BombsiteB",
  "16":"BombsiteB",
  "17":"BombsiteB",
  "18":"BombsiteB",
  "19":"BombsiteB"
 },
 "X":{
  "0":-2216.03125,
  "1":-114.03125,
  "2":-361.4234008789,
  "3":-361.4234008789,
  "4":-363.478515625,
  "5":-363.478515625,
  "6":-347.03125,
  "7":-347.03125,
  "8":-2216.02734375,
  "9":-2216.03125,
  "10":-370.2124023438,
  "11":-246.96875,
  "12":-363.3128051758,
  "13":-363.3128051758,
  "14":-2146.03125,
  "15":-2146.03125,
  "16":-2217.76953125,
  "17":-2322.8452148438,
  "18":-2269.5305175781,
  "19":-2218.7395019531
 },
 "Y":{
  "0":887.6585083008,
  "1":-687.9301757812,
  "2":-686.0150756836,
  "3":-686.0150756836,
  "4":-695.5114746094,
  "5":-695.5114746094,
  "6":-682.8167114258,
  "7":-682.8167114258,
  "8":886.856628418,
  "9":864.0249023438,
  "10":-692.6823120117,
  "11":-664.1842041016,
  "12":-686.4348144531,
  "13":-686.4348144531,
  "14":780.96875,
  "15":780.96875,
  "16":888.2301025391,
  "17":909.5858154297,
  "18":940.2869873047,
  "19":875.600402832
 },
 "Z":{
  "0":11744.03125,
  "1":11776.03125,
  "2":11774.533203125,
  "3":11774.533203125,
  "4":11775.720703125,
  "5":11775.720703125,
  "6":11774.1337890625,
  "7":11774.1337890625,
  "8":11744.03125,
  "9":11744.03125,
  "10":11775.3671875,
  "11":11774.03125,
  "12":11774.5859375,
  "13":11774.5859375,
  "14":11744.03125,
  "15":11744.03125,
  "16":11744.03125,
  "17":11744.03125,
  "18":11744.03125,
  "19":11744.03125
 },
 "round":{
  "0":1,
  "1":2,
  "2":4,
  "3":4,
  "4":5,
  "5":5,
  "6":6,
  "7":6,
  "8":12,
  "9":13,
  "10":14,
  "11":15,
  "12":17,
  "13":17,
  "14":18,
  "15":18,
  "16":19,
  "17":23,
  "18":23,
  "19":24
 }
}