{
 "tick":{
  "0":6118,
  "1":6960,
  "2":36845,
  "3":46202,
  "4":51728,
  "5":56677,
  "6":59301,
  "7":83782,
  "8":91187,
  "9":92815,
  "10":110501,
  "11":112664,
  "12":119110,
  "13":120716,
  "14":137579,
  "15":139518
 },
 "event":{
  "0":"planted",
  "1":"defused",
  "2":"planted",
  "3":"planted",
  "4":"planted",
  "5":"planted",
  "6":"exploded",
  "7":"planted",
  "8":"planted",
  "9":"defused",
  "10":"planted",
  "11":"defused",
  "12":"planted",
  "13":"defused",
  "14":"planted",
  "15":"defused"
 },
 "site":{
  "0":"BombsiteA",
  "1":"BombsiteA",
  "2":"BombsiteA",
  "3":"BombsiteA",
  "4":"BombsiteA",
  "5":"BombsiteA",
  "6":"BombsiteA",
  "7":"BombsiteB",
  "8":"BombsiteA",
  "9":"BombsiteA",
  "10":"BombsiteA",
  "11":"BombsiteA",
  "12":"BombsiteA",
  "13":"BombsiteA",
  "14":"BombsiteA",
  "15":"BombsiteA"
 },
 "X":{
  "0":-576.6954345703,
  "1":-573.8059692383,
  "2":-611.8016357422,
  "3":-281.3543701172,
  "4":-493.7856445312,
  "5":-494.1409301758,
  "6":-494.1409301758,
  "7":-1987.03125,
  "8":-437.0756835938,
  "9":-380.6943359375,
  "10":-451.5684204102,
  "11":-472.8240966797,
  "12":-479.6512451172,
  "13":-439.014465332,
  "14":-579.3483276367,
  "15":-599.0008544922
 },
 "Y":{
  "0":-2140.5014648438,
  "1":-2201.7829589844,
  "2":-2161.8522949219,
  "3":-2160.2763671875,
  "4":-2022.0107421875,
  "5":-2013.4372558594,
  "6":-2013.4372558594,
  "7":420.7899780273,
  "8":-1986.1834716797,
  "9":-1963.5516357422,
  "10":-1983.9376220703,
  "11":-1929.2215576172,
  "12":-2142.3681640625,
  "13":-2186.9233398438,
  "14":-2142.0275878906,
  "15":-2199.6181640625
 },
 "Z":{
  "0":-179.96875,
  "1":-179.96875,
  "2":-179.96875,
  "3":-173.6042480469,
  "4":-179.96875,
  "5":-179.96875,
  "6":-179.96875,
  "7":-159.96875,
  "8":-179.96875,
  "9":-176.6326293945,
  "10":-179.96875,
  "11":-179.96875,
  "12":-179.96875,
  "13":-178.2427368164,
  "14":-179.96875,
  "15":-179.96875
 },
 "round":{
  "0":1,
  "1":1,
  "2":6,
  "3":7,
  "4":8,
  "5":9,
  "6":9,
  "7":13,
  "8":14,
  "9":14,
  "10":17,
  "11":17,
  "12":0,
  "13":0,
  "14":20,
  "15":20
 }
}