{
 "tick":{
  "0":27967,
  "1":29986,
  "2":49246,
  "3":50367,
  "4":69196,
  "5":70344,
  "6":77588,
  "7":85356,
  "8":124243,
  "9":194261,
  "10":204360,
  "11":206024,
  "12":211105,
  "13":212278,
  "14":220391,
  "15":223015,
  "16":227642
 },
 "event":{
  "0":"planted",
  "1":"defused",
  "2":"planted",
  "3":"defused",
  "4":"planted",
  "5":"defused",
  "6":"planted",
  "7":"planted",
  "8":"planted",
  "9":"planted",
  "10":"planted",
  "11":"defused",
  "12":"planted",
  "13":"defused",
  "14":"planted",
  "15":"exploded",
  "16":"planted"
 },
 "site":{
  "0":"BombsiteA",
  "1":"BombsiteA",
  "2":"BombsiteB",
  "3":"BombsiteB",
  "4":"BombsiteB",
  "5":"BombsiteB",
  "6":"BombsiteB",
  "7":"BombsiteB",
  "8":"BombsiteA",
  "9":"BombsiteA",
  "10":"BombsiteB",
  "11":"BombsiteB",
  "12":"BombsiteB",
  "13":"BombsiteB",
  "14":"BombsiteB",
  "15":"BombsiteB",
  "16":"BombsiteB"
 },
 "X":{
  "0":-2542.9575195312,
  "1":-2533.5524902344,
  "2":-1166.271484375,
  "3":-1123.9008789062,
  "4":-1166.2476806641,
  "5":-1112.3892822266,
  "6":-1166.2578125,
  "7":-1166.248046875,
  "8":-2569.4462890625,
  "9":-2132.4462890625,
  "10":-1166.5261230469,
  "11":-1115.8564453125,
  "12":-1166.3220214844,
  "13":-1104.8980712891,
  "14":-1166.3120117188,
  "15":-1166.3120117188,
  "16":-980.1047973633
 },
 "Y":{
  "0":646.2437744141,
  "1":647.7077636719,
  "2":-78.3927612305,
  "3":-105.1781616211,
  "4":-98.01171875,
  "5":-111.3776855469,
  "6":-96.9096679688,
  "7":-95.2097167969,
  "8":642.0991210938,
  "9":578.6303710938,
  "10":-86.2318725586,
  "11":-69.578125,
  "12":-79.801940918,
  "13":-82.1866455078,
  "14":-44.0993041992,
  "15":-44.0993041992,
  "16":-26.2088012695
 },
 "Z":{
  "0":484.03125,
  "1":484.03125,
  "2":103.7914886475,
  "3":103.5312423706,
  "4":103.6508331299,
  "5":103.53125,
  "6":103.7107009888,
  "7":103.6529998779,
  "8":484.03125,
  "9":522.2399902344,
  "10":105.2961883545,
  "11":103.5312423706,
  "12":104.0901260376,
  "13":103.53125,
  "14":104.0309753418,
  "15":104.0309753418,
  "16":100.03125
 },
 "round":{
  "0":0,
  "1":0,
  "2":3,
  "3":3,
  "4":6,
  "5":6,
  "6":7,
  "7":8,
  "8":12,
  "9":18,
  "10":19,
  "11":19,
  "12":20,
  "13":20,
  "14":21,
  "15":21,
  "16":22
 }
}