{
 "tick":{
  "0":39723,
  "1":42347,
  "2":53706,
  "3":56330,
  "4":63786,
  "5":65404,
  "6":70260,
  "7":71826,
  "8":79065,
  "9":81128,
  "10":100265,
  "11":106389,
  "12":115244,
  "13":117868,
  "14":121756,
  "15":124380,
  "16":151325,
  "17":153949,
  "18":171727,
  "19":180216
 },
 "event":{
  "0":"planted",
  "1":"exploded",
  "2":"planted",
  "3":"exploded",
  "4":"planted",
  "5":"defused",
  "6":"planted",
  "7":"defused",
  "8":"planted",
  "9":"defused",
  "10":"planted",
  "11":"planted",
  "12":"planted",
  "13":"exploded",
  "14":"planted",
  "15":"exploded",
  "16":"planted",
  "17":"exploded",
  "18":"planted",
  "19":"planted"
 },
 "site":{
  "0":"BombsiteB",
  "1":"BombsiteB",
  "2":"BombsiteB",
  "3":"BombsiteB",
  "4":"BombsiteB",
  "5":"BombsiteB",
  "6":"BombsiteB",
  "7":"BombsiteB",
  "8":"BombsiteB",
  "9":"BombsiteB",
  "10":"BombsiteB",
  "11":"BombsiteB",
  "12":"BombsiteA",
  "13":"BombsiteA",
  "14":"BombsiteB",
  "15":"BombsiteB",
  "16":"BombsiteB",
  "17":"BombsiteB",
  "18":"BombsiteB",
  "19":"BombsiteA"
 },
 "X":{
  "0":-1136.0305175781,
  "1":-1136.0305175781,
  "2":-1053.7559814453,
  "3":-1053.7559814453,
  "4":-1136.03125,
  "5":-1188.0592041016,
  "6":-1049.4299316406,
  "7":-1110.2794189453,
  "8":-1136.03125,
  "9":-1163.9223632812,
  "10":-1173.6209716797,
  "11":-1031.181640625,
  "12":1290.1195068359,
  "13":1290.1195068359,
  "14":-1044.3114013672,
  "15":-1044.3114013672,
  "16":-1040.5152587891,
  "17":-1040.5152587891,
  "18":-1136.03125,
  "19":1283.7747802734
 },
 "Y":{
  "0":699.96875,
  "1":699.96875,
  "2":599.96875,
  "3":599.96875,
  "4":699.96875,
  "5":669.5369262695,
  "6":599.9724121094,
  "7":595.1075439453,
  "8":699.96875,
  "9":645.5172729492,
  "10":768.7718505859,
  "11":599.96875,
  "12":1897.9270019531,
  "13":1897.9270019531,
  "14":599.96875,
  "15":599.96875,
  "16":599.96875,
  "17":599.96875,
  "18":699.96875,
  "19":1887.8186035156
 },
 "Z":{
  "0":-1.96875,
  "1":-1.96875,
  "2":-1.96875,
  "3":-1.96875,
  "4":-1.96875,
  "5":-2.3884277344,
  "6":-1.96875,
  "7":-1.96875,
  "8":-1.96875,
  "9":-3.96875,
  "10":-3.96875,
  "11":-1.96875,
  "12":-191.96875,
  "13":-191.96875,
  "14":-1.96875,
  "15":-1.96875,
  "16":-1.96875,
  "17":-1.96875,
  "18":-1.96875,
  "19":-191.96875
 },
 "round":{
  "0":4,
  "1":4,
  "2":6,
  "3":6,
  "4":7,
  "5":7,
  "6":8,
  "7":8,
  "8":9,
  "9":9,
  "10":11,
  "11":12,
  "12":13,
  "13":13,
  "14":14,
  "15":14,
  "16":17,
  "17":17,
  "18":19,
  "19":20
 }
}