{
 "tick":{
  "0":7550,
  "1":12073,
  "2":18428,
  "3":24296,
  "4":26920,
  "5":32437,
  "6":38664,
  "7":45050,
  "8":46453,
  "9":50318,
  "10":52821,
  "11":58612,
  "12":63171,
  "13":65795,
  "14":73091,
  "15":94029,
  "16":96073,
  "17":101507,
  "18":103155,
  "19":115252
 },
 "event":{
  "0":"planted",
  "1":"planted",
  "2":"planted",
  "3":"planted",
  "4":"exploded",
  "5":"planted",
  "6":"planted",
  "7":"planted",
  "8":"defused",
  "9":"planted",
  "10":"defused",
  "11":"planted",
  "12":"planted",
  "13":"exploded",
  "14":"planted",
  "15":"planted",
  "16":"defused",
  "17":"planted",
  "18":"defused",
  "19":"planted"
 },
 "site":{
  "0":"BombsiteA",
  "1":"BombsiteB",
  "2":"BombsiteA",
  "3":"BombsiteB",
  "4":"BombsiteB",
  "5":"BombsiteB",
  "6":"BombsiteA",
  "7":"BombsiteB",
  "8":"BombsiteB",
  "9":"BombsiteA",
  "10":"BombsiteA",
  "11":"BombsiteA",
  "12":"BombsiteB",
  "13":"BombsiteB",
  "14":"BombsiteA",
  "15":"BombsiteA",
  "16":"BombsiteA",
  "17":"BombsiteB",
  "18":"BombsiteB",
  "19":"BombsiteB"
 },
 "X":{
  "0":-354.9707641602,
  "1":-2216.1643066406,
  "2":-353.9619750977,
  "3":-2216.03125,
  "4":-2216.03125,
  "5":-2216.03125,
  "6":-87.596862793,
  "7":-2188.2797851562,
  "8":-2154.8298339844,
  "9":-89.9776611328,
  "10":-141.9171142578,
  "11":-114.03125,
  "12":-2225.6669921875,
  "13":-2225.6669921875,
  "14":-315.8244628906,
  "15":-386.8059082031,
  "16":-343.1624145508,
  "17":-2216.0363769531,
  "18":-2256.0725097656,
  "19":-2164.9321289062
 },
 "Y":{
  "0":-690.9857788086,
  "1":863.6834716797,
  "2":-688.4327392578,
  "3":864.9733276367,
  "4":864.9733276367,
  "5":867.6220703125,
  "6":-732.8642578125,
  "7":747.7173461914,
  "8":740.1895751953,
  "9":-732.03125,
  "10":-761.930847168,
  "11":-709.0363769531,
  "12":869.1879272461,
  "13":869.1879272461,
  "14":-713.03125,
  "15":-689.030090332,
  "16":-731.5078125,
  "17":873.9862670898,
  "18":881.7747192383,
  "19":692.7161254883
 },
 "Z":{
  "0":11775.154296875,
  "1":11744.03125,
  "2":11774.8359375,
  "3":11744.03125,
  "4":11744.03125,
  "5":11744.03125,
  "6":11776.03125,
  "7":11744.03125,
  "8":11744.03125,
  "9":11776.03125,
  "10":11776.03125,
  "11":11776.03125,
  "12":11744.03125,
  "13":11744.03125,
  "14":11776.03125,
  "15":11774.91015625,
  "16":11776.03125,
  "17":11744.03125,
  "18":11744.03125,
  "19":11744.03125
 },
 "round":{
  "0":1,
  "1":2,
  "2":3,
  "3":4,
  "4":4,
  "5":5,
  "6":6,
  "7":7,
  "8":7,
  "9":8,
  "10":8,
  "11":9,
  "12":10,
  "13":10,
  "14":11,
  "15":13,
  "16":13,
  "17":14,
  "18":14,
  "19":16
 }
}