{
 "tick":{
  "0":7308,
  "1":9932,
  "2":20457,
  "3":21655,
  "4":44968,
  "5":50307,
  "6":52931,
  "7":63623,
  "8":67144,
  "9":69768,
  "10":75892,
  "11":77306,
  "12":87561,
  "13":101569,
  "14":103558
 },
 "event":{
  "0":"planted",
  "1":"exploded",
  "2":"planted",
  "3":"defused",
  "4":"planted",
  "5":"planted",
  "6":"exploded",
  "7":"planted",
  "8":"planted",
  "9":"exploded",
  "10":"planted",
  "11":"defused",
  "12":"planted",
  "13":"planted",
  "14":"defused"
 },
 "site":{
  "0":"BombsiteB",
  "1":"BombsiteB",
  "2":"BombsiteB",
  "3":"BombsiteB",
  "4":"BombsiteB",
  "5":"BombsiteB",
  "6":"BombsiteB",
  "7":"BombsiteA",
  "8":"BombsiteA",
  "9":"BombsiteA",
  "10":"BombsiteA",
  "11":"BombsiteA",
  "12":"BombsiteB",
  "13":"BombsiteA",
  "14":"BombsiteA"
 },
 "X":{
  "0":785.4382324219,
  "1":785.4382324219,
  "2":799.6614990234,
  "3":790.4813842773,
  "4":779.4075927734,
  "5":821.4759521484,
  "6":821.4759521484,
  "7":-1551.2576904297,
  "8":-1567.6968994141,
  "9":-1567.6968994141,
  "10":-1219.4410400391,
  "11":-1234.5571289062,
  "12":1002.4274291992,
  "13":-1237.7934570312,
  "14":-1177.6306152344
 },
 "Y":{
  "0":4.9687509537,
  "1":4.9687509537,
  "2":4.9720220566,
  "3":-3.4317016602,
  "4":4.9687495232,
  "5":4.9719796181,
  "6":4.9719796181,
  "7":905.8267211914,
  "8":705.2403564453,
  "9":705.2403564453,
  "10":949.0197753906,
  "11":942.6760864258,
  "12":185.1374816895,
  "13":729.9388427734,
  "14":743.3117675781
 },
 "Z":{
  "0":130.9011230469,
  "1":130.9011230469,
  "2":130.9011230469,
  "3":130.9011230469,
  "4":130.9011230469,
  "5":130.9011230469,
  "6":130.9011230469,
  "7":56.03125,
  "8":56.03125,
  "9":56.03125,
  "10":56.0312461853,
  "11":56.03125,
  "12":134.03125,
  "13":56.03125,
  "14":52.4744338989
 },
 "round":{
  "0":1,
  "1":1,
  "2":3,
  "3":3,
  "4":7,
  "5":8,
  "6":8,
  "7":10,
  "8":11,
  "9":11,
  "10":12,
  "11":12,
  "12":13,
  "13":16,
  "14":16
 }
}