{
 "tick":{
  "0":6309,
  "1":11874,
  "2":14498,
  "3":21260,
  "4":23884,
  "5":75898,
  "6":108584,
  "7":111208,
  "8":116274,
  "9":118898,
  "10":123652,
  "11":130788,
  "12":133412,
  "13":139110,
  "14":141734,
  "15":156122,
  "16":158746,
  "17":167638,
  "18":169799
 },
 "event":{
  "0":"planted",
  "1":"planted",
  "2":"exploded",
  "3":"planted",
  "4":"exploded",
  "5":"planted",
  "6":"planted",
  "7":"exploded",
  "8":"planted",
  "9":"exploded",
  "10":"planted",
  "11":"planted",
  "12":"exploded",
  "13":"planted",
  "14":"exploded",
  "15":"planted",
  "16":"exploded",
  "17":"planted",
  "18":"defused"
 },
 "site":{
  "0":"BombsiteB",
  "1":"BombsiteB",
  "2":"BombsiteB",
  "3":"BombsiteA",
  "4":"BombsiteA",
  "5":"BombsiteA",
  "6":"BombsiteA",
  "7":"BombsiteA",
  "8":"BombsiteB",
  "9":"BombsiteB",
  "10":"BombsiteA",
  "11":"BombsiteB",
  "12":"BombsiteB",
  "13":"BombsiteB",
  "14":"BombsiteB",
  "15":"BombsiteA",
  "16":"BombsiteA",
  "17":"BombsiteB",
  "18":"BombsiteB"
 },
 "X":{
  "0":-2258.8842773438,
  "1":-2146.03125,
  "2":-2146.03125,
  "3":-375.477722168,
  "4":-375.477722168,
  "5":-381.1492919922,
  "6":-80.7535400391,
  "7":-80.7535400391,
  "8":-2221.9311523438,
  "9":-2221.9311523438,
  "10":-367.4028320312,
  "11":-2233.2277832031,
  "12":-2233.2277832031,
  "13":-2220.9309082031,
  "14":-2220.9309082031,
  "15":-381.9202880859,
  "16":-381.9202880859,
  "17":-2230.7321777344,
  "18":-2292.0622558594
 },
 "Y":{
  "0":663.0966796875,
  "1":740.6415405273,
  "2":740.6415405273,
  "3":-689.0278320312,
  "4":-689.0278320312,
  "5":-689.03125,
  "6":-732.03125,
  "7":-732.03125,
  "8":875.0877685547,
  "9":875.0877685547,
  "10":-688.606262207,
  "11":860.8270263672,
  "12":860.8270263672,
  "13":855.9865722656,
  "14":855.9865722656,
  "15":-689.0287475586,
  "16":-689.0287475586,
  "17":886.0829467773,
  "18":890.8665771484
 },
 "Z":{
  "0":11744.03125,
  "1":11744.03125,
  "2":11744.03125,
  "3":11774.91015625,
  "4":11774.91015625,
  "5":11774.91015625,
  "6":11776.03125,
  "7":11776.03125,
  "8":11744.03125,
  "9":11744.03125,
  "10":11774.857421875,
  "11":11744.03125,
  "12":11744.03125,
  "13":11744.03125,
  "14":11744.03125,
  "15":11774.91015625,
  "16":11774.91015625,
  "17":11744.03125,
  "18":11744.03125
 },
 "round":{
  "0":1,
  "1":2,
  "2":2,
  "3":3,
  "4":3,
  "5":11,
  "6":15,
  "7":15,
  "8":16,
  "9":16,
  "10":17,
  "11":18,
  "12":18,
  "13":19,
  "14":19,
  "15":21,
  "16":21,
  "17":22,
  "18":22
 }
}