{
 "tick":{
  "0":10835,
  "1":20060,
  "2":22684,
  "3":28587,
  "4":31211,
  "5":39551,
  "6":42175,
  "7":50612,
  "8":53236,
  "9":67647,
  "10":84642,
  "11":85987,
  "12":90826,
  "13":93450,
  "14":115484,
  "15":138785,
  "16":147711,
  "17":157622,
  "18":159659
 },
 "event":{
  "0":"planted",
  "1":"planted",
  "2":"exploded",
  "3":"planted",
  "4":"exploded",
  "5":"planted",
  "6":"exploded",
  "7":"planted",
  "8":"exploded",
  "9":"planted",
  "10":"planted",
  "11":"defused",
  "12":"planted",
  "13":"exploded",
  "14":"planted",
  "15":"planted",
  "16":"planted",
  "17":"planted",
  "18":"defused"
 },
 "site":{
  "0":"BombsiteB",
  "1":"BombsiteB",
  "2":"BombsiteB",
  "3":"BombsiteA",
  "4":"BombsiteA",
  "5":"BombsiteA",
  "6":"BombsiteA",
  "7":"BombsiteB",
  "8":"BombsiteB",
  "9":"BombsiteA",
  "10":"BombsiteA",
  "11":"BombsiteA",
  "12":"BombsiteB",
  "13":"BombsiteB",
  "14":"BombsiteA",
  "15":"BombsiteA",
  "16":"BombsiteB",
  "17":"BombsiteA",
  "18":"BombsiteA"
 },
 "X":{
  "0":-1166.2447509766,
  "1":-1166.26171875,
  "2":-1166.26171875,
  "3":-2497.0942382812,
  "4":-2497.0942382812,
  "5":-2602.2282714844,
  "6":-2602.2282714844,
  "7":-1166.2933349609,
  "8":-1166.2933349609,
  "9":-2612.6181640625,
  "10":-2153.5661621094,
  "11":-2201.2412109375,
  "12":-1166.2303466797,
  "13":-1166.2303466797,
  "14":-2610.2719726562,
  "15":-2523.3393554688,
  "16":-947.1345825195,
  "17":-2330.8439941406,
  "18":-2313.5070800781
 },
 "Y":{
  "0":-58.6731567383,
  "1":-43.6454467773,
  "2":-43.6454467773,
  "3":842.5213012695,
  "4":842.5213012695,
  "5":636.8900146484,
  "6":636.8900146484,
  "7":-69.6994628906,
  "8":-69.6994628906,
  "9":635.9691162109,
  "10":568.1607055664,
  "11":532.8397216797,
  "12":-85.1104125977,
  "13":-85.1104125977,
  "14":635.9696655273,
  "15":649.2972412109,
  "16":-34.0207519531,
  "17":535.6994018555,
  "18":594.8025512695
 },
 "Z":{
  "0":103.6335220337,
  "1":103.7337875366,
  "2":103.7337875366,
  "3":476.0312805176,
  "4":476.0312805176,
  "5":484.03125,
  "6":484.03125,
  "7":103.9206085205,
  "8":103.9206085205,
  "9":484.0312194824,
  "10":522.067199707,
  "11":484.03125,
  "12":103.5484085083,
  "13":103.5484085083,
  "14":484.03125,
  "15":484.0312194824,
  "16":100.0312423706,
  "17":484.0312194824,
  "18":484.03125
 },
 "round":{
  "0":1,
  "1":2,
  "2":2,
  "3":3,
  "4":3,
  "5":4,
  "6":4,
  "7":5,
  "8":5,
  "9":7,
  "10":9,
  "11":9,
  "12":10,
  "13":10,
  "14":13,
  "15":16,
  "16":17,
  "17":18,
  "18":18
 }
}