{
 "tick":{
  "0":7784,
  "1":9522,
  "2":29577,
  "3":32201,
  "4":40263,
  "5":52591,
  "6":54705,
  "7":67859,
  "8":70483,
  "9":75688,
  "10":83394,
  "11":90077,
  "12":91429,
  "13":114251,
  "14":115449,
  "15":126342,
  "16":127416,
  "17":131011,
  "18":133190
 },
 "event":{
  "0":"planted",
  "1":"defused",
  "2":"planted",
  "3":"exploded",
  "4":"planted",
  "5":"planted",
  "6":"defused",
  "7":"planted",
  "8":"exploded",
  "9":"planted",
  "10":"planted",
  "11":"planted",
  "12":"defused",
  "13":"planted",
  "14":"defused",
  "15":"planted",
  "16":"defused",
  "17":"planted",
  "18":"defused"
 },
 "site":{
  "0":"BombsiteA",
  "1":"BombsiteA",
  "2":"BombsiteA",
  "3":"BombsiteA",
  "4":"BombsiteA",
  "5":"BombsiteB",
  "6":"BombsiteB",
  "7":"BombsiteB",
  "8":"BombsiteB",
  "9":"BombsiteA",
  "10":"BombsiteA",
  "11":"BombsiteA",
  "12":"BombsiteA",
  "13":"BombsiteB",
  "14":"BombsiteB",
  "15":"BombsiteA",
  "16":"BombsiteA",
  "17":"BombsiteB",
  "18":"BombsiteB"
 },
 "X":{
  "0":-1280.03125,
  "1":-1319.7730712891,
  "2":-1280.03125,
  "3":-1280.03125,
  "4":-1216.0561523438,
  "5":869.0275268555,
  "6":903.5557250977,
  "7":1099.7678222656,
  "8":1099.7678222656,
  "9":-1376.888671875,
  "10":-1221.1829833984,
  "11":-1570.2313232422,
  "12":-1526.6690673828,
  "13":800.407409668,
  "14":846.0073852539,
  "15":-1280.03125,
  "16":-1324.5812988281,
  "17":869.0288085938,
  "18":869.03125
 },
 "Y":{
  "0":793.96875,
  "1":786.6990966797,
  "2":789.8354492188,
  "3":789.8354492188,
  "4":899.9143066406,
  "5":79.2396774292,
  "6":80.1348495483,
  "7":95.8869628906,
  "8":95.8869628906,
  "9":772.3195800781,
  "10":893.03125,
  "11":699.1884765625,
  "12":658.6157226562,
  "13":4.9687509537,
  "14":-36.1687011719,
  "15":793.96875,
  "16":833.3746337891,
  "17":78.2029800415,
  "18":70.0386352539
 },
 "Z":{
  "0":54.03125,
  "1":54.03125,
  "2":54.03125,
  "3":54.03125,
  "4":62.03125,
  "5":130.9011077881,
  "6":130.9011077881,
  "7":134.03125,
  "8":134.03125,
  "9":54.03125,
  "10":62.03125,
  "11":56.03125,
  "12":63.7915077209,
  "13":130.9011230469,
  "14":130.03125,
  "15":54.03125,
  "16":54.03125,
  "17":130.9011077881,
  "18":130.9011077881
 },
 "round":{
  "0":1,
  "1":1,
  "2":4,
  "3":4,
  "4":5,
  "5":7,
  "6":7,
  "7":9,
  "8":9,
  "9":10,
  "10":12,
  "11":13,
  "12":13,
  "13":16,
  "14":16,
  "15":17,
  "16":17,
  "17":18,
  "18":18
 }
}