{
 "tick":{
  "0":5067,
  "1":7355,
  "2":30467,
  "3":31859,
  "4":58602,
  "5":60224,
  "6":67809,
  "7":70433,
  "8":119588,
  "9":129216
 },
 "event":{
  "0":"planted",
  "1":"defused",
  "2":"planted",
  "3":"defused",
  "4":"planted",
  "5":"defused",
  "6":"planted",
  "7":"exploded",
  "8":"planted",
  "9":"planted"
 },
 "site":{
  "0":"BombsiteA",
  "1":"BombsiteA",
  "2":"BombsiteB",
  "3":"BombsiteB",
  "4":"BombsiteB",
  "5":"BombsiteB",
  "6":"BombsiteB",
  "7":"BombsiteB",
  "8":"BombsiteB",
  "9":"BombsiteA"
 },
 "X":{
  "0":-2488.8000488281,
  "1":-2521.4077148438,
  "2":-1193.96875,
  "3":-1176.4516601562,
  "4":-1163.494140625,
  "5":-1152.1408691406,
  "6":-1166.2961425781,
  "7":-1166.2961425781,
  "8":-1166.4182128906,
  "9":-2577.626953125
 },
 "Y":{
  "0":797.6694946289,
  "1":810.6827392578,
  "2":214.8791503906,
  "3":156.2003631592,
  "4":-72.4000244141,
  "5":-31.3630371094,
  "6":-75.989074707,
  "7":-75.989074707,
  "8":-110.4555664062,
  "9":640.8040771484
 },
 "Z":{
  "0":476.5283813477,
  "1":476.5298156738,
  "2":103.53125,
  "3":103.53125,
  "4":103.53125,
  "5":103.5312576294,
  "6":103.9372024536,
  "7":103.9372024536,
  "8":104.6585235596,
  "9":484.0312194824
 },
 "round":{
  "0":1,
  "1":1,
  "2":4,
  "3":4,
  "4":7,
  "5":7,
  "6":8,
  "7":8,
  "8":13,
  "9":14
 }
}