{
 "tick":{
  "0":7955,
  "1":13374,
  "2":20237,
  "3":21638,
  "4":41301,
  "5":43925,
  "6":53577,
  "7":63453,
  "8":66077,
  "9":69906,
  "10":72530,
  "11":85409,
  "12":97883,
  "13":128037,
  "14":130038
 },
 "event":{
  "0":"planted",
  "1":"planted",
  "2":"planted",
  "3":"defused",
  "4":"planted",
  "5":"exploded",
  "6":"planted",
  "7":"planted",
  "8":"exploded",
  "9":"planted",
  "10":"exploded",
  "11":"planted",
  "12":"planted",
  "13":"planted",
  "14":"defused"
 },
 "site":{
  "0":"BombsiteB",
  "1":"BombsiteA",
  "2":"BombsiteA",
  "3":"BombsiteA",
  "4":"BombsiteA",
  "5":"BombsiteA",
  "6":"BombsiteB",
  "7":"BombsiteA",
  "8":"BombsiteA",
  "9":"BombsiteA",
  "10":"BombsiteA",
  "11":"BombsiteA",
  "12":"BombsiteB",
  "13":"BombsiteA",
  "14":"BombsiteA"
 },
 "X":{
  "0":777.1265258789,
  "1":-1269.2180175781,
  "2":-1573.8181152344,
  "3":-1560.9788818359,
  "4":-1280.03125,
  "5":-1280.03125,
  "6":797.7467651367,
  "7":-1280.03125,
  "8":-1280.03125,
  "9":-1316.04296875,
  "10":-1316.04296875,
  "11":-1212.0131835938,
  "12":805.7489013672,
  "13":-1546.6309814453,
  "14":-1526.1877441406
 },
 "Y":{
  "0":4.9725289345,
  "1":729.8729858398,
  "2":698.8480224609,
  "3":658.4245605469,
  "4":790.0100097656,
  "5":790.0100097656,
  "6":4.9687509537,
  "7":757.7842407227,
  "8":757.7842407227,
  "9":715.9856567383,
  "10":715.9856567383,
  "11":893.03125,
  "12":4.96875,
  "13":711.0028076172,
  "14":684.2670288086
 },
 "Z":{
  "0":130.9011230469,
  "1":56.03125,
  "2":56.03125,
  "3":63.8578834534,
  "4":54.03125,
  "5":54.03125,
  "6":130.9011230469,
  "7":54.03125,
  "8":54.03125,
  "9":56.03125,
  "10":56.03125,
  "11":62.03125,
  "12":130.9011230469,
  "13":56.03125,
  "14":55.1684532166
 },
 "round":{
  "0":1,
  "1":2,
  "2":3,
  "3":3,
  "4":6,
  "5":6,
  "6":7,
  "7":9,
  "8":9,
  "9":10,
  "10":10,
  "11":12,
  "12":13,
  "13":18,
  "14":18
 }
}