{"tick":{"0":44581,"1":45679,"2":73446,"3":73929,"4":82780,"5":103201,"6":121378,"7":124002},"event":{"0":"planted","1":"defused","2":"planted","3":"defused","4":"planted","5":"planted","6":"planted","7":"exploded"},"site":{"0":"BombsiteB","1":"BombsiteB","2":"BombsiteA","3":"BombsiteA","4":"BombsiteA","5":"BombsiteB","6":"BombsiteA","7":"BombsiteA"},"X":{"0":-1087.0793457031,"1":-1051.3088378906,"2":-2142.7448730469,"3":-2096.6494140625,"4":-2591.6296386719,"5":-947.6441650391,"6":-2585.0173339844,"7":-2585.0173339844},"Y":{"0":26.205039978,"1":-21.380065918,"2":573.5288696289,"3":594.2252807617,"4":636.5792236328,"5":163.0862579346,"6":639.6289672852,"7":639.6289672852},"Z":{"0":103.53125,"1":103.5312423706,"2":522.2054443359,"3":522.3132324219,"4":484.03125,"5":100.03125,"6":484.03125,"7":484.03125},"round":{"0":6,"1":6,"2":9,"3":9,"4":10,"5":13,"6":15,"7":15}}