{
 "tick":{
  "0":49070,
  "1":51694,
  "2":57058,
  "3":59682,
  "4":79378,
  "5":82002,
  "6":94833,
  "7":97457,
  "8":127092,
  "9":129079,
  "10":136306,
  "11":150246,
  "12":156035
 },
 "event":{
  "0":"planted",
  "1":"exploded",
  "2":"planted",
  "3":"exploded",
  "4":"planted",
  "5":"exploded",
  "6":"planted",
  "7":"exploded",
  "8":"planted",
  "9":"defused",
  "10":"planted",
  "11":"planted",
  "12":"planted"
 },
 "site":{
  "0":"BombsiteA",
  "1":"BombsiteA",
  "2":"BombsiteA",
  "3":"BombsiteA",
  "4":"BombsiteA",
  "5":"BombsiteA",
  "6":"BombsiteB",
  "7":"BombsiteB",
  "8":"BombsiteA",
  "9":"BombsiteA",
  "10":"BombsiteB",
  "11":"BombsiteA",
  "12":"BombsiteA"
 },
 "X":{
  "0":-1530.3256835938,
  "1":-1530.3256835938,
  "2":-1551.4643554688,
  "3":-1551.4643554688,
  "4":-1226.7719726562,
  "5":-1226.7719726562,
  "6":918.1550292969,
  "7":918.1550292969,
  "8":-1252.9984130859,
  "9":-1193.7650146484,
  "10":805.7683105469,
  "11":-1565.3344726562,
  "12":-1574.4501953125
 },
 "Y":{
  "0":726.3688964844,
  "1":726.3688964844,
  "2":969.2249755859,
  "3":969.2249755859,
  "4":894.3609008789,
  "5":894.3609008789,
  "6":-40.0717163086,
  "7":-40.0717163086,
  "8":723.7742919922,
  "9":719.068359375,
  "10":4.9692363739,
  "11":700.1503295898,
  "12":702.4724121094
 },
 "Z":{
  "0":56.03125,
  "1":56.03125,
  "2":56.6589584351,
  "3":56.6589584351,
  "4":62.03125,
  "5":62.03125,
  "6":130.03125,
  "7":130.03125,
  "8":56.03125,
  "9":55.9174575806,
  "10":130.9011230469,
  "11":56.03125,
  "12":56.03125
 },
 "round":{
  "0":8,
  "1":8,
  "2":9,
  "3":9,
  "4":11,
  "5":11,
  "6":13,
  "7":13,
  "8":18,
  "9":18,
  "10":19,
  "11":21,
  "12":22
 }
}