{
 "tick":{
  "0":3877,
  "1":6501,
  "2":11516,
  "3":23260,
  "4":25884,
  "5":40979,
  "6":72989,
  "7":102339,
  "8":110225,
  "9":112366,
  "10":120435,
  "11":123059,
  "12":138215,
  "13":140839,
  "14":157507,
  "15":158250,
  "16":171099,
  "17":173227
 },
 "event":{
  "0":"planted",
  "1":"exploded",
  "2":"planted",
  "3":"planted",
  "4":"exploded",
  "5":"planted",
  "6":"planted",
  "7":"planted",
  "8":"planted",
  "9":"defused",
  "10":"planted",
  "11":"exploded",
  "12":"planted",
  "13":"exploded",
  "14":"planted",
  "15":"defused",
  "16":"planted",
  "17":"defused"
 },
 "site":{
  "0":"BombsiteA",
  "1":"BombsiteA",
  "2":"BombsiteB",
  "3":"BombsiteA",
  "4":"BombsiteA",
  "5":"BombsiteB",
  "6":"BombsiteA",
  "7":"BombsiteB",
  "8":"BombsiteA",
  "9":"BombsiteA",
  "10":"BombsiteA",
  "11":"BombsiteA",
  "12":"BombsiteB",
  "13":"BombsiteB",
  "14":"BombsiteA",
  "15":"BombsiteA",
  "16":"BombsiteA",
  "17":"BombsiteA"
 },
 "X":{
  "0":-493.1761474609,
  "1":-493.1761474609,
  "2":-1987.03125,
  "3":-304.2025756836,
  "4":-304.2025756836,
  "5":-1977.4125976562,
  "6":-358.5054321289,
  "7":-2046.244140625,
  "8":-571.7066650391,
  "9":-511.7853393555,
  "10":-481.8013916016,
  "11":-481.8013916016,
  "12":-1930.05859375,
  "13":-1930.05859375,
  "14":-265.0174560547,
  "15":-298.3863525391,
  "16":-277.0174560547,
  "17":-320.1532592773
 },
 "Y":{
  "0":-2003.8948974609,
  "1":-2003.8948974609,
  "2":409.4625854492,
  "3":-2018.1583251953,
  "4":-2018.1583251953,
  "5":450.03125,
  "6":-2173.8200683594,
  "7":437.418762207,
  "8":-2137.6369628906,
  "9":-2133.9184570312,
  "10":-2011.1364746094,
  "11":-2011.1364746094,
  "12":242.03125,
  "13":242.03125,
  "14":-2153.94921875,
  "15":-2162.7937011719,
  "16":-2159.6962890625,
  "17":-2185.8132324219
 },
 "Z":{
  "0":-179.96875,
  "1":-179.96875,
  "2":-159.96875,
  "3":-172.2603149414,
  "4":-172.2603149414,
  "5":-159.96875,
  "6":-175.829284668,
  "7":-159.96875,
  "8":-179.96875,
  "9":-179.96875,
  "10":-179.96875,
  "11":-179.96875,
  "12":-159.96875,
  "13":-159.96875,
  "14":-173.4405517578,
  "15":-174.1374511719,
  "16":-173.4630126953,
  "17":-173.0586547852
 },
 "round":{
  "0":1,
  "1":1,
  "2":2,
  "3":4,
  "4":4,
  "5":6,
  "6":9,
  "7":12,
  "8":13,
  "9":13,
  "10":14,
  "11":14,
  "12":16,
  "13":16,
  "14":19,
  "15":19,
  "16":21,
  "17":21
 }
}