{
 "tick":{
  "0":7497,
  "1":9225,
  "2":17729,
  "3":27304,
  "4":44412,
  "5":45634,
  "6":50589,
  "7":64116,
  "8":66740,
  "9":84068,
  "10":93948,
  "11":96572,
  "12":112215,
  "13":114839,
  "14":119274,
  "15":121898,
  "16":134401,
  "17":141908,
  "18":144532
 },
 "event":{
  "0":"planted",
  "1":"defused",
  "2":"planted",
  "3":"planted",
  "4":"planted",
  "5":"defused",
  "6":"planted",
  "7":"planted",
  "8":"exploded",
  "9":"planted",
  "10":"planted",
  "11":"exploded",
  "12":"planted",
  "13":"exploded",
  "14":"planted",
  "15":"exploded",
  "16":"planted",
  "17":"planted",
  "18":"exploded"
 },
 "site":{
  "0":"BombsiteB",
  "1":"BombsiteB",
  "2":"BombsiteB",
  "3":"BombsiteA",
  "4":"BombsiteB",
  "5":"BombsiteB",
  "6":"BombsiteA",
  "7":"BombsiteB",
  "8":"BombsiteB",
  "9":"BombsiteA",
  "10":"BombsiteB",
  "11":"BombsiteB",
  "12":"BombsiteB",
  "13":"BombsiteB",
  "14":"BombsiteA",
  "15":"BombsiteA",
  "16":"BombsiteB",
  "17":"BombsiteA",
  "18":"BombsiteA"
 },
 "X":{
  "0":706.466796875,
  "1":720.9763183594,
  "2":712.9431152344,
  "3":702.4403076172,
  "4":592.853515625,
  "5":576.1892700195,
  "6":831.6849975586,
  "7":646.6851196289,
  "8":646.6851196289,
  "9":629.5606689453,
  "10":626.6092529297,
  "11":626.6092529297,
  "12":340.03125,
  "13":340.03125,
  "14":517.3274536133,
  "15":517.3274536133,
  "16":340.03125,
  "17":521.0453491211,
  "18":521.0453491211
 },
 "Y":{
  "0":-1122.6004638672,
  "1":-1181.2091064453,
  "2":-954.1080932617,
  "3":-614.0659790039,
  "4":-1246.8718261719,
  "5":-1248.6783447266,
  "6":-625.971862793,
  "7":-1256.03125,
  "8":-1256.03125,
  "9":-768.0316162109,
  "10":-1256.03125,
  "11":-1256.03125,
  "12":-717.9619140625,
  "13":-717.9619140625,
  "14":-929.178527832,
  "15":-929.178527832,
  "16":-741.0081176758,
  "17":-933.5332641602,
  "18":-933.5332641602
 },
 "Z":{
  "0":-752.84375,
  "1":-768.96875,
  "2":-771.96875,
  "3":-399.9686279297,
  "4":-752.84375,
  "5":-752.84375,
  "6":-399.9682617188,
  "7":-768.84375,
  "8":-768.84375,
  "9":-415.96875,
  "10":-768.84375,
  "11":-768.84375,
  "12":-765.96875,
  "13":-765.96875,
  "14":-409.4254150391,
  "15":-409.4254150391,
  "16":-771.96875,
  "17":-410.4764404297,
  "18":-410.4764404297
 },
 "round":{
  "0":1,
  "1":1,
  "2":2,
  "3":3,
  "4":5,
  "5":5,
  "6":6,
  "7":8,
  "8":8,
  "9":10,
  "10":11,
  "11":11,
  "12":13,
  "13":13,
  "14":14,
  "15":14,
  "16":16,
  "17":17,
  "18":17
 }
}