{
 "tick":{
  "0":47228,
  "1":49852,
  "2":60599,
  "3":75231,
  "4":77855,
  "5":81920,
  "6":112766,
  "7":114542,
  "8":122846,
  "9":125470,
  "10":136606,
  "11":143342,
  "12":163044,
  "13":173388,
  "14":176012,
  "15":183660
 },
 "event":{
  "0":"planted",
  "1":"exploded",
  "2":"planted",
  "3":"planted",
  "4":"exploded",
  "5":"planted",
  "6":"planted",
  "7":"defused",
  "8":"planted",
  "9":"exploded",
  "10":"planted",
  "11":"planted",
  "12":"planted",
  "13":"planted",
  "14":"exploded",
  "15":"planted"
 },
 "site":{
  "0":"BombsiteA",
  "1":"BombsiteA",
  "2":"BombsiteB",
  "3":"BombsiteB",
  "4":"BombsiteB",
  "5":"BombsiteA",
  "6":"BombsiteB",
  "7":"BombsiteB",
  "8":"BombsiteA",
  "9":"BombsiteA",
  "10":"BombsiteA",
  "11":"BombsiteB",
  "12":"BombsiteB",
  "13":"BombsiteB",
  "14":"BombsiteB",
  "15":"BombsiteA"
 },
 "X":{
  "0":-1226.6533203125,
  "1":-1226.6533203125,
  "2":798.4335327148,
  "3":805.5591430664,
  "4":805.5591430664,
  "5":-1280.03125,
  "6":815.7378540039,
  "7":823.188293457,
  "8":-1222.7020263672,
  "9":-1222.7020263672,
  "10":-1249.5594482422,
  "11":788.5004882812,
  "12":804.4748535156,
  "13":782.6067504883,
  "14":782.6067504883,
  "15":-1284.7061767578
 },
 "Y":{
  "0":729.96875,
  "1":729.96875,
  "2":4.6607351303,
  "3":4.9687886238,
  "4":4.9687886238,
  "5":792.4409179688,
  "6":4.9719562531,
  "7":-54.4494628906,
  "8":729.9688110352,
  "9":729.9688110352,
  "10":729.96875,
  "11":4.9687495232,
  "12":4.97230196,
  "13":4.9687490463,
  "14":4.9687490463,
  "15":742.266784668
 },
 "Z":{
  "0":56.03125,
  "1":56.03125,
  "2":130.9011230469,
  "3":130.9011230469,
  "4":130.9011230469,
  "5":54.03125,
  "6":130.9011230469,
  "7":130.9011077881,
  "8":56.03125,
  "9":56.03125,
  "10":56.03125,
  "11":130.9011230469,
  "12":130.9011230469,
  "13":130.9011230469,
  "14":130.9011230469,
  "15":54.03125
 },
 "round":{
  "0":3,
  "1":3,
  "2":4,
  "3":7,
  "4":7,
  "5":8,
  "6":13,
  "7":13,
  "8":14,
  "9":14,
  "10":15,
  "11":16,
  "12":18,
  "13":19,
  "14":19,
  "15":20
 }
}