{"tick":{"0":7863,"1":32879,"2":34541,"3":42617,"4":43895,"5":54729,"6":56184,"7":68186,"8":70810,"9":105528,"10":108152,"11":117061},"event":{"0":"planted","1":"planted","2":"defused","3":"planted","4":"defused","5":"planted","6":"defused","7":"planted","8":"exploded","9":"planted","10":"exploded","11":"planted"},"site":{"0":"BombsiteA","1":"BombsiteA","2":"BombsiteA","3":"BombsiteA","4":"BombsiteA","5":"BombsiteA","6":"BombsiteA","7":"BombsiteA","8":"BombsiteA","9":"BombsiteB","10":"BombsiteB","11":"BombsiteB"},"X":{"0":707.3903808594,"1":674.867980957,"2":688.5467529297,"3":559.8499145508,"4":549.0285644531,"5":727.8165893555,"6":785.1640014648,"7":686.7402954102,"8":686.7402954102,"9":635.7453613281,"10":635.7453613281,"11":626.9550170898},"Y":{"0":-606.7360839844,"1":-764.2789306641,"2":-781.2058105469,"3":-704.5892333984,"4":-681.9530639648,"5":-576.1204833984,"6":-588.3645629883,"7":-763.4505615234,"8":-763.4505615234,"9":-1322.6657714844,"10":-1322.6657714844,"11":-1256.03125},"Z":{"0":-399.9685058594,"1":-399.96875,"2":-403.4090576172,"3":-399.96875,"4":-399.96875,"5":-399.9682617188,"6":-399.9683837891,"7":-399.96875,"8":-399.96875,"9":-765.96875,"10":-765.96875,"11":-768.84375},"round":{"0":1,"1":5,"2":5,"3":6,"4":6,"5":8,"6":8,"7":10,"8":10,"9":14,"10":14,"11":15}}