{"tick":{"0":16964,"1":19588,"2":51424,"3":53545,"4":73325,"5":74316,"6":82019,"7":120620,"8":122156,"9":138284,"10":157201},"event":{"0":"planted","1":"exploded","2":"planted","3":"defused","4":"planted","5":"defused","6":"planted","7":"planted","8":"defused","9":"planted","10":"planted"},"site":{"0":"BombsiteB","1":"BombsiteB","2":"BombsiteA","3":"BombsiteA","4":"BombsiteA","5":"BombsiteA","6":"BombsiteB","7":"BombsiteA","8":"BombsiteA","9":"BombsiteA","10":"BombsiteB"},"X":{"0":-1166.3645019531,"1":-1166.3645019531,"2":-2593.3188476562,"3":-2532.5754394531,"4":-2575.3784179688,"5":-2515.7661132812,"6":-1166.2452392578,"7":-2493.109375,"8":-2484.9365234375,"9":-2558.39453125,"10":-1161.7478027344},"Y":{"0":-84.0740966797,"1":-84.0740966797,"2":636.2410888672,"3":625.6253051758,"4":641.158203125,"5":628.8381958008,"6":-73.2832641602,"7":798.0291748047,"8":790.3453369141,"9":630.8169555664,"10":-74.8093261719},"Z":{"0":104.3411560059,"1":104.3411560059,"2":484.0312194824,"3":484.03125,"4":484.03125,"5":484.03125,"6":103.6364135742,"7":476.5291748047,"8":476.530670166,"9":484.03125,"10":103.5312423706},"round":{"0":3,"1":3,"2":7,"3":7,"4":9,"5":9,"6":10,"7":15,"8":15,"9":17,"10":20}}