{
 "tick":{
  "0":20880,
  "1":27601,
  "2":34087,
  "3":47916,
  "4":50540,
  "5":81125,
  "6":83749,
  "7":87926,
  "8":93699,
  "9":100962,
  "10":103586,
  "11":109465,
  "12":111697,
  "13":116194,
  "14":138495,
  "15":139931,
  "16":148497,
  "17":159798
 },
 "event":{
  "0":"planted",
  "1":"planted",
  "2":"planted",
  "3":"planted",
  "4":"exploded",
  "5":"planted",
  "6":"exploded",
  "7":"planted",
  "8":"planted",
  "9":"planted",
  "10":"exploded",
  "11":"planted",
  "12":"defused",
  "13":"planted",
  "14":"planted",
  "15":"defused",
  "16":"planted",
  "17":"planted"
 },
 "site":{
  "0":"BombsiteA",
  "1":"BombsiteA",
  "2":"BombsiteB",
  "3":"BombsiteB",
  "4":"BombsiteB",
  "5":"BombsiteA",
  "6":"BombsiteA",
  "7":"BombsiteB",
  "8":"BombsiteA",
  "9":"BombsiteB",
  "10":"BombsiteB",
  "11":"BombsiteA",
  "12":"BombsiteA",
  "13":"BombsiteB",
  "14":"BombsiteB",
  "15":"BombsiteB",
  "16":"BombsiteB",
  "17":"BombsiteA"
 },
 "X":{
  "0":-1574.3394775391,
  "1":-1216.4665527344,
  "2":808.1994628906,
  "3":1101.6656494141,
  "4":1101.6656494141,
  "5":-1259.7116699219,
  "6":-1259.7116699219,
  "7":795.0272216797,
  "8":-1222.8619384766,
  "9":784.9365844727,
  "10":784.9365844727,
  "11":-1571.3018798828,
  "12":-1532.0916748047,
  "13":869.03125,
  "14":1038.9226074219,
  "15":1094.3450927734,
  "16":869.03125,
  "17":-1233.2680664062
 },
 "Y":{
  "0":713.4910888672,
  "1":893.03125,
  "2":4.9702205658,
  "3":45.2988204956,
  "4":45.2988204956,
  "5":729.96875,
  "6":729.96875,
  "7":4.9723858833,
  "8":727.9038696289,
  "9":4.9687461853,
  "10":4.9687461853,
  "11":699.2161865234,
  "12":658.6925048828,
  "13":81.3476867676,
  "14":-34.5576171875,
  "15":-10.9057006836,
  "16":78.3148498535,
  "17":729.96875
 },
 "Z":{
  "0":56.03125,
  "1":62.03125,
  "2":130.9011230469,
  "3":134.03125,
  "4":134.03125,
  "5":56.03125,
  "6":56.03125,
  "7":130.9011230469,
  "8":56.03125,
  "9":130.9011230469,
  "10":130.9011230469,
  "11":56.03125,
  "12":63.7648506165,
  "13":130.9011077881,
  "14":133.3139343262,
  "15":134.03125,
  "16":130.9011077881,
  "17":56.03125
 },
 "round":{
  "0":3,
  "1":4,
  "2":5,
  "3":7,
  "4":7,
  "5":11,
  "6":11,
  "7":12,
  "8":13,
  "9":14,
  "10":14,
  "11":15,
  "12":15,
  "13":16,
  "14":19,
  "15":19,
  "16":20,
  "17":22
 }
}