{
 "tick":{
  "0":17556,
  "1":21643,
  "2":24267,
  "3":28748,
  "4":31372,
  "5":38462,
  "6":41086,
  "7":46119,
  "8":50174,
  "9":52798,
  "10":56778,
  "11":59402,
  "12":64044,
  "13":80519,
  "14":82854,
  "15":86816,
  "16":89440,
  "17":110047,
  "18":111317
 },
 "event":{
  "0":"planted",
  "1":"planted",
  "2":"exploded",
  "3":"planted",
  "4":"exploded",
  "5":"planted",
  "6":"exploded",
  "7":"planted",
  "8":"planted",
  "9":"exploded",
  "10":"planted",
  "11":"exploded",
  "12":"planted",
  "13":"planted",
  "14":"defused",
  "15":"planted",
  "16":"exploded",
  "17":"planted",
  "18":"defused"
 },
 "site":{
  "0":"BombsiteB",
  "1":"BombsiteA",
  "2":"BombsiteA",
  "3":"BombsiteB",
  "4":"BombsiteB",
  "5":"BombsiteA",
  "6":"BombsiteA",
  "7":"BombsiteB",
  "8":"BombsiteA",
  "9":"BombsiteA",
  "10":"BombsiteA",
  "11":"BombsiteA",
  "12":"BombsiteB",
  "13":"BombsiteA",
  "14":"BombsiteA",
  "15":"BombsiteB",
  "16":"BombsiteB",
  "17":"BombsiteA",
  "18":"BombsiteA"
 },
 "X":{
  "0":869.03125,
  "1":-1565.1984863281,
  "2":-1565.1984863281,
  "3":869.0278320312,
  "4":869.0278320312,
  "5":-1280.03125,
  "6":-1280.03125,
  "7":1046.4893798828,
  "8":-1578.5860595703,
  "9":-1578.5860595703,
  "10":-1573.5576171875,
  "11":-1573.5576171875,
  "12":869.03125,
  "13":-1280.03125,
  "14":-1341.6889648438,
  "15":878.9976806641,
  "16":878.9976806641,
  "17":-1564.6131591797,
  "18":-1537.7708740234
 },
 "Y":{
  "0":82.96875,
  "1":711.1701660156,
  "2":711.1701660156,
  "3":82.9289627075,
  "4":82.9289627075,
  "5":792.0987548828,
  "6":792.0987548828,
  "7":-56.1074829102,
  "8":706.4119873047,
  "9":706.4119873047,
  "10":713.7083129883,
  "11":713.7083129883,
  "12":80.1707000732,
  "13":790.2908325195,
  "14":786.5390014648,
  "15":77.8756790161,
  "16":77.8756790161,
  "17":969.1390380859,
  "18":926.5150756836
 },
 "Z":{
  "0":130.9011077881,
  "1":56.03125,
  "2":56.03125,
  "3":130.9011077881,
  "4":130.9011077881,
  "5":54.03125,
  "6":54.03125,
  "7":134.03125,
  "8":56.03125,
  "9":56.03125,
  "10":56.03125,
  "11":56.03125,
  "12":130.9011077881,
  "13":54.03125,
  "14":54.03125,
  "15":130.9011077881,
  "16":130.9011077881,
  "17":56.1864471436,
  "18":54.03125
 },
 "round":{
  "0":0,
  "1":1,
  "2":1,
  "3":2,
  "4":2,
  "5":3,
  "6":3,
  "7":4,
  "8":5,
  "9":5,
  "10":6,
  "11":6,
  "12":7,
  "13":9,
  "14":9,
  "15":10,
  "16":10,
  "17":12,
  "18":12
 }
}