{
 "tick":{
  "0":3896,
  "1":5497,
  "2":43176,
  "3":45800,
  "4":58988,
  "5":71816,
  "6":74440,
  "7":79635,
  "8":82259,
  "9":95359,
  "10":103069,
  "11":105693,
  "12":110020,
  "13":142023,
  "14":143150,
  "15":148344,
  "16":155707,
  "17":158331,
  "18":164825
 },
 "event":{
  "0":"planted",
  "1":"defused",
  "2":"planted",
  "3":"exploded",
  "4":"planted",
  "5":"planted",
  "6":"exploded",
  "7":"planted",
  "8":"exploded",
  "9":"planted",
  "10":"planted",
  "11":"exploded",
  "12":"planted",
  "13":"planted",
  "14":"defused",
  "15":"planted",
  "16":"planted",
  "17":"exploded",
  "18":"planted"
 },
 "site":{
  "0":"BombsiteA",
  "1":"BombsiteA",
  "2":"BombsiteA",
  "3":"BombsiteA",
  "4":"BombsiteB",
  "5":"BombsiteA",
  "6":"BombsiteA",
  "7":"BombsiteB",
  "8":"BombsiteB",
  "9":"BombsiteB",
  "10":"BombsiteB",
  "11":"BombsiteB",
  "12":"BombsiteB",
  "13":"BombsiteB",
  "14":"BombsiteB",
  "15":"BombsiteB",
  "16":"BombsiteA",
  "17":"BombsiteA",
  "18":"BombsiteB"
 },
 "X":{
  "0":-114.0291748047,
  "1":-114.0297851562,
  "2":-371.9085693359,
  "3":-371.9085693359,
  "4":-2146.03125,
  "5":-363.3594360352,
  "6":-363.3594360352,
  "7":-2325.5432128906,
  "8":-2325.5432128906,
  "9":-2225.9226074219,
  "10":-2216.03125,
  "11":-2216.03125,
  "12":-2216.03125,
  "13":-2216.03125,
  "14":-2236.2614746094,
  "15":-2216.03125,
  "16":-298.2627563477,
  "17":-298.2627563477,
  "18":-2216.03125
 },
 "Y":{
  "0":-540.03125,
  "1":-540.03125,
  "2":-688.3450317383,
  "3":-688.3450317383,
  "4":780.96875,
  "5":-686.4452514648,
  "6":-686.4452514648,
  "7":807.7838134766,
  "8":807.7838134766,
  "9":868.4219970703,
  "10":898.1999511719,
  "11":898.1999511719,
  "12":874.5794067383,
  "13":871.7602539062,
  "14":813.8474731445,
  "15":884.8958129883,
  "16":-713.03125,
  "17":-713.03125,
  "18":877.7498168945
 },
 "Z":{
  "0":11776.03125,
  "1":11776.03125,
  "2":11774.82421875,
  "3":11774.82421875,
  "4":11744.03125,
  "5":11774.5869140625,
  "6":11774.5869140625,
  "7":11744.03125,
  "8":11744.03125,
  "9":11744.03125,
  "10":11744.03125,
  "11":11744.03125,
  "12":11744.03125,
  "13":11744.03125,
  "14":11744.03125,
  "15":11744.03125,
  "16":11776.03125,
  "17":11776.03125,
  "18":11744.03125
 },
 "round":{
  "0":1,
  "1":1,
  "2":6,
  "3":6,
  "4":8,
  "5":10,
  "6":10,
  "7":11,
  "8":11,
  "9":13,
  "10":14,
  "11":14,
  "12":15,
  "13":19,
  "14":19,
  "15":20,
  "16":21,
  "17":21,
  "18":22
 }
}