{
 "tick":{
  "0":7054,
  "1":8860,
  "2":19995,
  "3":20651,
  "4":29115,
  "5":31739,
  "6":36868,
  "7":49302,
  "8":50525,
  "9":85639,
  "10":86254,
  "11":101395,
  "12":109086,
  "13":115137
 },
 "event":{
  "0":"planted",
  "1":"defused",
  "2":"planted",
  "3":"defused",
  "4":"planted",
  "5":"exploded",
  "6":"planted",
  "7":"planted",
  "8":"defused",
  "9":"planted",
  "10":"defused",
  "11":"planted",
  "12":"planted",
  "13":"planted"
 },
 "site":{
  "0":"BombsiteA",
  "1":"BombsiteA",
  "2":"BombsiteB",
  "3":"BombsiteB",
  "4":"BombsiteA",
  "5":"BombsiteA",
  "6":"BombsiteB",
  "7":"BombsiteA",
  "8":"BombsiteA",
  "9":"BombsiteB",
  "10":"BombsiteB",
  "11":"BombsiteA",
  "12":"BombsiteB",
  "13":"BombsiteB"
 },
 "X":{
  "0":-579.0470581055,
  "1":-624.8850708008,
  "2":-1911.8771972656,
  "3":-1965.5400390625,
  "4":-554.4552001953,
  "5":-554.4552001953,
  "6":-1984.8155517578,
  "7":-560.7186279297,
  "8":-498.871887207,
  "9":-2036.5316162109,
  "10":-2040.7766113281,
  "11":-595.3701782227,
  "12":-1940.7662353516,
  "13":-1969.03125
 },
 "Y":{
  "0":-2141.8552246094,
  "1":-2176.24609375,
  "2":279.5821533203,
  "3":266.3344421387,
  "4":-2103.607421875,
  "5":-2103.607421875,
  "6":452.597076416,
  "7":-2131.322265625,
  "8":-2129.7807617188,
  "9":80.0912475586,
  "10":78.5948028564,
  "11":-1982.6999511719,
  "12":284.190246582,
  "13":450.03125
 },
 "Z":{
  "0":-179.96875,
  "1":-179.96875,
  "2":-159.96875,
  "3":-159.96875,
  "4":-179.96875,
  "5":-179.96875,
  "6":-159.96875,
  "7":-179.96875,
  "8":-179.96875,
  "9":-159.96875,
  "10":-159.96875,
  "11":-179.96875,
  "12":-159.96875,
  "13":-159.96875
 },
 "round":{
  "0":1,
  "1":1,
  "2":3,
  "3":3,
  "4":5,
  "5":5,
  "6":6,
  "7":8,
  "8":8,
  "9":12,
  "10":12,
  "11":13,
  "12":14,
  "13":15
 }
}