{
 "tick":{
  "0":3666,
  "1":5687,
  "2":23777,
  "3":41452,
  "4":54828,
  "5":56955,
  "6":61963,
  "7":65348,
  "8":108711,
  "9":110233,
  "10":114285,
  "11":116909
 },
 "event":{
  "0":"planted",
  "1":"defused",
  "2":"planted",
  "3":"planted",
  "4":"planted",
  "5":"defused",
  "6":"planted",
  "7":"planted",
  "8":"planted",
  "9":"defused",
  "10":"planted",
  "11":"exploded"
 },
 "site":{
  "0":"BombsiteA",
  "1":"BombsiteA",
  "2":"BombsiteB",
  "3":"BombsiteA",
  "4":"BombsiteA",
  "5":"BombsiteA",
  "6":"BombsiteB",
  "7":"BombsiteA",
  "8":"BombsiteB",
  "9":"BombsiteB",
  "10":"BombsiteA",
  "11":"BombsiteA"
 },
 "X":{
  "0":-1570.4990234375,
  "1":-1531.9927978516,
  "2":869.0291748047,
  "3":-1574.5385742188,
  "4":-1564.4052734375,
  "5":-1503.5676269531,
  "6":810.4271850586,
  "7":-1572.9462890625,
  "8":857.7288818359,
  "9":807.6116333008,
  "10":-1280.03125,
  "11":-1280.03125
 },
 "Y":{
  "0":966.3923950195,
  "1":919.8254394531,
  "2":65.4899749756,
  "3":701.3472900391,
  "4":708.8129882812,
  "5":719.6924438477,
  "6":4.9719252586,
  "7":707.6123657227,
  "8":-54.5667114258,
  "9":-24.3041992188,
  "10":793.96875,
  "11":793.96875
 },
 "Z":{
  "0":56.03125,
  "1":54.03125,
  "2":130.9011077881,
  "3":56.03125,
  "4":56.03125,
  "5":56.03125,
  "6":130.9011230469,
  "7":56.03125,
  "8":130.03125,
  "9":130.9011077881,
  "10":54.03125,
  "11":54.03125
 },
 "round":{
  "0":0,
  "1":0,
  "2":3,
  "3":5,
  "4":7,
  "5":7,
  "6":8,
  "7":9,
  "8":15,
  "9":15,
  "10":16,
  "11":16
 }
}