{
 "tick":{
  "0":25962,
  "1":65433,
  "2":66220,
  "3":101238,
  "4":101982,
  "5":117916,
  "6":126560
 },
 "event":{
  "0":"planted",
  "1":"planted",
  "2":"defused",
  "3":"planted",
  "4":"defused",
  "5":"planted",
  "6":"planted"
 },
 "site":{
  "0":"BombsiteA",
  "1":"BombsiteB",
  "2":"BombsiteB",
  "3":"BombsiteB",
  "4":"BombsiteB",
  "5":"BombsiteA",
  "6":"BombsiteA"
 },
 "X":{
  "0":-2477.1926269531,
  "1":-1166.3243408203,
  "2":-1124.3134765625,
  "3":-1166.04296875,
  "4":-1121.2784423828,
  "5":-2585.916015625,
  "6":-2578.0141601562
 },
 "Y":{
  "0":570.1077880859,
  "1":-84.6040649414,
  "2":-41.6384277344,
  "3":-71.2098999023,
  "4":-109.9642333984,
  "5":639.4820556641,
  "6":640.739074707
 },
 "Z":{
  "0":484.03125,
  "1":104.1038360596,
  "2":103.5312576294,
  "3":103.53125,
  "4":103.53125,
  "5":484.03125,
  "6":484.0312805176
 },
 "round":{
  "0":3,
  "1":8,
  "2":8,
  "3":12,
  "4":12,
  "5":13,
  "6":14
 }
}