{
 "tick":{
  "0":8482,
  "1":9701,
  "2":33641,
  "3":36265,
  "4":51827,
  "5":61122,
  "6":96789,
  "7":98873,
  "8":117746,
  "9":120370,
  "10":128966,
  "11":130512,
  "12":145861,
  "13":146556,
  "14":162849,
  "15":165473,
  "16":177406,
  "17":179285
 },
 "event":{
  "0":"planted",
  "1":"defused",
  "2":"planted",
  "3":"exploded",
  "4":"planted",
  "5":"planted",
  "6":"planted",
  "7":"defused",
  "8":"planted",
  "9":"exploded",
  "10":"planted",
  "11":"defused",
  "12":"planted",
  "13":"defused",
  "14":"planted",
  "15":"exploded",
  "16":"planted",
  "17":"defused"
 },
 "site":{
  "0":"BombsiteB",
  "1":"BombsiteB",
  "2":"BombsiteB",
  "3":"BombsiteB",
  "4":"BombsiteB",
  "5":"BombsiteB",
  "6":"BombsiteA",
  "7":"BombsiteA",
  "8":"BombsiteB",
  "9":"BombsiteB",
  "10":"BombsiteB",
  "11":"BombsiteB",
  "12":"BombsiteA",
  "13":"BombsiteA",
  "14":"BombsiteB",
  "15":"BombsiteB",
  "16":"BombsiteA",
  "17":"BombsiteA"
 },
 "X":{
  "0":869.03125,
  "1":869.03125,
  "2":1101.3571777344,
  "3":1101.3571777344,
  "4":869.0274047852,
  "5":800.3579711914,
  "6":-1553.9833984375,
  "7":-1508.2078857422,
  "8":818.7811889648,
  "9":818.7811889648,
  "10":795.6395874023,
  "11":769.8587036133,
  "12":-1568.3907470703,
  "13":-1569.2355957031,
  "14":869.03125,
  "15":869.03125,
  "16":-1280.03125,
  "17":-1314.2097167969
 },
 "Y":{
  "0":82.96875,
  "1":35.3108558655,
  "2":52.9742279053,
  "3":52.9742279053,
  "4":82.96875,
  "5":4.9722952843,
  "6":701.2911987305,
  "7":706.8573608398,
  "8":4.9687495232,
  "9":4.9687495232,
  "10":4.965259552,
  "11":-7.5586547852,
  "12":700.3084106445,
  "13":761.360168457,
  "14":79.7700958252,
  "15":79.7700958252,
  "16":793.96875,
  "17":812.3286743164
 },
 "Z":{
  "0":130.9011077881,
  "1":130.9011077881,
  "2":134.03125,
  "3":134.03125,
  "4":130.9011077881,
  "5":130.9011230469,
  "6":56.03125,
  "7":56.03125,
  "8":130.9011230469,
  "9":130.9011230469,
  "10":130.9011230469,
  "11":130.03125,
  "12":56.03125,
  "13":56.03125,
  "14":130.9011077881,
  "15":130.9011077881,
  "16":54.03125,
  "17":54.03125
 },
 "round":{
  "0":1,
  "1":1,
  "2":4,
  "3":4,
  "4":6,
  "5":7,
  "6":12,
  "7":12,
  "8":15,
  "9":15,
  "10":16,
  "11":16,
  "12":18,
  "13":18,
  "14":20,
  "15":20,
  "16":22,
  "17":22
 }
}