{"tick":{"0":7187,"1":9811,"2":18368,"3":25074,"4":27698,"5":33260,"6":35884,"7":52630,"8":55254,"9":59316,"10":61940,"11":71097,"12":73721,"13":82334,"14":84958,"15":92791,"16":94357,"17":99569,"18":119659,"19":121943},"event":{"0":"planted","1":"exploded","2":"planted","3":"planted","4":"exploded","5":"planted","6":"exploded","7":"planted","8":"exploded","9":"planted","10":"exploded","11":"planted","12":"exploded","13":"planted","14":"exploded","15":"planted","16":"defused","17":"planted","18":"planted","19":"defused"},"site":{"0":"BombsiteA","1":"BombsiteA","2":"BombsiteA","3":"BombsiteA","4":"BombsiteA","5":"BombsiteA","6":"BombsiteA","7":"BombsiteB","8":"BombsiteB","9":"BombsiteB","10":"BombsiteB","11":"BombsiteA","12":"BombsiteA","13":"BombsiteB","14":"BombsiteB","15":"BombsiteB","16":"BombsiteB","17":"BombsiteA","18":"BombsiteA","19":"BombsiteA"},"X":{"0":1282.0183105469,"1":1282.0183105469,"2":1283.388671875,"3":1258.1414794922,"4":1258.1414794922,"5":1245.1977539062,"6":1245.1977539062,"7":-1065.4665527344,"8":-1065.4665527344,"9":-1136.03125,"10":-1136.03125,"11":1280.03125,"12":1280.03125,"13":-1136.03125,"14":-1136.03125,"15":-1136.0285644531,"16":-1147.7924804688,"17":1404.7224121094,"18":1220.4520263672,"19":1165.8383789062},"Y":{"0":1935.9088134766,"1":1935.9088134766,"2":1848.2940673828,"3":1979.7436523438,"4":1979.7436523438,"5":1988.3343505859,"6":1988.3343505859,"7":599.9722290039,"8":599.9722290039,"9":699.96875,"10":699.96875,"11":1928.0494384766,"12":1928.0494384766,"13":699.96875,"14":699.96875,"15":699.96875,"16":639.1538696289,"17":2121.3286132812,"18":2038.5256347656,"19":2011.2147216797},"Z":{"0":-183.0827026367,"1":-183.0827026367,"2":-191.96875,"3":-191.96875,"4":-191.96875,"5":-191.96875,"6":-191.96875,"7":-1.96875,"8":-1.96875,"9":-1.96875,"10":-1.96875,"11":-180.2685546875,"12":-180.2685546875,"13":-1.96875,"14":-1.96875,"15":-1.96875,"16":-3.96875,"17":-191.96875,"18":-191.96875,"19":-191.96875},"round":{"0":1,"1":1,"2":3,"3":4,"4":4,"5":5,"6":5,"7":7,"8":7,"9":8,"10":8,"11":9,"12":9,"13":10,"14":10,"15":11,"16":11,"17":12,"18":15,"19":15}}