{
 "tick":{
  "0":57483,
  "1":58997,
  "2":66100,
  "3":72173,
  "4":74048,
  "5":81567,
  "6":82724,
  "7":86449,
  "8":91172
 },
 "event":{
  "0":"planted",
  "1":"defused",
  "2":"planted",
  "3":"planted",
  "4":"defused",
  "5":"planted",
  "6":"defused",
  "7":"planted",
  "8":"planted"
 },
 "site":{
  "0":"BombsiteB",
  "1":"BombsiteB",
  "2":"BombsiteA",
  "3":"BombsiteB",
  "4":"BombsiteB",
  "5":"BombsiteB",
  "6":"BombsiteB",
  "7":"BombsiteB",
  "8":"BombsiteA"
 },
 "X":{
  "0":817.8289794922,
  "1":879.3193359375,
  "2":-1257.8205566406,
  "3":869.03125,
  "4":882.962097168,
  "5":737.6869506836,
  "6":796.313659668,
  "7":869.03125,
  "8":-1580.9274902344
 },
 "Y":{
  "0":4.8952684402,
  "1":-1.0322265625,
  "2":729.9712524414,
  "3":52.4447517395,
  "4":-7.1771850586,
  "5":152.0216369629,
  "6":152.03125,
  "7":67.7839660645,
  "8":704.2158203125
 },
 "Z":{
  "0":130.9011230469,
  "1":130.9011077881,
  "2":56.03125,
  "3":130.9011077881,
  "4":130.03125,
  "5":130.03125,
  "6":130.9011077881,
  "7":130.9011077881,
  "8":56.03125
 },
 "round":{
  "0":9,
  "1":9,
  "2":10,
  "3":11,
  "4":11,
  "5":12,
  "6":12,
  "7":13,
  "8":14
 }
}