{
 "tick":{
  "0":4837,
  "1":13954,
  "2":16112,
  "3":20784,
  "4":22746,
  "5":37464,
  "6":38533,
  "7":51193,
  "8":53817,
  "9":80177,
  "10":82801,
  "11":90288,
  "12":92912,
  "13":120088,
  "14":122712,
  "15":131666,
  "16":139599,
  "17":149895,
  "18":152519
 },
 "event":{
  "0":"planted",
  "1":"planted",
  "2":"defused",
  "3":"planted",
  "4":"defused",
  "5":"planted",
  "6":"defused",
  "7":"planted",
  "8":"exploded",
  "9":"planted",
  "10":"exploded",
  "11":"planted",
  "12":"exploded",
  "13":"planted",
  "14":"exploded",
  "15":"planted",
  "16":"planted",
  "17":"planted",
  "18":"exploded"
 },
 "site":{
  "0":"BombsiteB",
  "1":"BombsiteB",
  "2":"BombsiteB",
  "3":"BombsiteB",
  "4":"BombsiteB",
  "5":"BombsiteB",
  "6":"BombsiteB",
  "7":"BombsiteA",
  "8":"BombsiteA",
  "9":"BombsiteA",
  "10":"BombsiteA",
  "11":"BombsiteA",
  "12":"BombsiteA",
  "13":"BombsiteB",
  "14":"BombsiteB",
  "15":"BombsiteB",
  "16":"BombsiteA",
  "17":"BombsiteA",
  "18":"BombsiteA"
 },
 "X":{
  "0":-1987.0284423828,
  "1":-1990.6440429688,
  "2":-2032.2829589844,
  "3":-1969.03125,
  "4":-1969.0294189453,
  "5":-2094.96875,
  "6":-2054.26171875,
  "7":-494.1795654297,
  "8":-494.1795654297,
  "9":-253.96875,
  "10":-253.96875,
  "11":-621.03125,
  "12":-621.03125,
  "13":-1969.03125,
  "14":-1969.03125,
  "15":-1969.03125,
  "16":-554.96875,
  "17":-253.96875,
  "18":-253.96875
 },
 "Y":{
  "0":422.8291320801,
  "1":439.981262207,
  "2":482.9953918457,
  "3":450.03125,
  "4":477.7106323242,
  "5":413.1701965332,
  "6":449.1696166992,
  "7":-2012.5543212891,
  "8":-2012.5543212891,
  "9":-2136.0876464844,
  "10":-2136.0876464844,
  "11":-1986.8485107422,
  "12":-1986.8485107422,
  "13":450.0543212891,
  "14":450.0543212891,
  "15":450.03125,
  "16":-2103.6953125,
  "17":-2134.0754394531,
  "18":-2134.0754394531
 },
 "Z":{
  "0":-159.96875,
  "1":-159.96875,
  "2":-162.7166748047,
  "3":-159.96875,
  "4":-161.3954467773,
  "5":-159.96875,
  "6":-159.96875,
  "7":-179.96875,
  "8":-179.96875,
  "9":-173.0363769531,
  "10":-173.0363769531,
  "11":-179.96875,
  "12":-179.96875,
  "13":-159.96875,
  "14":-159.96875,
  "15":-159.96875,
  "16":-179.96875,
  "17":-172.9469604492,
  "18":-172.9469604492
 },
 "round":{
  "0":1,
  "1":2,
  "2":2,
  "3":3,
  "4":3,
  "5":5,
  "6":5,
  "7":6,
  "8":6,
  "9":9,
  "10":9,
  "11":10,
  "12":10,
  "13":15,
  "14":15,
  "15":16,
  "16":17,
  "17":18,
  "18":18
 }
}