{
 "tick":{
  "0":7029,
  "1":17783,
  "2":20407,
  "3":67308,
  "4":69932,
  "5":80753,
  "6":82534,
  "7":99871,
  "8":102495,
  "9":121047,
  "10":126866,
  "11":167498,
  "12":169782,
  "13":176531,
  "14":179155,
  "15":200699,
  "16":203017,
  "17":211714
 },
 "event":{
  "0":"planted",
  "1":"planted",
  "2":"exploded",
  "3":"planted",
  "4":"exploded",
  "5":"planted",
  "6":"defused",
  "7":"planted",
  "8":"exploded",
  "9":"planted",
  "10":"planted",
  "11":"planted",
  "12":"defused",
  "13":"planted",
  "14":"exploded",
  "15":"planted",
  "16":"defused",
  "17":"planted"
 },
 "site":{
  "0":"BombsiteA",
  "1":"BombsiteB",
  "2":"BombsiteB",
  "3":"BombsiteA",
  "4":"BombsiteA",
  "5":"BombsiteA",
  "6":"BombsiteA",
  "7":"BombsiteB",
  "8":"BombsiteB",
  "9":"BombsiteB",
  "10":"BombsiteA",
  "11":"BombsiteB",
  "12":"BombsiteB",
  "13":"BombsiteB",
  "14":"BombsiteB",
  "15":"BombsiteA",
  "16":"BombsiteA",
  "17":"BombsiteA"
 },
 "X":{
  "0":757.4139404297,
  "1":619.9036254883,
  "2":619.9036254883,
  "3":752.9097900391,
  "4":752.9097900391,
  "5":762.2896118164,
  "6":791.5424804688,
  "7":340.0723876953,
  "8":340.0723876953,
  "9":340.03125,
  "10":781.2886352539,
  "11":726.0913696289,
  "12":726.1270141602,
  "13":738.3402709961,
  "14":738.3402709961,
  "15":497.2539672852,
  "16":496.0281066895,
  "17":682.2588500977
 },
 "Y":{
  "0":-605.9680786133,
  "1":-1258.8215332031,
  "2":-1258.8215332031,
  "3":-774.6236572266,
  "4":-774.6236572266,
  "5":-605.96875,
  "6":-553.5266723633,
  "7":-717.1341552734,
  "8":-717.1341552734,
  "9":-690.6435546875,
  "10":-605.96875,
  "11":-1099.6163330078,
  "12":-1160.4144287109,
  "13":-1136.2120361328,
  "14":-1136.2120361328,
  "15":-928.8624267578,
  "16":-990.0823974609,
  "17":-789.703918457
 },
 "Z":{
  "0":-399.9682617188,
  "1":-769.96875,
  "2":-769.96875,
  "3":-399.9682617188,
  "4":-399.9682617188,
  "5":-399.9682617188,
  "6":-399.9683837891,
  "7":-765.96875,
  "8":-765.96875,
  "9":-765.96875,
  "10":-399.9683837891,
  "11":-768.96875,
  "12":-768.96875,
  "13":-768.96875,
  "14":-768.96875,
  "15":-409.8376464844,
  "16":-415.96875,
  "17":-408.96875
 },
 "round":{
  "0":1,
  "1":2,
  "2":2,
  "3":8,
  "4":8,
  "5":9,
  "6":9,
  "7":11,
  "8":11,
  "9":13,
  "10":14,
  "11":19,
  "12":19,
  "13":20,
  "14":20,
  "15":23,
  "16":23,
  "17":24
 }
}