{"tick":{"0":4468,"1":10322,"2":12946,"3":18366,"4":29886,"5":32510,"6":61358,"7":63982,"8":98718,"9":101342,"10":139582,"11":140275,"12":155265},"event":{"0":"planted","1":"planted","2":"exploded","3":"planted","4":"planted","5":"exploded","6":"planted","7":"exploded","8":"planted","9":"exploded","10":"planted","11":"defused","12":"planted"},"site":{"0":"BombsiteA","1":"BombsiteA","2":"BombsiteA","3":"BombsiteA","4":"BombsiteB","5":"BombsiteB","6":"BombsiteB","7":"BombsiteB","8":"BombsiteA","9":"BombsiteA","10":"BombsiteB","11":"BombsiteB","12":"BombsiteA"},"X":{"0":-1555.7834472656,"1":-1567.6241455078,"2":-1567.6241455078,"3":-1336.5057373047,"4":831.8417358398,"5":831.8417358398,"6":876.2897338867,"7":876.2897338867,"8":-1574.59375,"9":-1574.59375,"10":869.0297241211,"11":878.1490478516,"12":-1300.2866210938},"Y":{"0":810.0852661133,"1":707.8483276367,"2":707.8483276367,"3":712.9298706055,"4":4.9687509537,"5":4.9687509537,"6":63.9063453674,"7":63.9063453674,"8":705.96875,"9":705.96875,"10":72.4312362671,"11":20.6906337738,"12":707.7621459961},"Z":{"0":56.03125,"1":56.03125,"2":56.03125,"3":56.0312461853,"4":130.9011230469,"5":130.9011230469,"6":130.9011077881,"7":130.9011077881,"8":56.03125,"9":56.03125,"10":130.9011077881,"11":130.9011077881,"12":56.0312461853},"round":{"0":1,"1":2,"2":2,"3":3,"4":5,"5":5,"6":9,"7":9,"8":15,"9":15,"10":21,"11":21,"12":23}}