{"tick":{"0":24617,"1":27241,"2":33390,"3":36014,"4":41047,"5":45491,"6":59552,"7":62176,"8":69737,"9":86659,"10":89283,"11":101150,"12":103774},"event":{"0":"planted","1":"exploded","2":"planted","3":"exploded","4":"planted","5":"planted","6":"planted","7":"exploded","8":"planted","9":"planted","10":"exploded","11":"planted","12":"exploded"},"site":{"0":"BombsiteB","1":"BombsiteB","2":"BombsiteB","3":"BombsiteB","4":"BombsiteA","5":"BombsiteA","6":"BombsiteA","7":"BombsiteA","8":"BombsiteB","9":"BombsiteB","10":"BombsiteB","11":"BombsiteB","12":"BombsiteB"},"X":{"0":357.2713012695,"1":357.2713012695,"2":845.8516845703,"3":845.8516845703,"4":784.6641235352,"5":643.2393188477,"6":828.0352172852,"7":828.0352172852,"8":720.03125,"9":629.7000732422,"10":629.7000732422,"11":732.6502685547,"12":732.6502685547},"Y":{"0":-703.9276123047,"1":-703.9276123047,"2":-1068.3890380859,"3":-1068.3890380859,"4":-800.077331543,"5":-815.1726074219,"6":-585.9416503906,"7":-585.9416503906,"8":-1163.0518798828,"9":-1317.1197509766,"10":-1317.1197509766,"11":-1137.5557861328,"12":-1137.5557861328},"Z":{"0":-765.96875,"1":-765.96875,"2":-765.96875,"3":-765.96875,"4":-399.9682617188,"5":-415.96875,"6":-399.9682617188,"7":-399.9682617188,"8":-768.96875,"9":-765.96875,"10":-765.96875,"11":-768.96875,"12":-768.96875},"round":{"0":3,"1":3,"2":4,"3":4,"4":5,"5":6,"6":8,"7":8,"8":9,"9":11,"10":11,"11":13,"12":13}}