{
 "tick":{
  "0":10044,
  "1":11513,
  "2":17926,
  "3":20550,
  "4":59118,
  "5":61742,
  "6":70050,
  "7":75965,
  "8":84226,
  "9":125077,
  "10":127701,
  "11":135033,
  "12":175636,
  "13":176627
 },
 "event":{
  "0":"planted",
  "1":"defused",
  "2":"planted",
  "3":"exploded",
  "4":"planted",
  "5":"exploded",
  "6":"planted",
  "7":"planted",
  "8":"planted",
  "9":"planted",
  "10":"exploded",
  "11":"planted",
  "12":"planted",
  "13":"defused"
 },
 "site":{
  "0":"BombsiteB",
  "1":"BombsiteB",
  "2":"BombsiteB",
  "3":"BombsiteB",
  "4":"BombsiteA",
  "5":"BombsiteA",
  "6":"BombsiteB",
  "7":"BombsiteB",
  "8":"BombsiteB",
  "9":"BombsiteA",
  "10":"BombsiteA",
  "11":"BombsiteA",
  "12":"BombsiteA",
  "13":"BombsiteA"
 },
 "X":{
  "0":-1166.2741699219,
  "1":-1109.6025390625,
  "2":-1166.26171875,
  "3":-1166.26171875,
  "4":-2562.5317382812,
  "5":-2562.5317382812,
  "6":-1160.9971923828,
  "7":-1166.2528076172,
  "8":-1166.2934570312,
  "9":-2518.9685058594,
  "10":-2518.9685058594,
  "11":-2490.3950195312,
  "12":-2534.0808105469,
  "13":-2480.4135742188
 },
 "Y":{
  "0":-83.8869628906,
  "1":-102.9824829102,
  "2":-75.1788330078,
  "3":-75.1788330078,
  "4":643.2017822266,
  "5":643.2017822266,
  "6":-47.5386962891,
  "7":-89.4840087891,
  "8":-58.595703125,
  "9":657.7197265625,
  "10":657.7197265625,
  "11":645.9140014648,
  "12":647.6246948242,
  "13":621.956237793
 },
 "Z":{
  "0":103.8073806763,
  "1":103.53125,
  "2":103.7337799072,
  "3":103.7337799072,
  "4":484.03125,
  "5":484.03125,
  "6":103.53125,
  "7":103.681137085,
  "8":103.921333313,
  "9":484.03125,
  "10":484.03125,
  "11":484.03125,
  "12":484.03125,
  "13":484.0312194824
 },
 "round":{
  "0":1,
  "1":1,
  "2":2,
  "3":2,
  "4":4,
  "5":4,
  "6":5,
  "7":6,
  "8":7,
  "9":13,
  "10":13,
  "11":14,
  "12":19,
  "13":19
 }
}