{
 "tick":{
  "0":27982,
  "1":29521,
  "2":52338,
  "3":54962,
  "4":73449,
  "5":84108,
  "6":86732,
  "7":93552,
  "8":96176,
  "9":103784,
  "10":123764,
  "11":126388,
  "12":135113,
  "13":137737,
  "14":148049,
  "15":181659,
  "16":183503,
  "17":194542,
  "18":196511
 },
 "event":{
  "0":"planted",
  "1":"defused",
  "2":"planted",
  "3":"exploded",
  "4":"planted",
  "5":"planted",
  "6":"exploded",
  "7":"planted",
  "8":"exploded",
  "9":"planted",
  "10":"planted",
  "11":"exploded",
  "12":"planted",
  "13":"exploded",
  "14":"planted",
  "15":"planted",
  "16":"defused",
  "17":"planted",
  "18":"defused"
 },
 "site":{
  "0":"BombsiteB",
  "1":"BombsiteB",
  "2":"BombsiteB",
  "3":"BombsiteB",
  "4":"BombsiteB",
  "5":"BombsiteB",
  "6":"BombsiteB",
  "7":"BombsiteB",
  "8":"BombsiteB",
  "9":"BombsiteB",
  "10":"BombsiteA",
  "11":"BombsiteA",
  "12":"BombsiteB",
  "13":"BombsiteB",
  "14":"BombsiteB",
  "15":"BombsiteA",
  "16":"BombsiteA",
  "17":"BombsiteA",
  "18":"BombsiteA"
 },
 "X":{
  "0":-2217.1086425781,
  "1":-2219.6049804688,
  "2":-2216.0280761719,
  "3":-2216.0280761719,
  "4":-2216.0288085938,
  "5":-2216.03125,
  "6":-2216.03125,
  "7":-2216.0546875,
  "8":-2216.0546875,
  "9":-2216.0673828125,
  "10":-347.03125,
  "11":-347.03125,
  "12":-2216.03125,
  "13":-2216.03125,
  "14":-2230.060546875,
  "15":-318.0795898438,
  "16":-379.9128417969,
  "17":-349.8192138672,
  "18":-409.5400390625
 },
 "Y":{
  "0":885.1967773438,
  "1":859.2045898438,
  "2":868.2930297852,
  "3":868.2930297852,
  "4":893.728515625,
  "5":861.9051513672,
  "6":861.9051513672,
  "7":874.823059082,
  "8":874.823059082,
  "9":884.610534668,
  "10":-682.8167724609,
  "11":-682.8167724609,
  "12":873.1599731445,
  "13":873.1599731445,
  "14":660.8206787109,
  "15":-713.0317993164,
  "16":-715.2932128906,
  "17":-685.5795288086,
  "18":-693.8887329102
 },
 "Z":{
  "0":11744.03125,
  "1":11744.03125,
  "2":11744.03125,
  "3":11744.03125,
  "4":11744.03125,
  "5":11744.03125,
  "6":11744.03125,
  "7":11744.03125,
  "8":11744.03125,
  "9":11744.03125,
  "10":11774.1337890625,
  "11":11774.1337890625,
  "12":11744.03125,
  "13":11744.03125,
  "14":11744.03125,
  "15":11776.03125,
  "16":11776.03125,
  "17":11774.478515625,
  "18":11775.517578125
 },
 "round":{
  "0":4,
  "1":4,
  "2":7,
  "3":7,
  "4":9,
  "5":10,
  "6":10,
  "7":11,
  "8":11,
  "9":12,
  "10":15,
  "11":15,
  "12":16,
  "13":16,
  "14":17,
  "15":21,
  "16":21,
  "17":22,
  "18":22
 }
}