{"tick":{"0":5684,"1":8308,"2":16029,"3":18653,"4":23218,"5":41762,"6":43851,"7":58929,"8":61553,"9":70508,"10":73132,"11":78010,"12":80634,"13":89575,"14":92199,"15":100777,"16":113752,"17":120152,"18":122776,"19":128908,"20":131532,"21":171758,"22":174014},"event":{"0":"planted","1":"exploded","2":"planted","3":"exploded","4":"planted","5":"planted","6":"defused","7":"planted","8":"exploded","9":"planted","10":"exploded","11":"planted","12":"exploded","13":"planted","14":"exploded","15":"planted","16":"planted","17":"planted","18":"exploded","19":"planted","20":"exploded","21":"planted","22":"defused"},"site":{"0":"BombsiteA","1":"BombsiteA","2":"BombsiteB","3":"BombsiteB","4":"BombsiteB","5":"BombsiteB","6":"BombsiteB","7":"BombsiteB","8":"BombsiteB","9":"BombsiteA","10":"BombsiteA","11":"BombsiteB","12":"BombsiteB","13":"BombsiteA","14":"BombsiteA","15":"BombsiteA","16":"BombsiteB","17":"BombsiteB","18":"BombsiteB","19":"BombsiteB","20":"BombsiteB","21":"BombsiteA","22":"BombsiteA"},"X":{"0":1819.0307617188,"1":1819.0307617188,"2":548.9279174805,"3":548.9279174805,"4":543.578125,"5":307.6868896484,"6":336.3010864258,"7":546.803894043,"8":546.803894043,"9":2010.6752929688,"10":2010.6752929688,"11":559.551574707,"12":559.551574707,"13":1819.0281982422,"14":1819.0281982422,"15":2023.9738769531,"16":527.3303833008,"17":545.1149291992,"18":545.1149291992,"19":285.3937988281,"20":285.3937988281,"21":1819.03125,"22":1877.4934082031},"Y":{"0":693.96875,"1":693.96875,"2":2973.5158691406,"3":2973.5158691406,"4":2948.5256347656,"5":2740.3649902344,"6":2685.705078125,"7":2948.5920410156,"8":2948.5920410156,"9":721.96875,"10":721.96875,"11":2838.9091796875,"12":2838.9091796875,"13":273.6862182617,"14":273.6862182617,"15":495.7801818848,"16":2965.5417480469,"17":2929.1826171875,"18":2929.1826171875,"19":2555.6594238281,"20":2555.6594238281,"21":276.1627197266,"22":296.7083129883},"Z":{"0":160.0095977783,"1":160.0095977783,"2":161.5312347412,"3":161.5312347412,"4":161.5312347412,"5":184.2997589111,"6":184.2997589111,"7":161.5312347412,"8":161.5312347412,"9":160.03125,"10":160.03125,"11":161.5312347412,"12":161.5312347412,"13":161.0312194824,"14":161.0312194824,"15":160.03125,"16":161.5312347412,"17":161.5312347412,"18":161.5312347412,"19":161.53125,"20":161.53125,"21":161.0312194824,"22":161.0312042236},"round":{"0":1,"1":1,"2":2,"3":2,"4":3,"5":5,"6":5,"7":7,"8":7,"9":8,"10":8,"11":9,"12":9,"13":10,"14":10,"15":11,"16":13,"17":14,"18":14,"19":15,"20":15,"21":20,"22":20}}