{
 "tick":{
  "0":4748,
  "1":10157,
  "2":12781,
  "3":17052,
  "4":19676,
  "5":23771,
  "6":26395,
  "7":35706,
  "8":36562,
  "9":110122,
  "10":115243,
  "11":117730,
  "12":127404,
  "13":129013,
  "14":144944,
  "15":160268,
  "16":172593
 },
 "event":{
  "0":"planted",
  "1":"planted",
  "2":"exploded",
  "3":"planted",
  "4":"exploded",
  "5":"planted",
  "6":"exploded",
  "7":"planted",
  "8":"defused",
  "9":"planted",
  "10":"planted",
  "11":"defused",
  "12":"planted",
  "13":"defused",
  "14":"planted",
  "15":"planted",
  "16":"planted"
 },
 "site":{
  "0":"BombsiteA",
  "1":"BombsiteA",
  "2":"BombsiteA",
  "3":"BombsiteA",
  "4":"BombsiteA",
  "5":"BombsiteA",
  "6":"BombsiteA",
  "7":"BombsiteB",
  "8":"BombsiteB",
  "9":"BombsiteA",
  "10":"BombsiteA",
  "11":"BombsiteA",
  "12":"BombsiteA",
  "13":"BombsiteA",
  "14":"BombsiteB",
  "15":"BombsiteB",
  "16":"BombsiteB"
 },
 "X":{
  "0":1096.2073974609,
  "1":1511.9700927734,
  "2":1511.9700927734,
  "3":1511.7895507812,
  "4":1511.7895507812,
  "5":1511.9689941406,
  "6":1511.9689941406,
  "7":-1066.0931396484,
  "8":-1109.3671875,
  "9":1291.4860839844,
  "10":964.03125,
  "11":1006.6853637695,
  "12":1279.8952636719,
  "13":1275.1911621094,
  "14":-1136.03125,
  "15":-1136.0278320312,
  "16":-1052.1223144531
 },
 "Y":{
  "0":1946.4025878906,
  "1":2187.9421386719,
  "2":2187.9421386719,
  "3":2176.8786621094,
  "4":2176.8786621094,
  "5":2175.478515625,
  "6":2175.478515625,
  "7":599.96875,
  "8":568.2242431641,
  "9":1826.0516357422,
  "10":1807.1751708984,
  "11":1762.9879150391,
  "12":1928.5457763672,
  "13":1989.130859375,
  "14":699.96875,
  "15":699.96875,
  "16":599.96875
 },
 "Z":{
  "0":-191.96875,
  "1":-176.0010375977,
  "2":-176.0010375977,
  "3":-183.3766479492,
  "4":-183.3766479492,
  "5":-184.3101196289,
  "6":-184.3101196289,
  "7":-1.96875,
  "8":-3.96875,
  "9":-185.6209106445,
  "10":-191.96875,
  "11":-191.96875,
  "12":-180.2399291992,
  "13":-191.96875,
  "14":-1.96875,
  "15":-1.96875,
  "16":-1.96875
 },
 "round":{
  "0":1,
  "1":2,
  "2":2,
  "3":3,
  "4":3,
  "5":4,
  "6":4,
  "7":5,
  "8":5,
  "9":14,
  "10":15,
  "11":15,
  "12":16,
  "13":16,
  "14":18,
  "15":20,
  "16":21
 }
}