{
 "tick":{
  "0":18791,
  "1":21415,
  "2":38389,
  "3":39761,
  "4":72609,
  "5":82936,
  "6":85560,
  "7":91246,
  "8":98656,
  "9":101020,
  "10":105607,
  "11":108231,
  "12":121199,
  "13":123823,
  "14":153620,
  "15":156244,
  "16":164981,
  "17":166295,
  "18":177029,
  "19":178340
 },
 "event":{
  "0":"planted",
  "1":"exploded",
  "2":"planted",
  "3":"defused",
  "4":"planted",
  "5":"planted",
  "6":"exploded",
  "7":"planted",
  "8":"planted",
  "9":"defused",
  "10":"planted",
  "11":"exploded",
  "12":"planted",
  "13":"exploded",
  "14":"planted",
  "15":"exploded",
  "16":"planted",
  "17":"defused",
  "18":"planted",
  "19":"defused"
 },
 "site":{
  "0":"BombsiteA",
  "1":"BombsiteA",
  "2":"BombsiteA",
  "3":"BombsiteA",
  "4":"BombsiteA",
  "5":"BombsiteB",
  "6":"BombsiteB",
  "7":"BombsiteB",
  "8":"BombsiteA",
  "9":"BombsiteA",
  "10":"BombsiteA",
  "11":"BombsiteA",
  "12":"BombsiteB",
  "13":"BombsiteB",
  "14":"BombsiteB",
  "15":"BombsiteB",
  "16":"BombsiteA",
  "17":"BombsiteA",
  "18":"BombsiteA",
  "19":"BombsiteA"
 },
 "X":{
  "0":-367.3614501953,
  "1":-367.3614501953,
  "2":-355.9692382812,
  "3":-407.5545654297,
  "4":-300.1533813477,
  "5":-2216.03125,
  "6":-2216.03125,
  "7":-2216.0300292969,
  "8":-347.03125,
  "9":-359.2595214844,
  "10":-304.2370605469,
  "11":-304.2370605469,
  "12":-2216.0278320312,
  "13":-2216.0278320312,
  "14":-2304.6696777344,
  "15":-2304.6696777344,
  "16":-358.9771728516,
  "17":-310.5025634766,
  "18":-347.3575439453,
  "19":-320.8596191406
 },
 "Y":{
  "0":-687.4626464844,
  "1":-687.4626464844,
  "2":-684.8029174805,
  "3":-694.2197875977,
  "4":-713.0281982422,
  "5":877.6303100586,
  "6":877.6303100586,
  "7":878.5565185547,
  "8":-682.8142700195,
  "9":-688.7645874023,
  "10":-713.03125,
  "11":-713.03125,
  "12":891.0756225586,
  "13":891.0756225586,
  "14":886.3834228516,
  "15":886.3834228516,
  "16":-685.4838867188,
  "17":-722.5173339844,
  "18":-723.7331542969,
  "19":-755.5297851562
 },
 "Z":{
  "0":11774.7138671875,
  "1":11774.7138671875,
  "2":11774.3818359375,
  "3":11775.55859375,
  "4":11776.03125,
  "5":11744.03125,
  "6":11744.03125,
  "7":11744.03125,
  "8":11774.1328125,
  "9":11774.876953125,
  "10":11776.03125,
  "11":11776.03125,
  "12":11744.03125,
  "13":11744.03125,
  "14":11744.03125,
  "15":11744.03125,
  "16":11774.466796875,
  "17":11776.03125,
  "18":11776.03125,
  "19":11776.03125
 },
 "round":{
  "0":3,
  "1":3,
  "2":5,
  "3":5,
  "4":10,
  "5":11,
  "6":11,
  "7":12,
  "8":13,
  "9":13,
  "10":14,
  "11":14,
  "12":16,
  "13":16,
  "14":20,
  "15":20,
  "16":21,
  "17":21,
  "18":23,
  "19":23
 }
}