{
 "tick":{
  "0":42224,
  "1":46873,
  "2":53970,
  "3":56594,
  "4":85238,
  "5":87862,
  "6":95482,
  "7":98106,
  "8":106344,
  "9":123506,
  "10":126130,
  "11":134036,
  "12":160552,
  "13":163176,
  "14":187049,
  "15":188502,
  "16":204792,
  "17":207047
 },
 "event":{
  "0":"planted",
  "1":"planted",
  "2":"planted",
  "3":"exploded",
  "4":"planted",
  "5":"exploded",
  "6":"planted",
  "7":"exploded",
  "8":"planted",
  "9":"planted",
  "10":"exploded",
  "11":"planted",
  "12":"planted",
  "13":"exploded",
  "14":"planted",
  "15":"defused",
  "16":"planted",
  "17":"defused"
 },
 "site":{
  "0":"BombsiteB",
  "1":"BombsiteB",
  "2":"BombsiteB",
  "3":"BombsiteB",
  "4":"BombsiteB",
  "5":"BombsiteB",
  "6":"BombsiteB",
  "7":"BombsiteB",
  "8":"BombsiteA",
  "9":"BombsiteB",
  "10":"BombsiteB",
  "11":"BombsiteA",
  "12":"BombsiteB",
  "13":"BombsiteB",
  "14":"BombsiteA",
  "15":"BombsiteA",
  "16":"BombsiteA",
  "17":"BombsiteA"
 },
 "X":{
  "0":-1251.96875,
  "1":-1166.2744140625,
  "2":-1166.2458496094,
  "3":-1166.2458496094,
  "4":-1166.1149902344,
  "5":-1166.1149902344,
  "6":-1166.2364501953,
  "7":-1166.2364501953,
  "8":-2581.7844238281,
  "9":-1095.9554443359,
  "10":-1095.9554443359,
  "11":-2546.7690429688,
  "12":-1166.326171875,
  "13":-1166.326171875,
  "14":-2559.1101074219,
  "15":-2520.8044433594,
  "16":-2494.7229003906,
  "17":-2436.2380371094
 },
 "Y":{
  "0":5.0312490463,
  "1":-52.973449707,
  "2":-93.2500610352,
  "3":-93.2500610352,
  "4":-76.0394897461,
  "5":-76.0394897461,
  "6":-105.2503051758,
  "7":-105.2503051758,
  "8":623.9451293945,
  "9":-89.2567138672,
  "10":-89.2567138672,
  "11":645.6501464844,
  "12":-72.5516357422,
  "13":-72.5516357422,
  "14":643.7344360352,
  "15":620.0097045898,
  "16":798.0274658203,
  "17":788.4169921875
 },
 "Z":{
  "0":103.53125,
  "1":103.808807373,
  "2":103.6400222778,
  "3":103.6400222778,
  "4":103.53125,
  "5":103.53125,
  "6":103.5844802856,
  "7":103.5844802856,
  "8":484.03125,
  "9":103.53125,
  "10":103.53125,
  "11":484.0312805176,
  "12":104.114654541,
  "13":104.114654541,
  "14":484.0312194824,
  "15":484.0312194824,
  "16":476.5294799805,
  "17":476.0312194824
 },
 "round":{
  "0":1,
  "1":2,
  "2":3,
  "3":3,
  "4":7,
  "5":7,
  "6":8,
  "7":8,
  "8":9,
  "9":11,
  "10":11,
  "11":12,
  "12":14,
  "13":14,
  "14":16,
  "15":16,
  "16":18,
  "17":18
 }
}