{
 "tick":{
  "0":4528,
  "1":11768,
  "2":19832,
  "3":28874,
  "4":49608,
  "5":52232,
  "6":60259,
  "7":61799,
  "8":74972,
  "9":76086,
  "10":84722,
  "11":85432,
  "12":95746,
  "13":96651,
  "14":103788
 },
 "event":{
  "0":"planted",
  "1":"planted",
  "2":"planted",
  "3":"planted",
  "4":"planted",
  "5":"exploded",
  "6":"planted",
  "7":"defused",
  "8":"planted",
  "9":"defused",
  "10":"planted",
  "11":"defused",
  "12":"planted",
  "13":"defused",
  "14":"planted"
 },
 "site":{
  "0":"BombsiteA",
  "1":"BombsiteA",
  "2":"BombsiteB",
  "3":"BombsiteA",
  "4":"BombsiteB",
  "5":"BombsiteB",
  "6":"BombsiteA",
  "7":"BombsiteA",
  "8":"BombsiteB",
  "9":"BombsiteB",
  "10":"BombsiteB",
  "11":"BombsiteB",
  "12":"BombsiteB",
  "13":"BombsiteB",
  "14":"BombsiteA"
 },
 "X":{
  "0":670.0858154297,
  "1":556.5442504883,
  "2":806.5260009766,
  "3":655.1867675781,
  "4":340.02734375,
  "5":340.02734375,
  "6":589.8413085938,
  "7":634.7678222656,
  "8":443.2460632324,
  "9":388.024230957,
  "10":413.8457336426,
  "11":409.3277282715,
  "12":840.5447998047,
  "13":798.17578125,
  "14":775.2693481445
 },
 "Y":{
  "0":-765.2300415039,
  "1":-913.7236938477,
  "2":-1198.8415527344,
  "3":-802.1951904297,
  "4":-786.0744628906,
  "5":-786.0744628906,
  "6":-756.7077026367,
  "7":-799.2979736328,
  "8":-1272.7846679688,
  "9":-1294.8901367188,
  "10":-808.7715454102,
  "11":-868.1891479492,
  "12":-831.9044799805,
  "13":-874.9973754883,
  "14":-605.971496582
 },
 "Z":{
  "0":-399.96875,
  "1":-405.6942749023,
  "2":-768.96875,
  "3":-415.96875,
  "4":-771.96875,
  "5":-771.96875,
  "6":-399.96875,
  "7":-415.96875,
  "8":-765.96875,
  "9":-767.96875,
  "10":-771.96875,
  "11":-771.96875,
  "12":-765.96875,
  "13":-771.96875,
  "14":-399.9683227539
 },
 "round":{
  "0":1,
  "1":2,
  "2":3,
  "3":4,
  "4":7,
  "5":7,
  "6":8,
  "7":8,
  "8":10,
  "9":10,
  "10":11,
  "11":11,
  "12":12,
  "13":12,
  "14":13
 }
}