{"tick":{"0":3698,"1":5916,"2":27302,"3":28964,"4":35590,"5":38214,"6":63242,"7":64621,"8":81164,"9":83788,"10":116700,"11":125209,"12":136425,"13":139049,"14":147203,"15":149827,"16":157527},"event":{"0":"planted","1":"defused","2":"planted","3":"defused","4":"planted","5":"exploded","6":"planted","7":"defused","8":"planted","9":"exploded","10":"planted","11":"planted","12":"planted","13":"exploded","14":"planted","15":"exploded","16":"planted"},"site":{"0":"BombsiteB","1":"BombsiteB","2":"BombsiteA","3":"BombsiteA","4":"BombsiteB","5":"BombsiteB","6":"BombsiteA","7":"BombsiteA","8":"BombsiteB","9":"BombsiteB","10":"BombsiteA","11":"BombsiteB","12":"BombsiteB","13":"BombsiteB","14":"BombsiteA","15":"BombsiteA","16":"BombsiteB"},"X":{"0":-1166.3726806641,"1":-1118.4976806641,"2":-2448.0786132812,"3":-2504.5910644531,"4":-1193.96875,"5":-1193.96875,"6":-2059.017578125,"7":-2004.0522460938,"8":-1149.7254638672,"9":-1149.7254638672,"10":-2569.5815429688,"11":-1165.4584960938,"12":-1166.2611083984,"13":-1166.2611083984,"14":-2161.3376464844,"15":-2161.3376464844,"16":-1166.2678222656},"Y":{"0":-51.8606567383,"1":-16.5619506836,"2":530.2026367188,"3":552.3010253906,"4":219.96875,"5":219.96875,"6":638.9326782227,"7":647.5361328125,"8":-73.8079833984,"9":-73.8079833984,"10":636.0224609375,"11":-85.8811035156,"12":-74.4047241211,"13":-74.4047241211,"14":565.71875,"15":565.71875,"16":-75.043762207},"Z":{"0":104.3894805908,"1":103.53125,"2":484.03125,"3":484.03125,"4":103.53125,"5":103.53125,"6":476.03125,"7":476.0312805176,"8":103.53125,"9":103.53125,"10":484.0312194824,"11":103.53125,"12":103.7301864624,"13":103.7301864624,"14":521.8588256836,"15":521.8588256836,"16":103.7698516846},"round":{"0":1,"1":1,"2":4,"3":4,"4":5,"5":5,"6":8,"7":8,"8":10,"9":10,"10":15,"11":16,"12":17,"13":17,"14":18,"15":18,"16":19}}