{"tick":{"0":15370,"1":17994,"2":30969,"3":32247,"4":47469,"5":50093,"6":58198,"7":130693,"8":132666,"9":136435,"10":138151,"11":147617,"12":155523,"13":158147},"event":{"0":"planted","1":"exploded","2":"planted","3":"defused","4":"planted","5":"exploded","6":"planted","7":"planted","8":"defused","9":"planted","10":"defused","11":"planted","12":"planted","13":"exploded"},"site":{"0":"BombsiteA","1":"BombsiteA","2":"BombsiteB","3":"BombsiteB","4":"BombsiteA","5":"BombsiteA","6":"BombsiteB","7":"BombsiteA","8":"BombsiteA","9":"BombsiteB","10":"BombsiteB","11":"BombsiteA","12":"BombsiteB","13":"BombsiteB"},"X":{"0":-253.96875,"1":-253.96875,"2":-1987.03125,"3":-1979.3990478516,"4":-407.7768554688,"5":-407.7768554688,"6":-1887.9077148438,"7":-285.5547485352,"8":-341.3115844727,"9":-2001.03125,"10":-2001.8570556641,"11":-273.5145874023,"12":-1969.03125,"13":-1969.03125},"Y":{"0":-2134.0754394531,"1":-2134.0754394531,"2":417.6842651367,"3":477.2013549805,"4":-1986.3659667969,"5":-1986.3659667969,"6":242.03125,"7":-2159.396484375,"8":-2177.490234375,"9":159.0478057861,"10":219.0740814209,"11":-2164.9165039062,"12":450.03125,"13":450.03125},"Z":{"0":-172.9469604492,"1":-172.9469604492,"2":-159.96875,"3":-161.2681274414,"4":-179.96875,"5":-179.96875,"6":-159.96875,"7":-173.869140625,"8":-174.7388916016,"9":-159.96875,"10":-159.96875,"11":-172.8433227539,"12":-159.96875,"13":-159.96875},"round":{"0":2,"1":2,"2":4,"3":4,"4":6,"5":6,"6":7,"7":12,"8":12,"9":13,"10":13,"11":15,"12":16,"13":16}}