{"tick":{"0":31816,"1":34440,"2":42108,"3":44732,"4":52458,"5":55082,"6":65464,"7":66520,"8":75165,"9":76538,"10":85206,"11":86121,"12":114700,"13":119501,"14":122125,"15":131376},"event":{"0":"planted","1":"exploded","2":"planted","3":"exploded","4":"planted","5":"exploded","6":"planted","7":"defused","8":"planted","9":"defused","10":"planted","11":"defused","12":"planted","13":"planted","14":"exploded","15":"planted"},"site":{"0":"BombsiteB","1":"BombsiteB","2":"BombsiteB","3":"BombsiteB","4":"BombsiteA","5":"BombsiteA","6":"BombsiteB","7":"BombsiteB","8":"BombsiteB","9":"BombsiteB","10":"BombsiteB","11":"BombsiteB","12":"BombsiteA","13":"BombsiteA","14":"BombsiteA","15":"BombsiteA"},"X":{"0":-2216.0310058594,"1":-2216.0310058594,"2":-2217.2409667969,"3":-2217.2409667969,"4":-347.5922851562,"5":-347.5922851562,"6":-2367.7827148438,"7":-2365.0808105469,"8":-2216.03125,"9":-2231.7355957031,"10":-2216.03125,"11":-2234.8837890625,"12":-352.8959960938,"13":-423.7319335938,"14":-423.7319335938,"15":-301.7875366211},"Y":{"0":884.3565063477,"1":884.3565063477,"2":894.4304199219,"3":894.4304199219,"4":-682.9373168945,"5":-682.9373168945,"6":727.3737792969,"7":786.9691162109,"8":879.4615478516,"9":825.272644043,"10":894.4155883789,"11":835.817199707,"12":-684.1166381836,"13":-636.9151000977,"14":-636.9151000977,"15":-713.0310668945},"Z":{"0":11744.03125,"1":11744.03125,"2":11744.03125,"3":11744.03125,"4":11774.1484375,"5":11774.1484375,"6":11744.03125,"7":11744.03125,"8":11744.03125,"9":11744.03125,"10":11744.03125,"11":11744.03125,"12":11774.2958984375,"13":11774.03125,"14":11774.03125,"15":11776.03125},"round":{"0":4,"1":4,"2":5,"3":5,"4":6,"5":6,"6":8,"7":8,"8":9,"9":9,"10":10,"11":10,"12":13,"13":14,"14":14,"15":16}}