{
 "tick":{
  "0":7907,
  "1":22054,
  "2":29603,
  "3":35192,
  "4":67265,
  "5":69825
 },
 "event":{
  "0":"planted",
  "1":"planted",
  "2":"planted",
  "3":"planted",
  "4":"planted",
  "5":"defused"
 },
 "site":{
  "0":"BombsiteA",
  "1":"BombsiteB",
  "2":"BombsiteA",
  "3":"BombsiteB",
  "4":"BombsiteA",
  "5":"BombsiteA"
 },
 "X":{
  "0":-277.3624267578,
  "1":-1987.03125,
  "2":-388.4071655273,
  "3":-1872.4398193359,
  "4":-287.5164794922,
  "5":-333.2787475586
 },
 "Y":{
  "0":-2157.2336425781,
  "1":422.6715393066,
  "2":-2100.55859375,
  "3":242.03125,
  "4":-2159.9135742188,
  "5":-2197.5207519531
 },
 "Z":{
  "0":-173.697265625,
  "1":-159.96875,
  "2":-179.96875,
  "3":-159.96875,
  "4":-173.9103393555,
  "5":-172.6013793945
 },
 "round":{
  "0":1,
  "1":4,
  "2":5,
  "3":6,
  "4":10,
  "5":10
 }
}