{
 "tick":{
  "0":7987,
  "1":14692,
  "2":17316,
  "3":22472,
  "4":25096,
  "5":34311,
  "6":39220,
  "7":41844,
  "8":44684,
  "9":47308,
  "10":85110,
  "11":85963,
  "12":92246,
  "13":94393,
  "14":102747,
  "15":103916,
  "16":115303,
  "17":116342
 },
 "event":{
  "0":"planted",
  "1":"planted",
  "2":"exploded",
  "3":"planted",
  "4":"exploded",
  "5":"planted",
  "6":"planted",
  "7":"exploded",
  "8":"planted",
  "9":"exploded",
  "10":"planted",
  "11":"defused",
  "12":"planted",
  "13":"defused",
  "14":"planted",
  "15":"defused",
  "16":"planted",
  "17":"defused"
 },
 "site":{
  "0":"BombsiteB",
  "1":"BombsiteB",
  "2":"BombsiteB",
  "3":"BombsiteA",
  "4":"BombsiteA",
  "5":"BombsiteB",
  "6":"BombsiteA",
  "7":"BombsiteA",
  "8":"BombsiteA",
  "9":"BombsiteA",
  "10":"BombsiteB",
  "11":"BombsiteB",
  "12":"BombsiteB",
  "13":"BombsiteB",
  "14":"BombsiteA",
  "15":"BombsiteA",
  "16":"BombsiteA",
  "17":"BombsiteA"
 },
 "X":{
  "0":788.3850708008,
  "1":794.2592163086,
  "2":794.2592163086,
  "3":-1284.6947021484,
  "4":-1284.6947021484,
  "5":801.7095336914,
  "6":-1251.0343017578,
  "7":-1251.0343017578,
  "8":-1582.7432861328,
  "9":-1582.7432861328,
  "10":870.86328125,
  "11":848.6337280273,
  "12":809.9638061523,
  "13":765.3362426758,
  "14":-1201.4874267578,
  "15":-1147.9359130859,
  "16":-1280.03125,
  "17":-1222.5047607422
 },
 "Y":{
  "0":3.7725121975,
  "1":4.971903801,
  "2":4.971903801,
  "3":787.6821899414,
  "4":787.6821899414,
  "5":4.9687509537,
  "6":729.96875,
  "7":729.96875,
  "8":707.7512817383,
  "9":707.7512817383,
  "10":-84.84375,
  "11":-109.6734008789,
  "12":2.8478240967,
  "13":4.9687490463,
  "14":729.8726196289,
  "15":701.6838378906,
  "16":733.1876831055,
  "17":713.5980834961
 },
 "Z":{
  "0":130.9011230469,
  "1":130.9011230469,
  "2":130.9011230469,
  "3":54.03125,
  "4":54.03125,
  "5":130.9011230469,
  "6":56.03125,
  "7":56.03125,
  "8":56.03125,
  "9":56.03125,
  "10":134.03125,
  "11":134.03125,
  "12":130.9011230469,
  "13":130.9011230469,
  "14":56.03125,
  "15":53.0196647644,
  "16":54.4410934448,
  "17":56.03125
 },
 "round":{
  "0":1,
  "1":2,
  "2":2,
  "3":3,
  "4":3,
  "5":4,
  "6":5,
  "7":5,
  "8":6,
  "9":6,
  "10":12,
  "11":12,
  "12":13,
  "13":13,
  "14":14,
  "15":14,
  "16":16,
  "17":16
 }
}