{
 "tick":{
  "0":24642,
  "1":28643,
  "2":31267,
  "3":35582,
  "4":38206,
  "5":46007,
  "6":48631,
  "7":62027,
  "8":64651,
  "9":74469,
  "10":76258,
  "11":107009,
  "12":107718,
  "13":123874,
  "14":137122,
  "15":139746,
  "16":144672,
  "17":156184,
  "18":162313
 },
 "event":{
  "0":"planted",
  "1":"planted",
  "2":"exploded",
  "3":"planted",
  "4":"exploded",
  "5":"planted",
  "6":"exploded",
  "7":"planted",
  "8":"exploded",
  "9":"planted",
  "10":"defused",
  "11":"planted",
  "12":"defused",
  "13":"planted",
  "14":"planted",
  "15":"exploded",
  "16":"planted",
  "17":"planted",
  "18":"planted"
 },
 "site":{
  "0":"BombsiteB",
  "1":"BombsiteB",
  "2":"BombsiteB",
  "3":"BombsiteA",
  "4":"BombsiteA",
  "5":"BombsiteA",
  "6":"BombsiteA",
  "7":"BombsiteB",
  "8":"BombsiteB",
  "9":"BombsiteB",
  "10":"BombsiteB",
  "11":"BombsiteA",
  "12":"BombsiteA",
  "13":"BombsiteA",
  "14":"BombsiteA",
  "15":"BombsiteA",
  "16":"BombsiteA",
  "17":"BombsiteB",
  "18":"BombsiteA"
 },
 "X":{
  "0":-1136.03125,
  "1":-1136.03125,
  "2":-1136.03125,
  "3":1104.9487304688,
  "4":1104.9487304688,
  "5":1277.2722167969,
  "6":1277.2722167969,
  "7":-1136.0300292969,
  "8":-1136.0300292969,
  "9":-1136.03125,
  "10":-1143.2067871094,
  "11":980.7597045898,
  "12":983.2644042969,
  "13":1015.9804077148,
  "14":1282.9877929688,
  "15":1282.9877929688,
  "16":1247.3094482422,
  "17":-1136.03125,
  "18":1279.1970214844
 },
 "Y":{
  "0":699.96875,
  "1":699.96875,
  "2":699.96875,
  "3":2074.3913574219,
  "4":2074.3913574219,
  "5":1856.5943603516,
  "6":1856.5943603516,
  "7":699.96875,
  "8":699.96875,
  "9":699.96875,
  "10":638.9959716797,
  "11":1729.1966552734,
  "12":1751.7315673828,
  "13":1772.8985595703,
  "14":1877.2279052734,
  "15":1877.2279052734,
  "16":1987.2678222656,
  "17":699.96875,
  "18":1970.1315917969
 },
 "Z":{
  "0":-1.96875,
  "1":-1.96875,
  "2":-1.96875,
  "3":-191.96875,
  "4":-191.96875,
  "5":-191.96875,
  "6":-191.96875,
  "7":-1.96875,
  "8":-1.96875,
  "9":-1.96875,
  "10":-1.96875,
  "11":-181.4663085938,
  "12":-191.96875,
  "13":-191.96875,
  "14":-191.96875,
  "15":-191.96875,
  "16":-191.96875,
  "17":-1.96875,
  "18":-191.96875
 },
 "round":{
  "0":1,
  "1":2,
  "2":2,
  "3":3,
  "4":3,
  "5":4,
  "6":4,
  "7":6,
  "8":6,
  "9":7,
  "10":7,
  "11":12,
  "12":12,
  "13":13,
  "14":15,
  "15":15,
  "16":16,
  "17":17,
  "18":18
 }
}