{
 "tick":{
  "0":25509,
  "1":27363,
  "2":32194,
  "3":34280,
  "4":45254,
  "5":55478,
  "6":58102,
  "7":73934,
  "8":76297,
  "9":82477,
  "10":130975,
  "11":135852,
  "12":137636,
  "13":185619,
  "14":187524,
  "15":209587,
  "16":219978,
  "17":224600,
  "18":234670
 },
 "event":{
  "0":"planted",
  "1":"defused",
  "2":"planted",
  "3":"defused",
  "4":"planted",
  "5":"planted",
  "6":"exploded",
  "7":"planted",
  "8":"defused",
  "9":"planted",
  "10":"planted",
  "11":"planted",
  "12":"defused",
  "13":"planted",
  "14":"defused",
  "15":"planted",
  "16":"planted",
  "17":"planted",
  "18":"planted"
 },
 "site":{
  "0":"BombsiteA",
  "1":"BombsiteA",
  "2":"BombsiteB",
  "3":"BombsiteB",
  "4":"BombsiteA",
  "5":"BombsiteB",
  "6":"BombsiteB",
  "7":"BombsiteA",
  "8":"BombsiteA",
  "9":"BombsiteB",
  "10":"BombsiteA",
  "11":"BombsiteA",
  "12":"BombsiteA",
  "13":"BombsiteA",
  "14":"BombsiteA",
  "15":"BombsiteA",
  "16":"BombsiteA",
  "17":"BombsiteA",
  "18":"BombsiteB"
 },
 "X":{
  "0":-253.9694824219,
  "1":-223.7015991211,
  "2":-1929.2435302734,
  "3":-1889.8375244141,
  "4":-283.8277587891,
  "5":-1905.3909912109,
  "6":-1905.3909912109,
  "7":-297.7454223633,
  "8":-273.2107543945,
  "9":-1883.0208740234,
  "10":-315.3543701172,
  "11":-289.4892578125,
  "12":-343.5036621094,
  "13":-253.96875,
  "14":-305.3638916016,
  "15":-628.5355834961,
  "16":-294.7333984375,
  "17":-253.96875,
  "18":-1987.03125
 },
 "Y":{
  "0":-2141.2697753906,
  "1":-2193.8227539062,
  "2":327.96875,
  "3":280.5022583008,
  "4":-2158.9382324219,
  "5":242.03125,
  "6":242.03125,
  "7":-2011.701171875,
  "8":-1957.1845703125,
  "9":242.7234954834,
  "10":-2167.2946777344,
  "11":-2160.439453125,
  "12":-2184.3093261719,
  "13":-2134.0754394531,
  "14":-2167.1950683594,
  "15":-2300.7822265625,
  "16":-2161.8291015625,
  "17":-2134.0754394531,
  "18":421.1449584961
 },
 "Z":{
  "0":-173.266784668,
  "1":-168.0599975586,
  "2":-159.96875,
  "3":-159.96875,
  "4":-173.8331298828,
  "5":-159.96875,
  "6":-159.96875,
  "7":-171.3993530273,
  "8":-167.96875,
  "9":-159.96875,
  "10":-174.4914550781,
  "11":-173.9512939453,
  "12":-174.2301635742,
  "13":-172.9469604492,
  "14":-174.0563354492,
  "15":-176.5451049805,
  "16":-174.0607910156,
  "17":-172.9469604492,
  "18":-159.96875
 },
 "round":{
  "0":5,
  "1":5,
  "2":6,
  "3":6,
  "4":8,
  "5":9,
  "6":9,
  "7":11,
  "8":11,
  "9":12,
  "10":16,
  "11":17,
  "12":17,
  "13":20,
  "14":20,
  "15":23,
  "16":24,
  "17":25,
  "18":26
 }
}