{
 "tick":{
  "0":13283,
  "1":19080,
  "2":21704,
  "3":47498,
  "4":50122,
  "5":56468,
  "6":58362,
  "7":66511,
  "8":77753,
  "9":80377,
  "10":87424,
  "11":90048,
  "12":101583,
  "13":109720,
  "14":115035,
  "15":117659,
  "16":151711
 },
 "event":{
  "0":"planted",
  "1":"planted",
  "2":"exploded",
  "3":"planted",
  "4":"exploded",
  "5":"planted",
  "6":"defused",
  "7":"planted",
  "8":"planted",
  "9":"exploded",
  "10":"planted",
  "11":"exploded",
  "12":"planted",
  "13":"planted",
  "14":"planted",
  "15":"exploded",
  "16":"planted"
 },
 "site":{
  "0":"BombsiteA",
  "1":"BombsiteA",
  "2":"BombsiteA",
  "3":"BombsiteA",
  "4":"BombsiteA",
  "5":"BombsiteA",
  "6":"BombsiteA",
  "7":"BombsiteA",
  "8":"BombsiteB",
  "9":"BombsiteB",
  "10":"BombsiteB",
  "11":"BombsiteB",
  "12":"BombsiteB",
  "13":"BombsiteB",
  "14":"BombsiteB",
  "15":"BombsiteB",
  "16":"BombsiteB"
 },
 "X":{
  "0":-2579.0991210938,
  "1":-2507.345703125,
  "2":-2507.345703125,
  "3":-2593.5744628906,
  "4":-2593.5744628906,
  "5":-2444.6166992188,
  "6":-2487.7341308594,
  "7":-2551.65234375,
  "8":-973.0905761719,
  "9":-973.0905761719,
  "10":-1166.2442626953,
  "11":-1166.2442626953,
  "12":-1166.3020019531,
  "13":-1164.0172119141,
  "14":-1166.2388916016,
  "15":-1166.2388916016,
  "16":-1176.0054931641
 },
 "Y":{
  "0":636.9940185547,
  "1":803.0489501953,
  "2":803.0489501953,
  "3":634.1165771484,
  "4":634.1165771484,
  "5":639.9633178711,
  "6":644.8147583008,
  "7":644.8936767578,
  "8":157.6891021729,
  "9":157.6891021729,
  "10":-78.1645507812,
  "11":-78.1645507812,
  "12":-79.3894042969,
  "13":-76.2301025391,
  "14":-81.4476928711,
  "15":-81.4476928711,
  "16":58.3793029785
 },
 "Z":{
  "0":484.03125,
  "1":476.5299987793,
  "2":476.5299987793,
  "3":484.03125,
  "4":484.03125,
  "5":484.0312805176,
  "6":484.0312805176,
  "7":484.03125,
  "8":100.03125,
  "9":100.03125,
  "10":103.6306533813,
  "11":103.6306533813,
  "12":103.9718170166,
  "13":103.53125,
  "14":103.5988998413,
  "15":103.5988998413,
  "16":103.5312423706
 },
 "round":{
  "0":1,
  "1":2,
  "2":2,
  "3":6,
  "4":6,
  "5":7,
  "6":7,
  "7":8,
  "8":9,
  "9":9,
  "10":10,
  "11":10,
  "12":12,
  "13":13,
  "14":14,
  "15":14,
  "16":19
 }
}