{
 "tick":{
  "0":14395,
  "1":22180,
  "2":24804,
  "3":48218,
  "4":50842,
  "5":54955,
  "6":57579,
  "7":100621,
  "8":106829,
  "9":191708,
  "10":196947,
  "11":198730,
  "12":206792,
  "13":208375,
  "14":213847,
  "15":215371
 },
 "event":{
  "0":"planted",
  "1":"planted",
  "2":"exploded",
  "3":"planted",
  "4":"exploded",
  "5":"planted",
  "6":"exploded",
  "7":"planted",
  "8":"planted",
  "9":"planted",
  "10":"planted",
  "11":"defused",
  "12":"planted",
  "13":"defused",
  "14":"planted",
  "15":"defused"
 },
 "site":{
  "0":"BombsiteA",
  "1":"BombsiteB",
  "2":"BombsiteB",
  "3":"BombsiteA",
  "4":"BombsiteA",
  "5":"BombsiteB",
  "6":"BombsiteB",
  "7":"BombsiteA",
  "8":"BombsiteB",
  "9":"BombsiteA",
  "10":"BombsiteB",
  "11":"BombsiteB",
  "12":"BombsiteB",
  "13":"BombsiteB",
  "14":"BombsiteB",
  "15":"BombsiteB"
 },
 "X":{
  "0":848.8507080078,
  "1":638.1614379883,
  "2":638.1614379883,
  "3":515.6770629883,
  "4":515.6770629883,
  "5":794.5559692383,
  "6":794.5559692383,
  "7":799.249206543,
  "8":843.8620605469,
  "9":531.818359375,
  "10":837.3912963867,
  "11":828.3546142578,
  "12":340.03125,
  "13":398.5076599121,
  "14":647.0797729492,
  "15":586.1793823242
 },
 "Y":{
  "0":-666.0620117188,
  "1":-1256.0302734375,
  "2":-1256.0302734375,
  "3":-927.7660522461,
  "4":-927.7660522461,
  "5":-1147.0054931641,
  "6":-1147.0054931641,
  "7":-605.9809570312,
  "8":-1153.3530273438,
  "9":-827.4496459961,
  "10":-1150.6607666016,
  "11":-1093.1954345703,
  "12":-744.0455322266,
  "13":-757.8399047852,
  "14":-1324.6212158203,
  "15":-1321.9180908203
 },
 "Z":{
  "0":-399.9682617188,
  "1":-768.84375,
  "2":-768.84375,
  "3":-409.0844726562,
  "4":-409.0844726562,
  "5":-768.96875,
  "6":-768.96875,
  "7":-399.9682617188,
  "8":-765.96875,
  "9":-399.96875,
  "10":-765.96875,
  "11":-765.96875,
  "12":-771.96875,
  "13":-771.96875,
  "14":-765.96875,
  "15":-765.96875
 },
 "round":{
  "0":1,
  "1":2,
  "2":2,
  "3":6,
  "4":6,
  "5":7,
  "6":7,
  "7":13,
  "8":14,
  "9":26,
  "10":27,
  "11":27,
  "12":28,
  "13":28,
  "14":29,
  "15":29
 }
}