{"tick":{"0":23476,"1":26100,"2":32082,"3":34706,"4":40721,"5":43345,"6":46650,"7":53145,"8":55769,"9":66026,"10":91890,"11":107262,"12":109886,"13":113927,"14":115960,"15":143510,"16":146134},"event":{"0":"planted","1":"exploded","2":"planted","3":"exploded","4":"planted","5":"exploded","6":"planted","7":"planted","8":"exploded","9":"planted","10":"planted","11":"planted","12":"exploded","13":"planted","14":"defused","15":"planted","16":"exploded"},"site":{"0":"BombsiteA","1":"BombsiteA","2":"BombsiteA","3":"BombsiteA","4":"BombsiteA","5":"BombsiteA","6":"BombsiteA","7":"BombsiteB","8":"BombsiteB","9":"BombsiteB","10":"BombsiteB","11":"BombsiteB","12":"BombsiteB","13":"BombsiteA","14":"BombsiteA","15":"BombsiteB","16":"BombsiteB"},"X":{"0":686.6834716797,"1":686.6834716797,"2":656.9608764648,"3":656.9608764648,"4":763.5557861328,"5":763.5557861328,"6":699.2937011719,"7":340.028717041,"8":340.028717041,"9":343.0737304688,"10":340.03125,"11":361.9103393555,"12":361.9103393555,"13":697.2193603516,"14":745.7849731445,"15":365.4289550781,"16":365.4289550781},"Y":{"0":-589.8236083984,"1":-589.8236083984,"2":-767.8386230469,"3":-767.8386230469,"4":-603.382019043,"5":-603.382019043,"6":-767.1677246094,"7":-717.7741088867,"8":-717.7741088867,"9":-706.8192749023,"10":-705.8209838867,"11":-710.5327148438,"12":-710.5327148438,"13":-766.0353393555,"14":-782.7069091797,"15":-718.4180908203,"16":-718.4180908203},"Z":{"0":-405.2723388672,"1":-405.2723388672,"2":-399.96875,"3":-399.96875,"4":-399.9682617188,"5":-399.9682617188,"6":-399.9686889648,"7":-765.96875,"8":-765.96875,"9":-765.96875,"10":-765.96875,"11":-765.96875,"12":-765.96875,"13":-399.96875,"14":-399.9682617188,"15":-765.96875,"16":-765.96875},"round":{"0":0,"1":0,"2":1,"3":1,"4":2,"5":2,"6":3,"7":4,"8":4,"9":5,"10":9,"11":10,"12":10,"13":11,"14":11,"15":14,"16":14}}