{
 "tick":{
  "0":15015,
  "1":17639,
  "2":31489,
  "3":34113,
  "4":42304,
  "5":44743,
  "6":52529,
  "7":62198,
  "8":72676,
  "9":75300,
  "10":80251,
  "11":96861,
  "12":98370,
  "13":112088,
  "14":122477,
  "15":129225,
  "16":143006,
  "17":145630,
  "18":149991,
  "19":159717,
  "20":161844
 },
 "event":{
  "0":"planted",
  "1":"exploded",
  "2":"planted",
  "3":"exploded",
  "4":"planted",
  "5":"defused",
  "6":"planted",
  "7":"planted",
  "8":"planted",
  "9":"exploded",
  "10":"planted",
  "11":"planted",
  "12":"defused",
  "13":"planted",
  "14":"planted",
  "15":"planted",
  "16":"planted",
  "17":"exploded",
  "18":"planted",
  "19":"planted",
  "20":"defused"
 },
 "site":{
  "0":"BombsiteA",
  "1":"BombsiteA",
  "2":"BombsiteB",
  "3":"BombsiteB",
  "4":"BombsiteB",
  "5":"BombsiteB",
  "6":"BombsiteA",
  "7":"BombsiteA",
  "8":"BombsiteB",
  "9":"BombsiteB",
  "10":"BombsiteB",
  "11":"BombsiteA",
  "12":"BombsiteA",
  "13":"BombsiteA",
  "14":"BombsiteB",
  "15":"BombsiteB",
  "16":"BombsiteA",
  "17":"BombsiteA",
  "18":"BombsiteA",
  "19":"BombsiteA",
  "20":"BombsiteA"
 },
 "X":{
  "0":-302.2601318359,
  "1":-302.2601318359,
  "2":-1969.03515625,
  "3":-1969.03515625,
  "4":-1969.03125,
  "5":-2010.6805419922,
  "6":-283.3515014648,
  "7":-293.4071655273,
  "8":-1969.03125,
  "9":-1969.03125,
  "10":-1969.03125,
  "11":-616.3208618164,
  "12":-556.0843505859,
  "13":-262.6513671875,
  "14":-1987.0274658203,
  "15":-1969.03125,
  "16":-485.1453857422,
  "17":-485.1453857422,
  "18":-265.6683959961,
  "19":-403.9530029297,
  "20":-351.7632446289
 },
 "Y":{
  "0":-2167.2170410156,
  "1":-2167.2170410156,
  "2":450.03125,
  "3":450.03125,
  "4":450.03125,
  "5":405.3769226074,
  "6":-2158.8122558594,
  "7":-2161.4772949219,
  "8":450.03125,
  "9":450.03125,
  "10":450.03125,
  "11":-1986.1911621094,
  "12":-1976.1518554688,
  "13":-2153.3225097656,
  "14":419.857635498,
  "15":450.03125,
  "16":-2154.1127929688,
  "17":-2154.1127929688,
  "18":-2177.1184082031,
  "19":-2004.5235595703,
  "20":-2037.2094726562
 },
 "Z":{
  "0":-173.9164428711,
  "1":-173.9164428711,
  "2":-159.96875,
  "3":-159.96875,
  "4":-159.96875,
  "5":-159.96875,
  "6":-173.8231201172,
  "7":-174.0331420898,
  "8":-159.96875,
  "9":-159.96875,
  "10":-159.96875,
  "11":-179.96875,
  "12":-179.96875,
  "13":-173.3911132812,
  "14":-159.96875,
  "15":-159.96875,
  "16":-179.96875,
  "17":-179.96875,
  "18":-171.4100341797,
  "19":-179.96875,
  "20":-177.3346557617
 },
 "round":{
  "0":2,
  "1":2,
  "2":5,
  "3":5,
  "4":6,
  "5":6,
  "6":7,
  "7":8,
  "8":9,
  "9":9,
  "10":10,
  "11":12,
  "12":12,
  "13":15,
  "14":16,
  "15":17,
  "16":19,
  "17":19,
  "18":20,
  "19":21,
  "20":21
 }
}