{
 "tick":{
  "0":20950,
  "1":22403,
  "2":30742,
  "3":31622,
  "4":42053,
  "5":44677,
  "6":55382,
  "7":64224,
  "8":80232,
  "9":98955,
  "10":108295,
  "11":110919,
  "12":117694,
  "13":119661,
  "14":127588,
  "15":130212,
  "16":140156,
  "17":149193,
  "18":151817
 },
 "event":{
  "0":"planted",
  "1":"defused",
  "2":"planted",
  "3":"defused",
  "4":"planted",
  "5":"exploded",
  "6":"planted",
  "7":"planted",
  "8":"planted",
  "9":"planted",
  "10":"planted",
  "11":"exploded",
  "12":"planted",
  "13":"defused",
  "14":"planted",
  "15":"exploded",
  "16":"planted",
  "17":"planted",
  "18":"exploded"
 },
 "site":{
  "0":"BombsiteA",
  "1":"BombsiteA",
  "2":"BombsiteA",
  "3":"BombsiteA",
  "4":"BombsiteA",
  "5":"BombsiteA",
  "6":"BombsiteB",
  "7":"BombsiteB",
  "8":"BombsiteA",
  "9":"BombsiteA",
  "10":"BombsiteB",
  "11":"BombsiteB",
  "12":"BombsiteA",
  "13":"BombsiteA",
  "14":"BombsiteA",
  "15":"BombsiteA",
  "16":"BombsiteA",
  "17":"BombsiteB",
  "18":"BombsiteB"
 },
 "X":{
  "0":501.3071899414,
  "1":546.7829589844,
  "2":764.3529052734,
  "3":810.0435180664,
  "4":718.4290771484,
  "5":718.4290771484,
  "6":340.03125,
  "7":340.0307006836,
  "8":663.6829223633,
  "9":651.4686279297,
  "10":358.251953125,
  "11":358.251953125,
  "12":795.6491088867,
  "13":804.2896728516,
  "14":528.6833496094,
  "15":528.6833496094,
  "16":545.8181762695,
  "17":635.4306640625,
  "18":635.4306640625
 },
 "Y":{
  "0":-947.2504272461,
  "1":-986.2823486328,
  "2":-770.03125,
  "3":-764.4882202148,
  "4":-616.5414428711,
  "5":-616.5414428711,
  "6":-697.737121582,
  "7":-694.515625,
  "8":-779.7338256836,
  "9":-794.1185913086,
  "10":-730.9123535156,
  "11":-730.9123535156,
  "12":-608.28515625,
  "13":-566.1651000977,
  "14":-889.2358398438,
  "15":-889.2358398438,
  "16":-773.2681274414,
  "17":-1257.4442138672,
  "18":-1257.4442138672
 },
 "Z":{
  "0":-413.7878417969,
  "1":-415.96875,
  "2":-399.9682617188,
  "3":-399.9682617188,
  "4":-399.9683227539,
  "5":-399.9683227539,
  "6":-765.96875,
  "7":-765.96875,
  "8":-415.96875,
  "9":-415.96875,
  "10":-771.96875,
  "11":-771.96875,
  "12":-399.9683227539,
  "13":-399.9682617188,
  "14":-399.96875,
  "15":-399.96875,
  "16":-399.96875,
  "17":-768.84375,
  "18":-768.84375
 },
 "round":{
  "0":3,
  "1":3,
  "2":4,
  "3":4,
  "4":6,
  "5":6,
  "6":7,
  "7":8,
  "8":10,
  "9":12,
  "10":13,
  "11":13,
  "12":14,
  "13":14,
  "14":15,
  "15":15,
  "16":17,
  "17":18,
  "18":18
 }
}