{
 "tick":{
  "0":8219,
  "1":13969,
  "2":16593,
  "3":47786,
  "4":49386,
  "5":79900,
  "6":105287,
  "7":134861,
  "8":173718,
  "9":176342
 },
 "event":{
  "0":"planted",
  "1":"planted",
  "2":"exploded",
  "3":"planted",
  "4":"defused",
  "5":"planted",
  "6":"planted",
  "7":"planted",
  "8":"planted",
  "9":"exploded"
 },
 "site":{
  "0":"BombsiteB",
  "1":"BombsiteB",
  "2":"BombsiteB",
  "3":"BombsiteB",
  "4":"BombsiteB",
  "5":"BombsiteA",
  "6":"BombsiteB",
  "7":"BombsiteA",
  "8":"BombsiteB",
  "9":"BombsiteB"
 },
 "X":{
  "0":637.9717407227,
  "1":340.0277099609,
  "2":340.0277099609,
  "3":345.0084228516,
  "4":403.5989379883,
  "5":724.0913696289,
  "6":395.3794555664,
  "7":829.4227905273,
  "8":340.1948242188,
  "9":340.1948242188
 },
 "Y":{
  "0":-1312.2847900391,
  "1":-718.23046875,
  "2":-718.23046875,
  "3":-696.6292724609,
  "4":-712.9495239258,
  "5":-604.6750488281,
  "6":-1072.0687255859,
  "7":-624.457824707,
  "8":-701.7340087891,
  "9":-701.7340087891
 },
 "Z":{
  "0":-765.96875,
  "1":-765.96875,
  "2":-765.96875,
  "3":-765.96875,
  "4":-765.96875,
  "5":-399.9682617188,
  "6":-765.96875,
  "7":-399.9682617188,
  "8":-765.96875,
  "9":-765.96875
 },
 "round":{
  "0":1,
  "1":2,
  "2":2,
  "3":6,
  "4":6,
  "5":10,
  "6":13,
  "7":17,
  "8":22,
  "9":22
 }
}