{
 "tick":{
  "0":8599,
  "1":15785,
  "2":18409,
  "3":28768,
  "4":31392,
  "5":109410,
  "6":111139,
  "7":125781,
  "8":131981,
  "9":134605,
  "10":139709,
  "11":142333,
  "12":150016,
  "13":152640,
  "14":161222,
  "15":163846,
  "16":172888,
  "17":181173,
  "18":190914,
  "19":197742
 },
 "event":{
  "0":"planted",
  "1":"planted",
  "2":"exploded",
  "3":"planted",
  "4":"exploded",
  "5":"planted",
  "6":"defused",
  "7":"planted",
  "8":"planted",
  "9":"exploded",
  "10":"planted",
  "11":"exploded",
  "12":"planted",
  "13":"exploded",
  "14":"planted",
  "15":"exploded",
  "16":"planted",
  "17":"planted",
  "18":"planted",
  "19":"planted"
 },
 "site":{
  "0":"BombsiteA",
  "1":"BombsiteA",
  "2":"BombsiteA",
  "3":"BombsiteB",
  "4":"BombsiteB",
  "5":"BombsiteB",
  "6":"BombsiteB",
  "7":"BombsiteB",
  "8":"BombsiteB",
  "9":"BombsiteB",
  "10":"BombsiteB",
  "11":"BombsiteB",
  "12":"BombsiteB",
  "13":"BombsiteB",
  "14":"BombsiteA",
  "15":"BombsiteA",
  "16":"BombsiteB",
  "17":"BombsiteB",
  "18":"BombsiteA",
  "19":"BombsiteB"
 },
 "X":{
  "0":639.8389892578,
  "1":675.3548583984,
  "2":675.3548583984,
  "3":747.4837646484,
  "4":747.4837646484,
  "5":858.7614135742,
  "6":801.4786376953,
  "7":567.8592529297,
  "8":340.03125,
  "9":340.03125,
  "10":638.3735961914,
  "11":638.3735961914,
  "12":637.8934326172,
  "13":637.8934326172,
  "14":636.4564819336,
  "15":636.4564819336,
  "16":824.8235473633,
  "17":820.8115234375,
  "18":676.8023681641,
  "19":500.3717651367
 },
 "Y":{
  "0":-768.03125,
  "1":-764.1793212891,
  "2":-764.1793212891,
  "3":-1095.7635498047,
  "4":-1095.7635498047,
  "5":-942.2564697266,
  "6":-954.4303588867,
  "7":-1221.3510742188,
  "8":-877.0180053711,
  "9":-877.0180053711,
  "10":-1320.2105712891,
  "11":-1320.2105712891,
  "12":-1276.0629882812,
  "13":-1276.0629882812,
  "14":-768.03125,
  "15":-768.03125,
  "16":-970.4563598633,
  "17":-1073.2044677734,
  "18":-764.3295898438,
  "19":-1241.7199707031
 },
 "Z":{
  "0":-415.96875,
  "1":-399.96875,
  "2":-399.96875,
  "3":-768.96875,
  "4":-768.96875,
  "5":-765.96875,
  "6":-771.96875,
  "7":-752.84375,
  "8":-771.96875,
  "9":-771.96875,
  "10":-765.96875,
  "11":-765.96875,
  "12":-769.96875,
  "13":-769.96875,
  "14":-415.96875,
  "15":-415.96875,
  "16":-765.96875,
  "17":-765.96875,
  "18":-399.96875,
  "19":-769.96875
 },
 "round":{
  "0":1,
  "1":2,
  "2":2,
  "3":4,
  "4":4,
  "5":17,
  "6":17,
  "7":19,
  "8":20,
  "9":20,
  "10":21,
  "11":21,
  "12":22,
  "13":22,
  "14":23,
  "15":23,
  "16":24,
  "17":25,
  "18":26,
  "19":27
 }
}