{
 "tick":{
  "0":62242,
  "1":63600,
  "2":92809,
  "3":95433,
  "4":103290,
  "5":105914,
  "6":116402,
  "7":119026,
  "8":131705,
  "9":134329,
  "10":139293,
  "11":141917,
  "12":147321,
  "13":149945,
  "14":158325
 },
 "event":{
  "0":"planted",
  "1":"defused",
  "2":"planted",
  "3":"exploded",
  "4":"planted",
  "5":"exploded",
  "6":"planted",
  "7":"exploded",
  "8":"planted",
  "9":"exploded",
  "10":"planted",
  "11":"exploded",
  "12":"planted",
  "13":"exploded",
  "14":"planted"
 },
 "site":{
  "0":"BombsiteB",
  "1":"BombsiteB",
  "2":"BombsiteB",
  "3":"BombsiteB",
  "4":"BombsiteB",
  "5":"BombsiteB",
  "6":"BombsiteA",
  "7":"BombsiteA",
  "8":"BombsiteA",
  "9":"BombsiteA",
  "10":"BombsiteA",
  "11":"BombsiteA",
  "12":"BombsiteA",
  "13":"BombsiteA",
  "14":"BombsiteB"
 },
 "X":{
  "0":508.6980895996,
  "1":526.0109863281,
  "2":565.290222168,
  "3":565.290222168,
  "4":532.9219970703,
  "5":532.9219970703,
  "6":1966.03125,
  "7":1966.03125,
  "8":2085.3874511719,
  "9":2085.3874511719,
  "10":1960.1096191406,
  "11":1960.1096191406,
  "12":1969.9152832031,
  "13":1969.9152832031,
  "14":314.5116577148
 },
 "Y":{
  "0":2889.4204101562,
  "1":2831.6706542969,
  "2":2883.96875,
  "3":2883.96875,
  "4":2961.0786132812,
  "5":2961.0786132812,
  "6":721.9715576172,
  "7":721.9715576172,
  "8":183.0928344727,
  "9":183.0928344727,
  "10":696.9719848633,
  "11":696.9719848633,
  "12":721.96875,
  "13":721.96875,
  "14":2767.6215820312
 },
 "Z":{
  "0":161.5312347412,
  "1":161.5312347412,
  "2":168.0312347412,
  "3":168.0312347412,
  "4":161.5312347412,
  "5":161.5312347412,
  "6":160.03125,
  "7":160.03125,
  "8":160.03125,
  "9":160.03125,
  "10":160.03125,
  "11":160.03125,
  "12":160.03125,
  "13":160.03125,
  "14":184.2997589111
 },
 "round":{
  "0":5,
  "1":5,
  "2":8,
  "3":8,
  "4":9,
  "5":9,
  "6":10,
  "7":10,
  "8":12,
  "9":12,
  "10":13,
  "11":13,
  "12":14,
  "13":14,
  "14":15
 }
}