{
 "tick":{
  "0":8383,
  "1":13316,
  "2":17951,
  "3":20575,
  "4":27124,
  "5":29748,
  "6":43142,
  "7":53055,
  "8":55679,
  "9":63147,
  "10":65771,
  "11":72625,
  "12":81972,
  "13":83917,
  "14":108328,
  "15":114769,
  "16":117393,
  "17":122112
 },
 "event":{
  "0":"planted",
  "1":"planted",
  "2":"planted",
  "3":"exploded",
  "4":"planted",
  "5":"exploded",
  "6":"planted",
  "7":"planted",
  "8":"exploded",
  "9":"planted",
  "10":"exploded",
  "11":"planted",
  "12":"planted",
  "13":"defused",
  "14":"planted",
  "15":"planted",
  "16":"exploded",
  "17":"planted"
 },
 "site":{
  "0":"BombsiteB",
  "1":"BombsiteB",
  "2":"BombsiteA",
  "3":"BombsiteA",
  "4":"BombsiteA",
  "5":"BombsiteA",
  "6":"BombsiteB",
  "7":"BombsiteA",
  "8":"BombsiteA",
  "9":"BombsiteA",
  "10":"BombsiteA",
  "11":"BombsiteA",
  "12":"BombsiteA",
  "13":"BombsiteA",
  "14":"BombsiteA",
  "15":"BombsiteA",
  "16":"BombsiteA",
  "17":"BombsiteB"
 },
 "X":{
  "0":-1251.96875,
  "1":-952.2810058594,
  "2":-2550.1828613281,
  "3":-2550.1828613281,
  "4":-2556.4768066406,
  "5":-2556.4768066406,
  "6":-1166.3408203125,
  "7":-2575.6848144531,
  "8":-2575.6848144531,
  "9":-2589.8051757812,
  "10":-2589.8051757812,
  "11":-2020.3963623047,
  "12":-2403.0993652344,
  "13":-2356.955078125,
  "14":-2503.0615234375,
  "15":-2548.5842285156,
  "16":-2548.5842285156,
  "17":-1166.3148193359
 },
 "Y":{
  "0":9.1080198288,
  "1":-80.6568603516,
  "2":645.1190185547,
  "3":645.1190185547,
  "4":644.1403198242,
  "5":644.1403198242,
  "6":-94.1785888672,
  "7":641.1096801758,
  "8":641.1096801758,
  "9":638.8632202148,
  "10":638.8632202148,
  "11":783.6136474609,
  "12":535.2459106445,
  "13":494.9126586914,
  "14":805.3568115234,
  "15":645.3676147461,
  "16":645.3676147461,
  "17":-66.1323242188
 },
 "Z":{
  "0":103.53125,
  "1":100.0312423706,
  "2":484.0312194824,
  "3":484.0312194824,
  "4":484.03125,
  "5":484.03125,
  "6":104.2012176514,
  "7":484.0312194824,
  "8":484.0312194824,
  "9":484.03125,
  "10":484.03125,
  "11":484.03125,
  "12":484.03125,
  "13":484.03125,
  "14":476.528137207,
  "15":484.03125,
  "16":484.03125,
  "17":104.0475769043
 },
 "round":{
  "0":1,
  "1":2,
  "2":3,
  "3":3,
  "4":4,
  "5":4,
  "6":6,
  "7":7,
  "8":7,
  "9":8,
  "10":8,
  "11":9,
  "12":10,
  "13":10,
  "14":15,
  "15":16,
  "16":16,
  "17":17
 }
}