{"tick":{"0":34902,"1":36440,"2":47987,"3":49071,"4":57738,"5":59977,"6":71873,"7":73553,"8":81526,"9":100426,"10":102773,"11":110111,"12":122225,"13":155890,"14":158514,"15":164310},"event":{"0":"planted","1":"defused","2":"planted","3":"defused","4":"planted","5":"defused","6":"planted","7":"defused","8":"planted","9":"planted","10":"defused","11":"planted","12":"planted","13":"planted","14":"exploded","15":"planted"},"site":{"0":"BombsiteA","1":"BombsiteA","2":"BombsiteB","3":"BombsiteB","4":"BombsiteB","5":"BombsiteB","6":"BombsiteB","7":"BombsiteB","8":"BombsiteB","9":"BombsiteB","10":"BombsiteB","11":"BombsiteB","12":"BombsiteB","13":"BombsiteA","14":"BombsiteA","15":"BombsiteA"},"X":{"0":1819.03125,"1":1852.1126708984,"2":147.3456420898,"3":155.4360046387,"4":545.024597168,"5":502.2078552246,"6":547.0024414062,"7":536.8566894531,"8":328.0805358887,"9":545.7933959961,"10":496.7815856934,"11":176.4688415527,"12":537.2500610352,"13":1966.03125,"14":1966.03125,"15":2088.8549804688},"Y":{"0":294.8744812012,"1":325.268951416,"2":2776.8098144531,"3":2831.0830078125,"4":2928.1435546875,"5":2971.2561035156,"6":2950.8894042969,"7":2889.8732910156,"8":2592.97265625,"9":2936.9846191406,"10":2969.4558105469,"11":2774.1701660156,"12":2949.4223632812,"13":721.96875,"14":721.96875,"15":182.5907745361},"Z":{"0":161.0312194824,"1":161.0312042236,"2":161.5312652588,"3":161.5312652588,"4":161.5312347412,"5":161.5312347412,"6":161.5312347412,"7":161.5312347412,"8":164.03125,"9":161.5312347412,"10":161.53125,"11":164.03125,"12":161.5312347412,"13":160.03125,"14":160.03125,"15":160.03125},"round":{"0":2,"1":2,"2":4,"3":4,"4":5,"5":5,"6":7,"7":7,"8":8,"9":10,"10":10,"11":11,"12":13,"13":17,"14":17,"15":18}}