{
 "tick":{
  "0":8344,
  "1":14583,
  "2":34701,
  "3":36217,
  "4":48159,
  "5":92005,
  "6":111109,
  "7":120134,
  "8":121943,
  "9":133171,
  "10":134494,
  "11":153757,
  "12":156169
 },
 "event":{
  "0":"planted",
  "1":"planted",
  "2":"planted",
  "3":"defused",
  "4":"planted",
  "5":"planted",
  "6":"planted",
  "7":"planted",
  "8":"defused",
  "9":"planted",
  "10":"defused",
  "11":"planted",
  "12":"defused"
 },
 "site":{
  "0":"BombsiteB",
  "1":"BombsiteA",
  "2":"BombsiteA",
  "3":"BombsiteA",
  "4":"BombsiteB",
  "5":"BombsiteA",
  "6":"BombsiteA",
  "7":"BombsiteB",
  "8":"BombsiteB",
  "9":"BombsiteB",
  "10":"BombsiteB",
  "11":"BombsiteA",
  "12":"BombsiteA"
 },
 "X":{
  "0":-1969.03125,
  "1":-277.2761230469,
  "2":-570.4298706055,
  "3":-600.4169311523,
  "4":-1969.03125,
  "5":-600.555847168,
  "6":-289.8297119141,
  "7":-1987.0275878906,
  "8":-2021.4084472656,
  "9":-1969.03125,
  "10":-2028.1365966797,
  "11":-630.8996582031,
  "12":-573.1674194336
 },
 "Y":{
  "0":450.1951904297,
  "1":-2157.2016601562,
  "2":-2154.3352050781,
  "3":-2205.7470703125,
  "4":451.5166931152,
  "5":-1981.6353759766,
  "6":-2160.529296875,
  "7":420.2696228027,
  "8":389.775177002,
  "9":450.03125,
  "10":460.8294372559,
  "11":-1994.2557373047,
  "12":-1976.3433837891
 },
 "Z":{
  "0":-159.96875,
  "1":-173.6962890625,
  "2":-179.96875,
  "3":-179.96875,
  "4":-159.96875,
  "5":-179.96875,
  "6":-173.9584350586,
  "7":-159.96875,
  "8":-159.96875,
  "9":-159.96875,
  "10":-159.96875,
  "11":-179.96875,
  "12":-179.96875
 },
 "round":{
  "0":1,
  "1":2,
  "2":4,
  "3":4,
  "4":6,
  "5":12,
  "6":15,
  "7":16,
  "8":16,
  "9":17,
  "10":17,
  "11":20,
  "12":20
 }
}