{"tick":{"0":21994,"1":22695,"2":29395,"3":32019,"4":48939,"5":51563,"6":80323,"7":104683,"8":107307,"9":111935,"10":114559,"11":125827},"event":{"0":"planted","1":"defused","2":"planted","3":"exploded","4":"planted","5":"exploded","6":"planted","7":"planted","8":"exploded","9":"planted","10":"exploded","11":"planted"},"site":{"0":"BombsiteA","1":"BombsiteA","2":"BombsiteB","3":"BombsiteB","4":"BombsiteB","5":"BombsiteB","6":"BombsiteA","7":"BombsiteA","8":"BombsiteA","9":"BombsiteB","10":"BombsiteB","11":"BombsiteB"},"X":{"0":788.9111328125,"1":728.869934082,"2":340.0273742676,"3":340.0273742676,"4":720.03125,"5":720.03125,"6":770.6511230469,"7":708.1807861328,"8":708.1807861328,"9":340.2027893066,"10":340.2027893066,"11":440.8392333984},"Y":{"0":-605.9696655273,"1":-609.227722168,"2":-692.5914306641,"3":-692.5914306641,"4":-1173.5001220703,"5":-1173.5001220703,"6":-593.2896728516,"7":-772.0447998047,"8":-772.0447998047,"9":-704.0961914062,"10":-704.0961914062,"11":-1085.6256103516},"Z":{"0":-399.9683227539,"1":-399.9682617188,"2":-765.96875,"3":-765.96875,"4":-768.96875,"5":-768.96875,"6":-399.9683227539,"7":-399.9685058594,"8":-399.9685058594,"9":-765.96875,"10":-765.96875,"11":-765.96875},"round":{"0":3,"1":3,"2":4,"3":4,"4":6,"5":6,"6":10,"7":13,"8":13,"9":14,"10":14,"11":16}}