{
 "tick":{
  "0":49754,
  "1":50908,
  "2":67482,
  "3":74865,
  "4":77489,
  "5":98712,
  "6":131724,
  "7":133633,
  "8":138080,
  "9":140704,
  "10":146006,
  "11":148630,
  "12":159364,
  "13":176201
 },
 "event":{
  "0":"planted",
  "1":"defused",
  "2":"planted",
  "3":"planted",
  "4":"exploded",
  "5":"planted",
  "6":"planted",
  "7":"defused",
  "8":"planted",
  "9":"exploded",
  "10":"planted",
  "11":"exploded",
  "12":"planted",
  "13":"planted"
 },
 "site":{
  "0":"BombsiteA",
  "1":"BombsiteA",
  "2":"BombsiteA",
  "3":"BombsiteA",
  "4":"BombsiteA",
  "5":"BombsiteB",
  "6":"BombsiteB",
  "7":"BombsiteB",
  "8":"BombsiteA",
  "9":"BombsiteA",
  "10":"BombsiteA",
  "11":"BombsiteA",
  "12":"BombsiteB",
  "13":"BombsiteB"
 },
 "X":{
  "0":2110.8173828125,
  "1":2054.3176269531,
  "2":1942.0535888672,
  "3":1819.03125,
  "4":1819.03125,
  "5":561.3499145508,
  "6":543.9713745117,
  "7":539.7329711914,
  "8":1991.6190185547,
  "9":1991.6190185547,
  "10":1819.03125,
  "11":1819.03125,
  "12":451.2402954102,
  "13":545.9213867188
 },
 "Y":{
  "0":300.6230773926,
  "1":314.4372253418,
  "2":345.8521728516,
  "3":608.03125,
  "4":608.03125,
  "5":2883.96875,
  "6":2909.1687011719,
  "7":2872.525390625,
  "8":686.2038574219,
  "9":686.2038574219,
  "10":293.194732666,
  "11":293.194732666,
  "12":2976.6052246094,
  "13":2938.45703125
 },
 "Z":{
  "0":160.03125,
  "1":160.03125,
  "2":160.03125,
  "3":159.9098968506,
  "4":159.9098968506,
  "5":161.5312347412,
  "6":161.5312347412,
  "7":161.5312347412,
  "8":160.03125,
  "9":160.03125,
  "10":161.0312194824,
  "11":161.0312194824,
  "12":161.53125,
  "13":161.5312347412
 },
 "round":{
  "0":6,
  "1":6,
  "2":8,
  "3":9,
  "4":9,
  "5":12,
  "6":17,
  "7":17,
  "8":18,
  "9":18,
  "10":19,
  "11":19,
  "12":20,
  "13":22
 }
}