{
 "tick":{
  "0":2662,
  "1":11301,
  "2":13026,
  "3":19729,
  "4":22353,
  "5":33195,
  "6":39258,
  "7":40289,
  "8":48222,
  "9":49380,
  "10":77603,
  "11":89690
 },
 "event":{
  "0":"planted",
  "1":"planted",
  "2":"defused",
  "3":"planted",
  "4":"exploded",
  "5":"planted",
  "6":"planted",
  "7":"defused",
  "8":"planted",
  "9":"defused",
  "10":"planted",
  "11":"planted"
 },
 "site":{
  "0":"BombsiteA",
  "1":"BombsiteA",
  "2":"BombsiteA",
  "3":"BombsiteB",
  "4":"BombsiteB",
  "5":"BombsiteA",
  "6":"BombsiteB",
  "7":"BombsiteB",
  "8":"BombsiteB",
  "9":"BombsiteB",
  "10":"BombsiteA",
  "11":"BombsiteA"
 },
 "X":{
  "0":506.7218933105,
  "1":713.8756103516,
  "2":717.7498779297,
  "3":833.7612304688,
  "4":833.7612304688,
  "5":785.8500976562,
  "6":692.8308105469,
  "7":678.1189575195,
  "8":630.0836181641,
  "9":571.3462524414,
  "10":775.7052001953,
  "11":871.7144775391
 },
 "Y":{
  "0":-946.9519042969,
  "1":-770.1920166016,
  "2":-829.6094970703,
  "3":-1055.6940917969,
  "4":-1055.6940917969,
  "5":-553.2575683594,
  "6":-827.0643920898,
  "7":-768.6317749023,
  "8":-1287.5018310547,
  "9":-1287.6844482422,
  "10":-562.032043457,
  "11":-637.7637329102
 },
 "Z":{
  "0":-413.7156982422,
  "1":-399.9683837891,
  "2":-399.9683227539,
  "3":-765.96875,
  "4":-765.96875,
  "5":-399.9683837891,
  "6":-765.96875,
  "7":-767.96875,
  "8":-769.96875,
  "9":-769.96875,
  "10":-399.9683227539,
  "11":-399.9686279297
 },
 "round":{
  "0":1,
  "1":2,
  "2":2,
  "3":3,
  "4":3,
  "5":5,
  "6":6,
  "7":6,
  "8":7,
  "9":7,
  "10":10,
  "11":12
 }
}