{
 "tick":{
  "0":6227,
  "1":7942,
  "2":24445,
  "3":27069,
  "4":35387,
  "5":36992,
  "6":44669,
  "7":47293,
  "8":69943,
  "9":70754,
  "10":114435,
  "11":117059,
  "12":123158,
  "13":125782,
  "14":133880,
  "15":135511,
  "16":163528
 },
 "event":{
  "0":"planted",
  "1":"defused",
  "2":"planted",
  "3":"exploded",
  "4":"planted",
  "5":"defused",
  "6":"planted",
  "7":"exploded",
  "8":"planted",
  "9":"defused",
  "10":"planted",
  "11":"exploded",
  "12":"planted",
  "13":"exploded",
  "14":"planted",
  "15":"defused",
  "16":"planted"
 },
 "site":{
  "0":"BombsiteA",
  "1":"BombsiteA",
  "2":"BombsiteB",
  "3":"BombsiteB",
  "4":"BombsiteA",
  "5":"BombsiteA",
  "6":"BombsiteA",
  "7":"BombsiteA",
  "8":"BombsiteB",
  "9":"BombsiteB",
  "10":"BombsiteB",
  "11":"BombsiteB",
  "12":"BombsiteB",
  "13":"BombsiteB",
  "14":"BombsiteA",
  "15":"BombsiteA",
  "16":"BombsiteA"
 },
 "X":{
  "0":-380.7674560547,
  "1":-441.7066650391,
  "2":-2216.03125,
  "3":-2216.03125,
  "4":-471.0812988281,
  "5":-532.9249267578,
  "6":-86.6271972656,
  "7":-86.6271972656,
  "8":-2152.7973632812,
  "9":-2191.5561523438,
  "10":-2216.03125,
  "11":-2216.03125,
  "12":-2154.1408691406,
  "13":-2154.1408691406,
  "14":-114.03125,
  "15":-138.8864135742,
  "16":-364.0665283203
 },
 "Y":{
  "0":-701.9353027344,
  "1":-692.5950927734,
  "2":870.8228759766,
  "3":870.8228759766,
  "4":-563.0375976562,
  "5":-563.0738525391,
  "6":-732.0288696289,
  "7":-732.0288696289,
  "8":678.6716308594,
  "9":710.7659301758,
  "10":866.5407714844,
  "11":866.5407714844,
  "12":763.5710449219,
  "13":763.5710449219,
  "14":-553.9497070312,
  "15":-553.9998779297,
  "16":-686.602355957
 },
 "Z":{
  "0":11776.03125,
  "1":11775.35546875,
  "2":11744.03125,
  "3":11744.03125,
  "4":11776.03125,
  "5":11776.03125,
  "6":11776.03125,
  "7":11776.03125,
  "8":11744.03125,
  "9":11744.03125,
  "10":11744.03125,
  "11":11744.03125,
  "12":11744.03125,
  "13":11744.03125,
  "14":11776.03125,
  "15":11774.78125,
  "16":11774.6064453125
 },
 "round":{
  "0":1,
  "1":1,
  "2":4,
  "3":4,
  "4":5,
  "5":5,
  "6":6,
  "7":6,
  "8":9,
  "9":9,
  "10":15,
  "11":15,
  "12":16,
  "13":16,
  "14":17,
  "15":17,
  "16":21
 }
}