{
 "tick":{
  "0":4212,
  "1":5625,
  "2":24693,
  "3":27317,
  "4":35496,
  "5":38120,
  "6":45254,
  "7":47878,
  "8":95111,
  "9":109654,
  "10":112278,
  "11":117681
 },
 "event":{
  "0":"planted",
  "1":"defused",
  "2":"planted",
  "3":"exploded",
  "4":"planted",
  "5":"exploded",
  "6":"planted",
  "7":"exploded",
  "8":"planted",
  "9":"planted",
  "10":"exploded",
  "11":"planted"
 },
 "site":{
  "0":"BombsiteA",
  "1":"BombsiteA",
  "2":"BombsiteB",
  "3":"BombsiteB",
  "4":"BombsiteA",
  "5":"BombsiteA",
  "6":"BombsiteA",
  "7":"BombsiteA",
  "8":"BombsiteB",
  "9":"BombsiteB",
  "10":"BombsiteB",
  "11":"BombsiteB"
 },
 "X":{
  "0":-2483.5158691406,
  "1":-2498.9846191406,
  "2":-1166.2822265625,
  "3":-1166.2822265625,
  "4":-2523.9702148438,
  "5":-2523.9702148438,
  "6":-2553.2946777344,
  "7":-2553.2946777344,
  "8":-1166.271484375,
  "9":-979.7676391602,
  "10":-979.7676391602,
  "11":-967.4921264648
 },
 "Y":{
  "0":786.4561767578,
  "1":844.7982177734,
  "2":-97.1470336914,
  "3":-97.1470336914,
  "4":649.1953125,
  "5":649.1953125,
  "6":644.6350708008,
  "7":644.6350708008,
  "8":-95.1225585938,
  "9":-68.1380615234,
  "10":-68.1380615234,
  "11":-31.4846191406
 },
 "Z":{
  "0":476.53125,
  "1":476.0312805176,
  "2":103.85496521,
  "3":103.85496521,
  "4":484.03125,
  "5":484.03125,
  "6":484.03125,
  "7":484.03125,
  "8":103.7914810181,
  "9":100.03125,
  "10":100.03125,
  "11":100.03125
 },
 "round":{
  "0":1,
  "1":1,
  "2":4,
  "3":4,
  "4":5,
  "5":5,
  "6":6,
  "7":6,
  "8":13,
  "9":15,
  "10":15,
  "11":16
 }
}