{
 "tick":{
  "0":6795,
  "1":8981,
  "2":17831,
  "3":22417,
  "4":25041,
  "5":31679,
  "6":50756,
  "7":53380,
  "8":84344,
  "9":86968,
  "10":94577,
  "11":105300,
  "12":114311,
  "13":127161,
  "14":136609,
  "15":139233,
  "16":167487,
  "17":169823,
  "18":175925
 },
 "event":{
  "0":"planted",
  "1":"defused",
  "2":"planted",
  "3":"planted",
  "4":"exploded",
  "5":"planted",
  "6":"planted",
  "7":"exploded",
  "8":"planted",
  "9":"exploded",
  "10":"planted",
  "11":"planted",
  "12":"planted",
  "13":"planted",
  "14":"planted",
  "15":"exploded",
  "16":"planted",
  "17":"defused",
  "18":"planted"
 },
 "site":{
  "0":"BombsiteB",
  "1":"BombsiteB",
  "2":"BombsiteB",
  "3":"BombsiteB",
  "4":"BombsiteB",
  "5":"BombsiteB",
  "6":"BombsiteA",
  "7":"BombsiteA",
  "8":"BombsiteA",
  "9":"BombsiteA",
  "10":"BombsiteA",
  "11":"BombsiteA",
  "12":"BombsiteB",
  "13":"BombsiteA",
  "14":"BombsiteA",
  "15":"BombsiteA",
  "16":"BombsiteA",
  "17":"BombsiteA",
  "18":"BombsiteA"
 },
 "X":{
  "0":-1940.5625,
  "1":-1971.0688476562,
  "2":-1920.0594482422,
  "3":-1969.0454101562,
  "4":-1969.0454101562,
  "5":-1917.4007568359,
  "6":-626.7100830078,
  "7":-626.7100830078,
  "8":-307.2908935547,
  "9":-307.2908935547,
  "10":-497.9512939453,
  "11":-271.2001953125,
  "12":-1898.5169677734,
  "13":-418.2105712891,
  "14":-497.9512939453,
  "15":-497.9512939453,
  "16":-253.96875,
  "17":-276.0954589844,
  "18":-392.3193359375
 },
 "Y":{
  "0":242.03125,
  "1":258.4944763184,
  "2":327.96875,
  "3":450.03125,
  "4":450.03125,
  "5":327.96875,
  "6":-2181.4389648438,
  "7":-2181.4389648438,
  "8":-2021.2467041016,
  "9":-2021.2467041016,
  "10":-1999.0838623047,
  "11":-2155.5893554688,
  "12":242.38671875,
  "13":-2022.6909179688,
  "14":-1999.46875,
  "15":-1999.46875,
  "16":-2145.5578613281,
  "17":-2202.8469238281,
  "18":-2021.9172363281
 },
 "Z":{
  "0":-159.96875,
  "1":-159.96875,
  "2":-159.96875,
  "3":-159.96875,
  "4":-159.96875,
  "5":-159.96875,
  "6":-179.96875,
  "7":-179.96875,
  "8":-172.6721191406,
  "9":-172.6721191406,
  "10":-179.96875,
  "11":-173.5695800781,
  "12":-159.96875,
  "13":-179.96875,
  "14":-179.96875,
  "15":-179.96875,
  "16":-173.4572753906,
  "17":-169.5864257812,
  "18":-179.96875
 },
 "round":{
  "0":1,
  "1":1,
  "2":2,
  "3":3,
  "4":3,
  "5":4,
  "6":6,
  "7":6,
  "8":11,
  "9":11,
  "10":12,
  "11":13,
  "12":14,
  "13":16,
  "14":17,
  "15":17,
  "16":22,
  "17":22,
  "18":23
 }
}