{
 "tick":{
  "0":14707,
  "1":16074,
  "2":22704,
  "3":32287,
  "4":39861,
  "5":42485,
  "6":48283,
  "7":50907,
  "8":85072
 },
 "event":{
  "0":"planted",
  "1":"defused",
  "2":"planted",
  "3":"planted",
  "4":"planted",
  "5":"exploded",
  "6":"planted",
  "7":"exploded",
  "8":"planted"
 },
 "site":{
  "0":"BombsiteB",
  "1":"BombsiteB",
  "2":"BombsiteB",
  "3":"BombsiteB",
  "4":"BombsiteA",
  "5":"BombsiteA",
  "6":"BombsiteA",
  "7":"BombsiteA",
  "8":"BombsiteA"
 },
 "X":{
  "0":451.1572875977,
  "1":508.3606567383,
  "2":587.0692138672,
  "3":836.7026367188,
  "4":712.0090332031,
  "5":712.0090332031,
  "6":741.5169677734,
  "7":741.5169677734,
  "8":718.5008544922
 },
 "Y":{
  "0":-701.5651855469,
  "1":-719.8442382812,
  "2":-1243.4093017578,
  "3":-964.2572021484,
  "4":-769.7473144531,
  "5":-769.7473144531,
  "6":-523.1024169922,
  "7":-523.1024169922,
  "8":-876.0873413086
 },
 "Z":{
  "0":-765.96875,
  "1":-765.96875,
  "2":-752.84375,
  "3":-765.96875,
  "4":-399.9684448242,
  "5":-399.9684448242,
  "6":-406.4600830078,
  "7":-406.4600830078,
  "8":-399.9683227539
 },
 "round":{
  "0":2,
  "1":2,
  "2":3,
  "3":4,
  "4":5,
  "5":5,
  "6":6,
  "7":6,
  "8":12
 }
}