{
 "tick":{
  "0":5245,
  "1":11155,
  "2":13779,
  "3":39284,
  "4":41908,
  "5":75379,
  "6":77507,
  "7":93147,
  "8":94959,
  "9":111062,
  "10":113686,
  "11":132448,
  "12":135072,
  "13":145987,
  "14":164139
 },
 "event":{
  "0":"planted",
  "1":"planted",
  "2":"exploded",
  "3":"planted",
  "4":"exploded",
  "5":"planted",
  "6":"defused",
  "7":"planted",
  "8":"defused",
  "9":"planted",
  "10":"exploded",
  "11":"planted",
  "12":"exploded",
  "13":"planted",
  "14":"planted"
 },
 "site":{
  "0":"BombsiteA",
  "1":"BombsiteA",
  "2":"BombsiteA",
  "3":"BombsiteA",
  "4":"BombsiteA",
  "5":"BombsiteB",
  "6":"BombsiteB",
  "7":"BombsiteB",
  "8":"BombsiteB",
  "9":"BombsiteB",
  "10":"BombsiteB",
  "11":"BombsiteA",
  "12":"BombsiteA",
  "13":"BombsiteA",
  "14":"BombsiteA"
 },
 "X":{
  "0":-369.7991943359,
  "1":-354.4096679688,
  "2":-354.4096679688,
  "3":-114.03125,
  "4":-114.03125,
  "5":-2325.2062988281,
  "6":-2305.0888671875,
  "7":-2216.03125,
  "8":-2224.7209472656,
  "9":-2216.03125,
  "10":-2216.03125,
  "11":-347.03125,
  "12":-347.03125,
  "13":-360.6329956055,
  "14":-349.4093017578
 },
 "Y":{
  "0":-687.8746948242,
  "1":-684.6760864258,
  "2":-684.6760864258,
  "3":-540.03125,
  "4":-540.03125,
  "5":819.2435302734,
  "6":859.0139160156,
  "7":879.4869384766,
  "8":820.0854492188,
  "9":865.5892944336,
  "10":865.5892944336,
  "11":-682.8167724609,
  "12":-682.8167724609,
  "13":-685.8381347656,
  "14":-683.3452148438
 },
 "Z":{
  "0":11774.765625,
  "1":11774.3662109375,
  "2":11774.3662109375,
  "3":11776.03125,
  "4":11776.03125,
  "5":11744.03125,
  "6":11744.03125,
  "7":11744.03125,
  "8":11744.03125,
  "9":11744.03125,
  "10":11744.03125,
  "11":11774.1337890625,
  "12":11774.1337890625,
  "13":11774.51171875,
  "14":11774.19921875
 },
 "round":{
  "0":1,
  "1":2,
  "2":2,
  "3":6,
  "4":6,
  "5":11,
  "6":11,
  "7":13,
  "8":13,
  "9":15,
  "10":15,
  "11":17,
  "12":17,
  "13":18,
  "14":20
 }
}