{
 "tick":{
  "0":29119,
  "1":30320,
  "2":38449,
  "3":41073,
  "4":49951,
  "5":51444,
  "6":57870,
  "7":65897,
  "8":73334,
  "9":74322,
  "10":90895,
  "11":107940,
  "12":109974,
  "13":128992,
  "14":139453,
  "15":162913,
  "16":165537,
  "17":181963
 },
 "event":{
  "0":"planted",
  "1":"defused",
  "2":"planted",
  "3":"exploded",
  "4":"planted",
  "5":"defused",
  "6":"planted",
  "7":"planted",
  "8":"planted",
  "9":"defused",
  "10":"planted",
  "11":"planted",
  "12":"defused",
  "13":"planted",
  "14":"planted",
  "15":"planted",
  "16":"exploded",
  "17":"planted"
 },
 "site":{
  "0":"BombsiteB",
  "1":"BombsiteB",
  "2":"BombsiteB",
  "3":"BombsiteB",
  "4":"BombsiteB",
  "5":"BombsiteB",
  "6":"BombsiteA",
  "7":"BombsiteB",
  "8":"BombsiteB",
  "9":"BombsiteB",
  "10":"BombsiteA",
  "11":"BombsiteB",
  "12":"BombsiteB",
  "13":"BombsiteA",
  "14":"BombsiteB",
  "15":"BombsiteA",
  "16":"BombsiteA",
  "17":"BombsiteB"
 },
 "X":{
  "0":-1147.0263671875,
  "1":-1166.3460693359,
  "2":-1166.2434082031,
  "3":-1166.2434082031,
  "4":-1143.4871826172,
  "5":-1110.6702880859,
  "6":-2504.2705078125,
  "7":-1162.0151367188,
  "8":-951.3861694336,
  "9":-946.2826538086,
  "10":-2118.0227050781,
  "11":-954.2830810547,
  "12":-900.4715576172,
  "13":-2130.0661621094,
  "14":-968.4491577148,
  "15":-2560.0078125,
  "16":-2560.0078125,
  "17":-1166.2376708984
 },
 "Y":{
  "0":-73.5298461914,
  "1":-75.8316650391,
  "2":-101.4508056641,
  "3":-101.4508056641,
  "4":-80.8153686523,
  "5":-132.5389404297,
  "6":645.9735107422,
  "7":-87.9469604492,
  "8":-33.8379516602,
  "9":-62.5729980469,
  "10":586.037902832,
  "11":-33.4224853516,
  "12":-41.1459960938,
  "13":579.8120727539,
  "14":-56.5780639648,
  "15":643.5924072266,
  "16":643.5924072266,
  "17":-95.2838134766
 },
 "Z":{
  "0":103.53125,
  "1":104.232208252,
  "2":103.6255950928,
  "3":103.6255950928,
  "4":103.53125,
  "5":103.5312423706,
  "6":484.0312805176,
  "7":103.53125,
  "8":100.0312423706,
  "9":100.03125,
  "10":522.2508544922,
  "11":100.03125,
  "12":100.03125,
  "13":522.2436523438,
  "14":100.03125,
  "15":484.03125,
  "16":484.03125,
  "17":103.5916748047
 },
 "round":{
  "0":4,
  "1":4,
  "2":5,
  "3":5,
  "4":6,
  "5":6,
  "6":7,
  "7":8,
  "8":9,
  "9":9,
  "10":11,
  "11":14,
  "12":14,
  "13":17,
  "14":18,
  "15":21,
  "16":21,
  "17":23
 }
}