{
 "tick":{
  "0":25145,
  "1":34870,
  "2":39780,
  "3":47093,
  "4":56069,
  "5":78850,
  "6":92064,
  "7":94688,
  "8":149478,
  "9":169756,
  "10":172380
 },
 "event":{
  "0":"planted",
  "1":"planted",
  "2":"planted",
  "3":"planted",
  "4":"planted",
  "5":"planted",
  "6":"planted",
  "7":"exploded",
  "8":"planted",
  "9":"planted",
  "10":"exploded"
 },
 "site":{
  "0":"BombsiteA",
  "1":"BombsiteB",
  "2":"BombsiteA",
  "3":"BombsiteB",
  "4":"BombsiteB",
  "5":"BombsiteA",
  "6":"BombsiteB",
  "7":"BombsiteB",
  "8":"BombsiteA",
  "9":"BombsiteA",
  "10":"BombsiteA"
 },
 "X":{
  "0":-351.6129760742,
  "1":-2359.0368652344,
  "2":-365.4505004883,
  "3":-2216.03125,
  "4":-2216.03125,
  "5":-347.03125,
  "6":-2216.02734375,
  "7":-2216.02734375,
  "8":-347.03125,
  "9":-355.9047241211,
  "10":-355.9047241211
 },
 "Y":{
  "0":-683.8348388672,
  "1":739.3988647461,
  "2":-702.4345703125,
  "3":882.5318603516,
  "4":875.5199584961,
  "5":-682.8167114258,
  "6":860.7592773438,
  "7":860.7592773438,
  "8":-682.8149414062,
  "9":-684.7873535156,
  "10":-684.7873535156
 },
 "Z":{
  "0":11774.2607421875,
  "1":11744.03125,
  "2":11776.03125,
  "3":11744.03125,
  "4":11744.03125,
  "5":11774.1337890625,
  "6":11744.03125,
  "7":11744.03125,
  "8":11774.1337890625,
  "9":11774.3798828125,
  "10":11774.3798828125
 },
 "round":{
  "0":1,
  "1":2,
  "2":3,
  "3":4,
  "4":5,
  "5":7,
  "6":9,
  "7":9,
  "8":13,
  "9":16,
  "10":16
 }
}