{
 "tick":{
  "0":27166,
  "1":29790,
  "2":38260,
  "3":40884,
  "4":53896,
  "5":56520,
  "6":73310,
  "7":75934,
  "8":81981,
  "9":84605,
  "10":91726,
  "11":100499,
  "12":114589,
  "13":145669,
  "14":148293,
  "15":165424,
  "16":167204
 },
 "event":{
  "0":"planted",
  "1":"exploded",
  "2":"planted",
  "3":"exploded",
  "4":"planted",
  "5":"exploded",
  "6":"planted",
  "7":"exploded",
  "8":"planted",
  "9":"exploded",
  "10":"planted",
  "11":"planted",
  "12":"planted",
  "13":"planted",
  "14":"exploded",
  "15":"planted",
  "16":"defused"
 },
 "site":{
  "0":"BombsiteB",
  "1":"BombsiteB",
  "2":"BombsiteA",
  "3":"BombsiteA",
  "4":"BombsiteB",
  "5":"BombsiteB",
  "6":"BombsiteB",
  "7":"BombsiteB",
  "8":"BombsiteA",
  "9":"BombsiteA",
  "10":"BombsiteB",
  "11":"BombsiteA",
  "12":"BombsiteB",
  "13":"BombsiteA",
  "14":"BombsiteA",
  "15":"BombsiteA",
  "16":"BombsiteA"
 },
 "X":{
  "0":-1247.1916503906,
  "1":-1247.1916503906,
  "2":-2531.470703125,
  "3":-2531.470703125,
  "4":-1166.2580566406,
  "5":-1166.2580566406,
  "6":-1166.4489746094,
  "7":-1166.4489746094,
  "8":-2558.0498046875,
  "9":-2558.0498046875,
  "10":-1166.294921875,
  "11":-2548.6223144531,
  "12":-1166.2448730469,
  "13":-2516.2231445312,
  "14":-2516.2231445312,
  "15":-2569.6767578125,
  "16":-2509.7319335938
 },
 "Y":{
  "0":112.8546905518,
  "1":112.8546905518,
  "2":792.9105834961,
  "3":792.9105834961,
  "4":-75.3736572266,
  "5":-75.3736572266,
  "6":-83.6766357422,
  "7":-83.6766357422,
  "8":643.8983154297,
  "9":643.8983154297,
  "10":-76.748840332,
  "11":645.3616943359,
  "12":-84.3082275391,
  "13":656.5885620117,
  "14":656.5885620117,
  "15":612.6231689453,
  "16":614.162902832
 },
 "Z":{
  "0":104.3560028076,
  "1":104.3560028076,
  "2":476.53125,
  "3":476.53125,
  "4":103.7121505737,
  "5":103.7121505737,
  "6":104.8403015137,
  "7":104.8403015137,
  "8":484.0312194824,
  "9":484.0312194824,
  "10":103.9299926758,
  "11":484.03125,
  "12":103.6342468262,
  "13":484.0312194824,
  "14":484.0312194824,
  "15":484.03125,
  "16":484.03125
 },
 "round":{
  "0":0,
  "1":0,
  "2":1,
  "3":1,
  "4":3,
  "5":3,
  "6":6,
  "7":6,
  "8":7,
  "9":7,
  "10":8,
  "11":9,
  "12":11,
  "13":14,
  "14":14,
  "15":16,
  "16":16
 }
}