{
 "tick":{
  "0":58863,
  "1":73100,
  "2":75724,
  "3":134136,
  "4":141789,
  "5":166923,
  "6":168185,
  "7":173413,
  "8":175522,
  "9":183794,
  "10":185461,
  "11":190695,
  "12":219975,
  "13":222599,
  "14":226123,
  "15":228747,
  "16":243320,
  "17":249857,
  "18":254654
 },
 "event":{
  "0":"planted",
  "1":"planted",
  "2":"exploded",
  "3":"planted",
  "4":"planted",
  "5":"planted",
  "6":"defused",
  "7":"planted",
  "8":"defused",
  "9":"planted",
  "10":"defused",
  "11":"planted",
  "12":"planted",
  "13":"exploded",
  "14":"planted",
  "15":"exploded",
  "16":"planted",
  "17":"planted",
  "18":"planted"
 },
 "site":{
  "0":"BombsiteA",
  "1":"BombsiteB",
  "2":"BombsiteB",
  "3":"BombsiteB",
  "4":"BombsiteA",
  "5":"BombsiteB",
  "6":"BombsiteB",
  "7":"BombsiteA",
  "8":"BombsiteA",
  "9":"BombsiteA",
  "10":"BombsiteA",
  "11":"BombsiteB",
  "12":"BombsiteA",
  "13":"BombsiteA",
  "14":"BombsiteA",
  "15":"BombsiteA",
  "16":"BombsiteB",
  "17":"BombsiteB",
  "18":"BombsiteA"
 },
 "X":{
  "0":-1556.0491943359,
  "1":1108.146484375,
  "2":1108.146484375,
  "3":825.8544311523,
  "4":-1567.2414550781,
  "5":813.3139038086,
  "6":868.9942016602,
  "7":-1253.3195800781,
  "8":-1201.0522460938,
  "9":-1231.7086181641,
  "10":-1275.7121582031,
  "11":1085.8720703125,
  "12":-1280.03125,
  "13":-1280.03125,
  "14":-1229.4046630859,
  "15":-1229.4046630859,
  "16":869.03125,
  "17":806.2908935547,
  "18":-1557.3690185547
 },
 "Y":{
  "0":709.3518066406,
  "1":29.1108493805,
  "2":29.1108493805,
  "3":4.9723215103,
  "4":727.9412841797,
  "5":4.9687509537,
  "6":1.5282639265,
  "7":729.96875,
  "8":701.7358398438,
  "9":720.7129516602,
  "10":679.8423461914,
  "11":5.6804409027,
  "12":793.96875,
  "13":793.96875,
  "14":729.8803100586,
  "15":729.8803100586,
  "16":75.2239837646,
  "17":4.9696540833,
  "18":708.1854858398
 },
 "Z":{
  "0":56.03125,
  "1":134.03125,
  "2":134.03125,
  "3":130.9011230469,
  "4":56.03125,
  "5":130.9011230469,
  "6":130.9011230469,
  "7":56.03125,
  "8":56.03125,
  "9":56.03125,
  "10":56.4211540222,
  "11":134.03125,
  "12":54.03125,
  "13":54.03125,
  "14":56.03125,
  "15":56.03125,
  "16":130.9011077881,
  "17":130.9011230469,
  "18":56.03125
 },
 "round":{
  "0":1,
  "1":2,
  "2":2,
  "3":4,
  "4":5,
  "5":9,
  "6":9,
  "7":10,
  "8":10,
  "9":11,
  "10":11,
  "11":12,
  "12":14,
  "13":14,
  "14":15,
  "15":15,
  "16":18,
  "17":19,
  "18":20
 }
}