{"tick":{"0":16936,"1":32765,"2":44150,"3":55956,"4":76015,"5":77226,"6":110322,"7":153056,"8":161318,"9":163942,"10":171158},"event":{"0":"planted","1":"planted","2":"planted","3":"planted","4":"planted","5":"defused","6":"planted","7":"planted","8":"planted","9":"exploded","10":"planted"},"site":{"0":"BombsiteB","1":"BombsiteA","2":"BombsiteA","3":"BombsiteA","4":"BombsiteB","5":"Water","6":"BombsiteA","7":"BombsiteB","8":"BombsiteB","9":"BombsiteB","10":"BombsiteA"},"X":{"0":-1050.8862304688,"1":-2573.1904296875,"2":-2228.3928222656,"3":-2484.5307617188,"4":-1166.2814941406,"5":-1153.3427734375,"6":-2022.3936767578,"7":-1163.2980957031,"8":-1166.2580566406,"9":-1166.2580566406,"10":-2587.5634765625},"Y":{"0":83.3180236816,"1":640.4677734375,"2":532.8824462891,"3":574.9426269531,"4":-92.2872924805,"5":-33.8080444336,"6":573.787902832,"7":-69.4595336914,"8":-90.6192016602,"9":-90.6192016602,"10":639.2239379883},"Z":{"0":103.53125,"1":484.03125,"2":484.03125,"3":484.0312805176,"4":103.8506469727,"5":103.53125,"6":476.03125,"7":103.5312423706,"8":103.7121582031,"9":103.7121582031,"10":484.0312805176},"round":{"0":1,"1":3,"2":4,"3":5,"4":8,"5":8,"6":13,"7":20,"8":21,"9":21,"10":22}}