{"tick":{"0":18320,"1":20433,"2":30468,"3":36785,"4":54996,"5":57620,"6":73583,"7":74781,"8":86933,"9":88842,"10":95498,"11":126563,"12":129187,"13":137223,"14":143815,"15":172241,"16":174865,"17":189134,"18":201284},"event":{"0":"planted","1":"defused","2":"planted","3":"planted","4":"planted","5":"exploded","6":"planted","7":"defused","8":"planted","9":"defused","10":"planted","11":"planted","12":"exploded","13":"planted","14":"planted","15":"planted","16":"exploded","17":"planted","18":"planted"},"site":{"0":"BombsiteB","1":"BombsiteB","2":"BombsiteA","3":"BombsiteB","4":"BombsiteB","5":"BombsiteB","6":"BombsiteB","7":"BombsiteB","8":"BombsiteA","9":"BombsiteA","10":"BombsiteB","11":"BombsiteB","12":"BombsiteB","13":"BombsiteA","14":"BombsiteA","15":"BombsiteB","16":"BombsiteB","17":"BombsiteA","18":"BombsiteA"},"X":{"0":-1158.5899658203,"1":-1146.9400634766,"2":-2522.4130859375,"3":-968.1170043945,"4":-1166.2857666016,"5":-1166.2857666016,"6":-1166.2728271484,"7":-1132.7338867188,"8":-2428.2399902344,"9":-2398.45703125,"10":-1166.2827148438,"11":-1143.2214355469,"12":-1143.2214355469,"13":-2475.419921875,"14":-2583.8283691406,"15":-1251.96875,"16":-1251.96875,"17":-2570.9099121094,"18":-2572.0021972656},"Y":{"0":-79.7489624023,"1":-53.8977050781,"2":797.3399658203,"3":-33.5333862305,"4":-69.2838745117,"5":-69.2838745117,"6":-85.4451904297,"7":-34.8446044922,"8":677.2934570312,"9":632.4060058594,"10":-74.9904174805,"11":101.9134216309,"12":101.9134216309,"13":547.4520263672,"14":639.8146972656,"15":14.8553924561,"16":14.8553924561,"17":641.8673095703,"18":641.696105957},"Z":{"0":103.53125,"1":103.53125,"2":476.5312194824,"3":100.03125,"4":103.8758850098,"5":103.8758850098,"6":103.7994308472,"7":103.53125,"8":478.9197387695,"9":484.03125,"10":103.8578643799,"11":103.5312576294,"12":103.5312576294,"13":484.03125,"14":484.03125,"15":103.53125,"16":103.53125,"17":484.03125,"18":484.03125},"round":{"0":1,"1":1,"2":2,"3":3,"4":6,"5":6,"6":8,"7":8,"8":10,"9":10,"10":11,"11":13,"12":13,"13":14,"14":15,"15":19,"16":19,"17":21,"18":22}}