{
 "tick":{
  "0":27633,
  "1":30257,
  "2":44444,
  "3":47068,
  "4":51089,
  "5":53713,
  "6":63238,
  "7":69353,
  "8":71977,
  "9":78811,
  "10":81435,
  "11":91904,
  "12":93303,
  "13":107516,
  "14":132638,
  "15":135262,
  "16":149644,
  "17":150205
 },
 "event":{
  "0":"planted",
  "1":"exploded",
  "2":"planted",
  "3":"exploded",
  "4":"planted",
  "5":"exploded",
  "6":"planted",
  "7":"planted",
  "8":"exploded",
  "9":"planted",
  "10":"exploded",
  "11":"planted",
  "12":"defused",
  "13":"planted",
  "14":"planted",
  "15":"exploded",
  "16":"planted",
  "17":"defused"
 },
 "site":{
  "0":"BombsiteA",
  "1":"BombsiteA",
  "2":"BombsiteB",
  "3":"BombsiteB",
  "4":"BombsiteB",
  "5":"BombsiteB",
  "6":"BombsiteB",
  "7":"BombsiteA",
  "8":"BombsiteA",
  "9":"BombsiteB",
  "10":"BombsiteB",
  "11":"BombsiteA",
  "12":"BombsiteA",
  "13":"BombsiteB",
  "14":"BombsiteB",
  "15":"BombsiteB",
  "16":"BombsiteA",
  "17":"BombsiteA"
 },
 "X":{
  "0":-1224.0438232422,
  "1":-1224.0438232422,
  "2":869.0276489258,
  "3":869.0276489258,
  "4":869.03125,
  "5":869.03125,
  "6":869.03125,
  "7":-1561.2249755859,
  "8":-1561.2249755859,
  "9":778.2709960938,
  "10":778.2709960938,
  "11":-1302.2783203125,
  "12":-1363.6892089844,
  "13":869.03125,
  "14":869.0274047852,
  "15":869.0274047852,
  "16":-1225.6013183594,
  "17":-1263.4837646484
 },
 "Y":{
  "0":893.0298461914,
  "1":893.0298461914,
  "2":82.96875,
  "3":82.96875,
  "4":82.96875,
  "5":82.96875,
  "6":58.2196769714,
  "7":716.3681640625,
  "8":716.3681640625,
  "9":4.9693341255,
  "10":4.9693341255,
  "11":726.4749145508,
  "12":734.0731811523,
  "13":70.0753097534,
  "14":82.96875,
  "15":82.96875,
  "16":893.03125,
  "17":900.1380615234
 },
 "Z":{
  "0":62.03125,
  "1":62.03125,
  "2":130.9011077881,
  "3":130.9011077881,
  "4":130.9011077881,
  "5":130.9011077881,
  "6":130.9011077881,
  "7":56.03125,
  "8":56.03125,
  "9":130.9011230469,
  "10":130.9011230469,
  "11":56.03125,
  "12":54.0312461853,
  "13":130.9011077881,
  "14":130.9011077881,
  "15":130.9011077881,
  "16":62.03125,
  "17":62.03125
 },
 "round":{
  "0":0,
  "1":0,
  "2":3,
  "3":3,
  "4":4,
  "5":4,
  "6":5,
  "7":6,
  "8":6,
  "9":7,
  "10":7,
  "11":8,
  "12":8,
  "13":11,
  "14":14,
  "15":14,
  "16":16,
  "17":16
 }
}