{"tick":{"0":23402,"1":25280,"2":33663,"3":35605,"4":40654,"5":47436,"6":54611,"7":56301,"8":68346,"9":70461,"10":80834,"11":82365,"12":89648,"13":91359,"14":97006,"15":128827,"16":130074,"17":146769,"18":149393,"19":158082},"event":{"0":"planted","1":"defused","2":"planted","3":"defused","4":"planted","5":"planted","6":"planted","7":"defused","8":"planted","9":"defused","10":"planted","11":"defused","12":"planted","13":"defused","14":"planted","15":"planted","16":"defused","17":"planted","18":"exploded","19":"planted"},"site":{"0":"BombsiteA","1":"BombsiteA","2":"BombsiteB","3":"BombsiteB","4":"BombsiteB","5":"BombsiteA","6":"BombsiteB","7":"BombsiteB","8":"BombsiteB","9":"BombsiteB","10":"BombsiteB","11":"BombsiteB","12":"BombsiteB","13":"BombsiteB","14":"BombsiteA","15":"BombsiteB","16":"BombsiteB","17":"BombsiteB","18":"BombsiteB","19":"BombsiteB"},"X":{"0":1078.8177490234,"1":1122.736328125,"2":-1136.0311279297,"3":-1158.2156982422,"4":-1039.7915039062,"5":1256.5904541016,"6":-986.0814208984,"7":-933.2320556641,"8":-1061.8076171875,"9":-1003.3439331055,"10":-1036.0721435547,"11":-1090.6146240234,"12":-1021.2901000977,"13":-1079.1501464844,"14":1278.2979736328,"15":-1018.4968261719,"16":-966.548828125,"17":-1046.6849365234,"18":-1046.6849365234,"19":-1042.6665039062},"Y":{"0":1943.3492431641,"1":1985.4141845703,"2":684.7834472656,"3":627.8290405273,"4":599.96875,"5":1819.83203125,"6":801.064453125,"7":771.9704589844,"8":599.9690551758,"9":589.2284545898,"10":599.9691772461,"11":571.4220581055,"12":776.028503418,"13":786.8961181641,"14":1875.7822265625,"15":599.96875,"16":572.530456543,"17":599.96875,"18":599.96875,"19":599.9708862305},"Z":{"0":-191.96875,"1":-191.96875,"2":-1.96875,"3":-3.96875,"4":-1.96875,"5":-191.96875,"6":-2.4702148438,"7":4.052216053,"8":-1.96875,"9":-3.96875,"10":-1.96875,"11":-3.96875,"12":-1.96875,"13":-3.96875,"14":-178.8374023438,"15":-1.96875,"16":-3.96875,"17":-1.96875,"18":-1.96875,"19":-1.96875},"round":{"0":3,"1":3,"2":4,"3":4,"4":5,"5":6,"6":7,"7":7,"8":9,"9":9,"10":11,"11":11,"12":12,"13":12,"14":13,"15":18,"16":18,"17":20,"18":20,"19":21}}