{"tick":{"0":16138,"1":23697,"2":33174,"3":35798,"4":40309,"5":47454,"6":54529,"7":58727,"8":61351,"9":71524,"10":84951,"11":86910,"12":94040,"13":102831,"14":107576,"15":111982,"16":114606,"17":128935,"18":135655,"19":142257,"20":148994,"21":154006,"22":156630},"event":{"0":"planted","1":"planted","2":"planted","3":"exploded","4":"planted","5":"planted","6":"planted","7":"planted","8":"exploded","9":"planted","10":"planted","11":"defused","12":"planted","13":"planted","14":"planted","15":"planted","16":"exploded","17":"planted","18":"planted","19":"planted","20":"planted","21":"planted","22":"exploded"},"site":{"0":"BombsiteB","1":"BombsiteB","2":"BombsiteB","3":"BombsiteB","4":"BombsiteB","5":"BombsiteA","6":"BombsiteA","7":"BombsiteA","8":"BombsiteA","9":"BombsiteB","10":"BombsiteB","11":"BombsiteB","12":"BombsiteA","13":"BombsiteA","14":"BombsiteB","15":"BombsiteB","16":"BombsiteB","17":"BombsiteB","18":"BombsiteA","19":"BombsiteA","20":"BombsiteB","21":"BombsiteB","22":"BombsiteB"},"X":{"0":792.5426635742,"1":808.9635009766,"2":869.03125,"3":869.03125,"4":1014.2957763672,"5":-1279.7467041016,"6":-1470.7156982422,"7":-1202.6427001953,"8":-1202.6427001953,"9":727.0797729492,"10":869.03125,"11":876.8880615234,"12":-1380.5992431641,"13":-1261.3251953125,"14":869.03125,"15":787.8630371094,"16":787.8630371094,"17":1082.0041503906,"18":-1582.7198486328,"19":-1220.5703125,"20":869.03125,"21":779.3262329102,"22":779.3262329102},"Y":{"0":4.9687490463,"1":4.96875,"2":82.96875,"3":82.96875,"4":201.2095947266,"5":729.96875,"6":794.1329956055,"7":729.96875,"8":729.96875,"9":201.6613006592,"10":64.7570953369,"11":49.6382484436,"12":704.2887573242,"13":729.96875,"14":82.96875,"15":4.96875,"16":4.96875,"17":-14.5244750977,"18":948.83203125,"19":894.3637695312,"20":82.96875,"21":4.9687504768,"22":4.9687504768},"Z":{"0":130.9011230469,"1":130.9011230469,"2":130.9011077881,"3":130.9011077881,"4":134.03125,"5":56.03125,"6":54.0312461853,"7":56.03125,"8":56.03125,"9":134.03125,"10":130.9011077881,"11":130.9011077881,"12":56.03125,"13":56.03125,"14":130.9011077881,"15":130.9011230469,"16":130.9011230469,"17":134.03125,"18":56.03125,"19":62.03125,"20":130.9011077881,"21":130.9011230469,"22":130.9011230469},"round":{"0":2,"1":3,"2":4,"3":4,"4":5,"5":6,"6":7,"7":8,"8":8,"9":9,"10":11,"11":11,"12":12,"13":13,"14":14,"15":15,"16":15,"17":17,"18":18,"19":19,"20":20,"21":21,"22":21}}