{
 "tick":{
  "0":9856,
  "1":14451,
  "2":23170,
  "3":25794,
  "4":39371,
  "5":41995,
  "6":56718,
  "7":63836,
  "8":66460,
  "9":74159,
  "10":76783,
  "11":103965,
  "12":106589,
  "13":134414,
  "14":141652,
  "15":143110
 },
 "event":{
  "0":"planted",
  "1":"planted",
  "2":"planted",
  "3":"exploded",
  "4":"planted",
  "5":"exploded",
  "6":"planted",
  "7":"planted",
  "8":"exploded",
  "9":"planted",
  "10":"exploded",
  "11":"planted",
  "12":"exploded",
  "13":"planted",
  "14":"planted",
  "15":"defused"
 },
 "site":{
  "0":"BombsiteA",
  "1":"BombsiteB",
  "2":"BombsiteA",
  "3":"BombsiteA",
  "4":"BombsiteA",
  "5":"BombsiteA",
  "6":"BombsiteA",
  "7":"BombsiteB",
  "8":"BombsiteB",
  "9":"BombsiteB",
  "10":"BombsiteB",
  "11":"BombsiteB",
  "12":"BombsiteB",
  "13":"BombsiteA",
  "14":"BombsiteA",
  "15":"BombsiteA"
 },
 "X":{
  "0":-2557.9919433594,
  "1":-1092.505859375,
  "2":-2549.7736816406,
  "3":-2549.7736816406,
  "4":-2560.923828125,
  "5":-2560.923828125,
  "6":-2424.8806152344,
  "7":-1166.2886962891,
  "8":-1166.2886962891,
  "9":-1166.3165283203,
  "10":-1166.3165283203,
  "11":-1166.2764892578,
  "12":-1166.2764892578,
  "13":-2133.9458007812,
  "14":-2534.5949707031,
  "15":-2589.8774414062
 },
 "Y":{
  "0":643.9081420898,
  "1":-77.5551757812,
  "2":645.1846923828,
  "3":645.1846923828,
  "4":640.1533813477,
  "5":640.1533813477,
  "6":548.4298095703,
  "7":-66.6409912109,
  "8":-66.6409912109,
  "9":-86.16796875,
  "10":-86.16796875,
  "11":-98.977722168,
  "12":-98.977722168,
  "13":577.8904418945,
  "14":647.5455322266,
  "15":621.9326782227
 },
 "Z":{
  "0":484.03125,
  "1":103.53125,
  "2":484.03125,
  "3":484.03125,
  "4":484.03125,
  "5":484.03125,
  "6":484.03125,
  "7":103.8932037354,
  "8":103.8932037354,
  "9":104.0576553345,
  "10":104.0576553345,
  "11":103.8210754395,
  "12":103.8210754395,
  "13":522.2378540039,
  "14":484.03125,
  "15":484.03125
 },
 "round":{
  "0":1,
  "1":2,
  "2":3,
  "3":3,
  "4":5,
  "5":5,
  "6":7,
  "7":8,
  "8":8,
  "9":9,
  "10":9,
  "11":13,
  "12":13,
  "13":18,
  "14":19,
  "15":19
 }
}