{"tick":{"0":8581,"1":11080,"2":28153,"3":30777,"4":34507,"5":36568,"6":44367,"7":51169,"8":58454,"9":66883,"10":74241,"11":76865,"12":91406,"13":93018,"14":97889,"15":100513,"16":107632,"17":115298,"18":117922,"19":158317,"20":160038},"event":{"0":"planted","1":"defused","2":"planted","3":"exploded","4":"planted","5":"defused","6":"planted","7":"planted","8":"planted","9":"planted","10":"planted","11":"exploded","12":"planted","13":"defused","14":"planted","15":"exploded","16":"planted","17":"planted","18":"exploded","19":"planted","20":"defused"},"site":{"0":"BombsiteA","1":"BombsiteA","2":"BombsiteA","3":"BombsiteA","4":"BombsiteA","5":"BombsiteA","6":"BombsiteB","7":"BombsiteA","8":"BombsiteB","9":"BombsiteA","10":"BombsiteA","11":"BombsiteA","12":"BombsiteA","13":"BombsiteA","14":"BombsiteA","15":"BombsiteA","16":"BombsiteA","17":"BombsiteB","18":"BombsiteB","19":"BombsiteA","20":"BombsiteA"},"X":{"0":-482.4652099609,"1":-445.9672851562,"2":-537.8778686523,"3":-537.8778686523,"4":-463.5318603516,"5":-447.9549560547,"6":-1969.03125,"7":-438.8737792969,"8":-2045.0249023438,"9":-549.4201049805,"10":-497.9521484375,"11":-497.9521484375,"12":-459.8894042969,"13":-432.8259277344,"14":-481.1038208008,"15":-481.1038208008,"16":-493.2635498047,"17":-1924.1632080078,"18":-1924.1632080078,"19":-612.20703125,"20":-622.0931396484},"Y":{"0":-2004.6077880859,"1":-2004.3416748047,"2":-1973.1163330078,"3":-1973.1163330078,"4":-1998.4094238281,"5":-2057.0068359375,"6":450.03125,"7":-2126.5439453125,"8":64.0909881592,"9":-1975.0422363281,"10":-1994.7794189453,"11":-1994.7794189453,"12":-1985.7178955078,"13":-2038.9350585938,"14":-1984.0316162109,"15":-1984.0316162109,"16":-1985.5057373047,"17":242.03125,"18":242.03125,"19":-2170.65625,"20":-2231.5446777344},"Z":{"0":-179.96875,"1":-179.96875,"2":-179.96875,"3":-179.96875,"4":-179.96875,"5":-179.96875,"6":-159.96875,"7":-179.96875,"8":-159.96875,"9":-179.96875,"10":-179.96875,"11":-179.96875,"12":-179.96875,"13":-179.96875,"14":-179.96875,"15":-179.96875,"16":-179.96875,"17":-159.96875,"18":-159.96875,"19":-179.96875,"20":-179.96875},"round":{"0":1,"1":1,"2":4,"3":4,"4":5,"5":5,"6":6,"7":7,"8":8,"9":9,"10":10,"11":10,"12":13,"13":13,"14":14,"15":14,"16":15,"17":16,"18":16,"19":21,"20":21}}