{"tick":{"0":10646,"1":12123,"2":17209,"3":19833,"4":49785,"5":52409,"6":60309,"7":66466,"8":77439,"9":80063,"10":118556,"11":127930,"12":130554,"13":137585,"14":140209,"15":148243,"16":150867,"17":182176,"18":184520,"19":194414},"event":{"0":"planted","1":"defused","2":"planted","3":"exploded","4":"planted","5":"exploded","6":"planted","7":"planted","8":"planted","9":"exploded","10":"planted","11":"planted","12":"exploded","13":"planted","14":"exploded","15":"planted","16":"exploded","17":"planted","18":"defused","19":"planted"},"site":{"0":"BombsiteA","1":"BombsiteA","2":"BombsiteA","3":"BombsiteA","4":"BombsiteB","5":"BombsiteB","6":"BombsiteB","7":"BombsiteB","8":"BombsiteA","9":"BombsiteA","10":"BombsiteA","11":"BombsiteB","12":"BombsiteB","13":"BombsiteA","14":"BombsiteA","15":"BombsiteA","16":"BombsiteA","17":"BombsiteA","18":"BombsiteA","19":"BombsiteA"},"X":{"0":-2144.4948730469,"1":-2138.4396972656,"2":-2594.0397949219,"3":-2594.0397949219,"4":-972.2331542969,"5":-972.2331542969,"6":-1251.96875,"7":-1166.2432861328,"8":-2524.7912597656,"9":-2524.7912597656,"10":-2540.8664550781,"11":-1166.2181396484,"12":-1166.2181396484,"13":-2573.7138671875,"14":-2573.7138671875,"15":-2580.8869628906,"16":-2580.8869628906,"17":-2121.1708984375,"18":-2149.6870117188,"19":-2135.0397949219},"Y":{"0":481.5269775391,"1":470.7121582031,"2":638.1895751953,"3":638.1895751953,"4":158.0497589111,"5":158.0497589111,"6":5.0312509537,"7":-71.7658691406,"8":649.0678710938,"9":649.0678710938,"10":646.5678100586,"11":-91.8991088867,"12":-91.8991088867,"13":641.4231567383,"14":641.4231567383,"15":640.2830200195,"16":640.2830200195,"17":578.138671875,"18":564.6676635742,"19":577.3448486328},"Z":{"0":484.03125,"1":484.03125,"2":484.0312194824,"3":484.0312194824,"4":100.03125,"5":100.03125,"6":103.53125,"7":103.6248855591,"8":484.0312194824,"9":484.0312194824,"10":484.0312805176,"11":103.5312423706,"12":103.5312423706,"13":484.0312194824,"14":484.0312194824,"15":484.03125,"16":484.03125,"17":522.6410522461,"18":522.4241333008,"19":522.2366333008},"round":{"0":1,"1":1,"2":2,"3":2,"4":6,"5":6,"6":7,"7":8,"8":9,"9":9,"10":13,"11":14,"12":14,"13":15,"14":15,"15":16,"16":16,"17":19,"18":19,"19":20}}