{"tick":{"0":29024,"1":31648,"2":35704,"3":38029,"4":46989,"5":71279,"6":73295,"7":80507,"8":86866,"9":99549,"10":102173},"event":{"0":"planted","1":"exploded","2":"planted","3":"defused","4":"planted","5":"planted","6":"defused","7":"planted","8":"planted","9":"planted","10":"exploded"},"site":{"0":"BombsiteB","1":"BombsiteB","2":"BombsiteA","3":"BombsiteA","4":"BombsiteB","5":"BombsiteA","6":"BombsiteA","7":"BombsiteB","8":"BombsiteA","9":"BombsiteB","10":"BombsiteB"},"X":{"0":-1894.9969482422,"1":-1894.9969482422,"2":-334.3462524414,"3":-371.059387207,"4":-1992.1029052734,"5":-496.8828735352,"6":-546.8226928711,"7":-1987.03125,"8":-611.873046875,"9":-1992.8352050781,"10":-1992.8352050781},"Y":{"0":242.03125,"1":242.03125,"2":-2039.6859130859,"3":-2025.5021972656,"4":417.5636291504,"5":-1999.46875,"6":-1964.0021972656,"7":423.9255981445,"8":-1977.9000244141,"9":411.0136413574,"10":411.0136413574},"Z":{"0":-159.96875,"1":-159.96875,"2":-175.8965454102,"3":-178.5295410156,"4":-159.96875,"5":-179.96875,"6":-179.96875,"7":-159.96875,"8":-179.96875,"9":-159.96875,"10":-159.96875},"round":{"0":5,"1":5,"2":6,"3":6,"4":7,"5":12,"6":12,"7":13,"8":14,"9":16,"10":16}}