{
 "tick":{
  "0":7094,
  "1":9364,
  "2":38324,
  "3":126656,
  "4":129280,
  "5":139303,
  "6":144317,
  "7":146941,
  "8":160198,
  "9":166988,
  "10":175567,
  "11":195713,
  "12":237456
 },
 "event":{
  "0":"planted",
  "1":"defused",
  "2":"planted",
  "3":"planted",
  "4":"exploded",
  "5":"planted",
  "6":"planted",
  "7":"exploded",
  "8":"planted",
  "9":"planted",
  "10":"planted",
  "11":"planted",
  "12":"planted"
 },
 "site":{
  "0":"BombsiteA",
  "1":"BombsiteA",
  "2":"BombsiteB",
  "3":"BombsiteB",
  "4":"BombsiteB",
  "5":"BombsiteB",
  "6":"BombsiteB",
  "7":"BombsiteB",
  "8":"BombsiteB",
  "9":"BombsiteA",
  "10":"BombsiteA",
  "11":"BombsiteB",
  "12":"BombsiteA"
 },
 "X":{
  "0":1273.3486328125,
  "1":1304.8525390625,
  "2":-1136.03125,
  "3":-1136.03125,
  "4":-1136.03125,
  "5":-1194.2719726562,
  "6":-1048.5780029297,
  "7":-1048.5780029297,
  "8":-1062.4959716797,
  "9":1022.6510009766,
  "10":1094.8203125,
  "11":-1029.2819824219,
  "12":1311.7008056641
 },
 "Y":{
  "0":1963.7739257812,
  "1":1913.8059082031,
  "2":678.2890625,
  "3":699.96875,
  "4":699.96875,
  "5":870.1556396484,
  "6":599.9701538086,
  "7":599.9701538086,
  "8":599.96875,
  "9":1766.1009521484,
  "10":1954.7528076172,
  "11":599.96875,
  "12":1894.5209960938
 },
 "Z":{
  "0":-191.96875,
  "1":-191.96875,
  "2":-1.96875,
  "3":-1.96875,
  "4":-1.96875,
  "5":0.0312509537,
  "6":-1.96875,
  "7":-1.96875,
  "8":-1.96875,
  "9":-191.96875,
  "10":-191.96875,
  "11":-1.96875,
  "12":-191.96875
 },
 "round":{
  "0":1,
  "1":1,
  "2":6,
  "3":7,
  "4":7,
  "5":9,
  "6":10,
  "7":10,
  "8":12,
  "9":13,
  "10":15,
  "11":18,
  "12":21
 }
}