{
 "tick":{
  "0":7389,
  "1":10013,
  "2":16419,
  "3":19043,
  "4":23969,
  "5":26593,
  "6":32644,
  "7":38767,
  "8":40492,
  "9":62723,
  "10":69192,
  "11":78635,
  "12":83141,
  "13":85765,
  "14":107190
 },
 "event":{
  "0":"planted",
  "1":"exploded",
  "2":"planted",
  "3":"exploded",
  "4":"planted",
  "5":"exploded",
  "6":"planted",
  "7":"planted",
  "8":"defused",
  "9":"planted",
  "10":"planted",
  "11":"planted",
  "12":"planted",
  "13":"exploded",
  "14":"planted"
 },
 "site":{
  "0":"BombsiteA",
  "1":"BombsiteA",
  "2":"BombsiteB",
  "3":"BombsiteB",
  "4":"BombsiteB",
  "5":"BombsiteB",
  "6":"BombsiteB",
  "7":"BombsiteB",
  "8":"BombsiteB",
  "9":"BombsiteA",
  "10":"BombsiteA",
  "11":"BombsiteB",
  "12":"BombsiteA",
  "13":"BombsiteA",
  "14":"BombsiteA"
 },
 "X":{
  "0":-1568.9282226562,
  "1":-1568.9282226562,
  "2":869.03125,
  "3":869.03125,
  "4":797.9878540039,
  "5":797.9878540039,
  "6":997.6693115234,
  "7":1090.7543945312,
  "8":1053.3665771484,
  "9":-1205.0264892578,
  "10":-1280.03125,
  "11":794.6119384766,
  "12":-1530.39453125,
  "13":-1530.39453125,
  "14":-1248.8330078125
 },
 "Y":{
  "0":703.1721801758,
  "1":703.1721801758,
  "2":57.2267532349,
  "3":57.2267532349,
  "4":4.9720497131,
  "5":4.9720497131,
  "6":185.6415405273,
  "7":-2.1245727539,
  "8":44.626121521,
  "9":729.9694213867,
  "10":793.0227050781,
  "11":4.9687504768,
  "12":720.4515991211,
  "13":720.4515991211,
  "14":716.3620605469
 },
 "Z":{
  "0":56.03125,
  "1":56.03125,
  "2":130.9011077881,
  "3":130.9011077881,
  "4":130.9011230469,
  "5":130.9011230469,
  "6":134.03125,
  "7":134.03125,
  "8":130.9011077881,
  "9":56.03125,
  "10":54.03125,
  "11":130.9011230469,
  "12":56.03125,
  "13":56.03125,
  "14":56.03125
 },
 "round":{
  "0":1,
  "1":1,
  "2":2,
  "3":2,
  "4":3,
  "5":3,
  "6":4,
  "7":5,
  "8":5,
  "9":8,
  "10":9,
  "11":10,
  "12":11,
  "13":11,
  "14":13
 }
}