{
 "tick":{
  "0":4541,
  "1":7165,
  "2":15225,
  "3":17849,
  "4":33931,
  "5":36555,
  "6":42557,
  "7":45181,
  "8":53623,
  "9":56247,
  "10":61586,
  "11":69449,
  "12":71497,
  "13":79988,
  "14":90087,
  "15":100141,
  "16":108624,
  "17":123385,
  "18":125522
 },
 "event":{
  "0":"planted",
  "1":"exploded",
  "2":"planted",
  "3":"exploded",
  "4":"planted",
  "5":"exploded",
  "6":"planted",
  "7":"exploded",
  "8":"planted",
  "9":"exploded",
  "10":"planted",
  "11":"planted",
  "12":"defused",
  "13":"planted",
  "14":"planted",
  "15":"planted",
  "16":"planted",
  "17":"planted",
  "18":"defused"
 },
 "site":{
  "0":"BombsiteB",
  "1":"BombsiteB",
  "2":"BombsiteA",
  "3":"BombsiteA",
  "4":"BombsiteA",
  "5":"BombsiteA",
  "6":"BombsiteA",
  "7":"BombsiteA",
  "8":"BombsiteA",
  "9":"BombsiteA",
  "10":"BombsiteA",
  "11":"BombsiteB",
  "12":"BombsiteB",
  "13":"BombsiteB",
  "14":"BombsiteA",
  "15":"BombsiteA",
  "16":"BombsiteA",
  "17":"BombsiteB",
  "18":"BombsiteB"
 },
 "X":{
  "0":176.4672851562,
  "1":176.4672851562,
  "2":2013.96875,
  "3":2013.96875,
  "4":1949.03125,
  "5":1949.03125,
  "6":1966.03125,
  "7":1966.03125,
  "8":2068.6298828125,
  "9":2068.6298828125,
  "10":2069.5,
  "11":545.5107421875,
  "12":502.2138671875,
  "13":542.8917236328,
  "14":1963.2503662109,
  "15":2058.5495605469,
  "16":2068.0773925781,
  "17":540.1967773438,
  "18":487.1714172363
 },
 "Y":{
  "0":2775.03125,
  "1":2775.03125,
  "2":721.96875,
  "3":721.96875,
  "4":696.96875,
  "5":696.96875,
  "6":721.9723510742,
  "7":721.9723510742,
  "8":177.8959350586,
  "9":177.8959350586,
  "10":185.4032745361,
  "11":2934.1765136719,
  "12":2975.6018066406,
  "13":2979.5629882812,
  "14":696.96875,
  "15":168.3959960938,
  "16":173.4155273438,
  "17":2970.6279296875,
  "18":2994.6218261719
 },
 "Z":{
  "0":164.03125,
  "1":164.03125,
  "2":160.03125,
  "3":160.03125,
  "4":160.03125,
  "5":160.03125,
  "6":160.03125,
  "7":160.03125,
  "8":160.03125,
  "9":160.03125,
  "10":160.03125,
  "11":161.5312347412,
  "12":161.5312347412,
  "13":161.5312347412,
  "14":160.03125,
  "15":160.03125,
  "16":160.03125,
  "17":161.5312347412,
  "18":161.53125
 },
 "round":{
  "0":1,
  "1":1,
  "2":2,
  "3":2,
  "4":4,
  "5":4,
  "6":5,
  "7":5,
  "8":6,
  "9":6,
  "10":7,
  "11":8,
  "12":8,
  "13":9,
  "14":10,
  "15":11,
  "16":12,
  "17":14,
  "18":14
 }
}