{
 "tick":{
  "0":5120,
  "1":7744,
  "2":11964,
  "3":14588,
  "4":22606,
  "5":25230,
  "6":34138,
  "7":36762,
  "8":46078,
  "9":48702,
  "10":55631,
  "11":58255,
  "12":65390,
  "13":76777,
  "14":85162,
  "15":87786,
  "16":94992,
  "17":112013,
  "18":118399,
  "19":121023
 },
 "event":{
  "0":"planted",
  "1":"exploded",
  "2":"planted",
  "3":"exploded",
  "4":"planted",
  "5":"exploded",
  "6":"planted",
  "7":"exploded",
  "8":"planted",
  "9":"exploded",
  "10":"planted",
  "11":"exploded",
  "12":"planted",
  "13":"planted",
  "14":"planted",
  "15":"exploded",
  "16":"planted",
  "17":"planted",
  "18":"planted",
  "19":"exploded"
 },
 "site":{
  "0":"BombsiteB",
  "1":"BombsiteB",
  "2":"BombsiteB",
  "3":"BombsiteB",
  "4":"BombsiteB",
  "5":"BombsiteB",
  "6":"BombsiteA",
  "7":"BombsiteA",
  "8":"BombsiteB",
  "9":"BombsiteB",
  "10":"BombsiteA",
  "11":"BombsiteA",
  "12":"BombsiteA",
  "13":"BombsiteA",
  "14":"BombsiteA",
  "15":"BombsiteA",
  "16":"BombsiteB",
  "17":"BombsiteB",
  "18":"BombsiteB",
  "19":"BombsiteB"
 },
 "X":{
  "0":-1166.2380371094,
  "1":-1166.2380371094,
  "2":-964.6487426758,
  "3":-964.6487426758,
  "4":-1251.96875,
  "5":-1251.96875,
  "6":-2500.9375,
  "7":-2500.9375,
  "8":-1166.2523193359,
  "9":-1166.2523193359,
  "10":-2470.484375,
  "11":-2470.484375,
  "12":-2153.5549316406,
  "13":-2512.6423339844,
  "14":-2459.9064941406,
  "15":-2459.9064941406,
  "16":-1166.2495117188,
  "17":-1164.9981689453,
  "18":-1166.2904052734,
  "19":-1166.2904052734
 },
 "Y":{
  "0":-80.2191162109,
  "1":-80.2191162109,
  "2":-78.994140625,
  "3":-78.994140625,
  "4":67.0538711548,
  "5":67.0538711548,
  "6":650.2728271484,
  "7":650.2728271484,
  "8":-76.404296875,
  "9":-76.404296875,
  "10":780.9611816406,
  "11":780.9611816406,
  "12":568.1664428711,
  "13":798.0410766602,
  "14":871.1920166016,
  "15":871.1920166016,
  "16":-91.6745605469,
  "17":-69.6019287109,
  "18":-97.0254516602,
  "19":-97.0254516602
 },
 "Z":{
  "0":103.5938491821,
  "1":103.5938491821,
  "2":100.03125,
  "3":100.03125,
  "4":103.53125,
  "5":103.53125,
  "6":484.03125,
  "7":484.03125,
  "8":103.678237915,
  "9":103.678237915,
  "10":476.5312805176,
  "11":476.5312805176,
  "12":522.0673828125,
  "13":476.53125,
  "14":476.0312194824,
  "15":476.0312194824,
  "16":103.6616592407,
  "17":103.53125,
  "18":103.9032974243,
  "19":103.9032974243
 },
 "round":{
  "0":1,
  "1":1,
  "2":2,
  "3":2,
  "4":3,
  "5":3,
  "6":4,
  "7":4,
  "8":5,
  "9":5,
  "10":6,
  "11":6,
  "12":7,
  "13":8,
  "14":9,
  "15":9,
  "16":10,
  "17":13,
  "18":14,
  "19":14
 }
}