{"tick":{"0":10541,"1":11953,"2":20573,"3":23197,"4":29674,"5":32298,"6":43330,"7":52570,"8":55194,"9":61087,"10":63711,"11":70691,"12":92122,"13":109310,"14":118574,"15":121198,"16":126461,"17":129085,"18":135716,"19":138340,"20":143664,"21":169966},"event":{"0":"planted","1":"defused","2":"planted","3":"exploded","4":"planted","5":"exploded","6":"planted","7":"planted","8":"exploded","9":"planted","10":"exploded","11":"planted","12":"planted","13":"planted","14":"planted","15":"exploded","16":"planted","17":"exploded","18":"planted","19":"exploded","20":"planted","21":"planted"},"site":{"0":"BombsiteA","1":"BombsiteA","2":"BombsiteB","3":"BombsiteB","4":"BombsiteA","5":"BombsiteA","6":"BombsiteA","7":"BombsiteA","8":"BombsiteA","9":"BombsiteB","10":"BombsiteB","11":"BombsiteB","12":"BombsiteA","13":"BombsiteB","14":"BombsiteA","15":"BombsiteA","16":"BombsiteA","17":"BombsiteA","18":"BombsiteA","19":"BombsiteA","20":"BombsiteA","21":"BombsiteA"},"X":{"0":-493.8240966797,"1":-480.6069946289,"2":-1973.8843994141,"3":-1973.8843994141,"4":-321.2200927734,"5":-321.2200927734,"6":-493.4165039062,"7":-253.9694213867,"8":-253.9694213867,"9":-2054.44921875,"10":-2054.44921875,"11":-2022.0432128906,"12":-253.9700927734,"13":-1896.7242431641,"14":-612.1079101562,"15":-612.1079101562,"16":-253.96875,"17":-253.96875,"18":-620.3465576172,"19":-620.3465576172,"20":-467.7631835938,"21":-266.4500732422},"Y":{"0":-2021.0743408203,"1":-2081.5095214844,"2":450.03125,"3":450.03125,"4":-2036.2066650391,"5":-2036.2066650391,"6":-2030.9149169922,"7":-2134.0747070312,"8":-2134.0747070312,"9":84.4025039673,"10":84.4025039673,"11":431.692199707,"12":-2134.0705566406,"13":242.0303192139,"14":-2319.1032714844,"15":-2319.1032714844,"16":-2134.0754394531,"17":-2134.0754394531,"18":-1986.1455078125,"19":-1986.1455078125,"20":-1983.3115234375,"21":-2154.3325195312},"Z":{"0":-179.96875,"1":-179.96875,"2":-159.96875,"3":-159.96875,"4":-174.5751342773,"5":-174.5751342773,"6":-179.96875,"7":-172.9469604492,"8":-172.9469604492,"9":-159.96875,"10":-159.96875,"11":-159.96875,"12":-172.9468383789,"13":-159.96875,"14":-174.1864013672,"15":-174.1864013672,"16":-172.9469604492,"17":-172.9469604492,"18":-179.96875,"19":-179.96875,"20":-179.96875,"21":-173.4701538086},"round":{"0":1,"1":1,"2":2,"3":2,"4":3,"5":3,"6":5,"7":7,"8":7,"9":8,"10":8,"11":9,"12":13,"13":16,"14":17,"15":17,"16":18,"17":18,"18":19,"19":19,"20":20,"21":23}}