{
 "tick":{
  "0":18213,
  "1":19001,
  "2":24035,
  "3":25279,
  "4":29797,
  "5":32421,
  "6":68727,
  "7":69688,
  "8":74739,
  "9":77363,
  "10":81299,
  "11":83158,
  "12":88621,
  "13":96581,
  "14":112612,
  "15":114202,
  "16":118258
 },
 "event":{
  "0":"planted",
  "1":"defused",
  "2":"planted",
  "3":"defused",
  "4":"planted",
  "5":"exploded",
  "6":"planted",
  "7":"defused",
  "8":"planted",
  "9":"exploded",
  "10":"planted",
  "11":"defused",
  "12":"planted",
  "13":"planted",
  "14":"planted",
  "15":"defused",
  "16":"planted"
 },
 "site":{
  "0":"BombsiteB",
  "1":"BombsiteB",
  "2":"BombsiteA",
  "3":"BombsiteA",
  "4":"BombsiteA",
  "5":"BombsiteA",
  "6":"BombsiteA",
  "7":"BombsiteA",
  "8":"BombsiteB",
  "9":"BombsiteB",
  "10":"BombsiteA",
  "11":"BombsiteA",
  "12":"BombsiteA",
  "13":"BombsiteB",
  "14":"BombsiteB",
  "15":"BombsiteB",
  "16":"BombsiteB"
 },
 "X":{
  "0":-1934.744140625,
  "1":-1875.8447265625,
  "2":-397.6611328125,
  "3":-412.2679443359,
  "4":-463.7576904297,
  "5":-463.7576904297,
  "6":-253.96875,
  "7":-252.1169433594,
  "8":-1969.03125,
  "9":-1969.03125,
  "10":-494.7813720703,
  "11":-479.6882324219,
  "12":-489.0199584961,
  "13":-1908.2281494141,
  "14":-1987.03125,
  "15":-2003.9556884766,
  "16":-1969.0361328125
 },
 "Y":{
  "0":242.0278015137,
  "1":252.3914337158,
  "2":-2055.8764648438,
  "3":-2114.6201171875,
  "4":-2020.3791503906,
  "5":-2020.3791503906,
  "6":-2134.0754394531,
  "7":-2164.4682617188,
  "8":450.03125,
  "9":450.03125,
  "10":-2010.8898925781,
  "11":-2067.67578125,
  "12":-2000.9565429688,
  "13":242.03125,
  "14":429.4407653809,
  "15":370.069152832,
  "16":450.0303955078
 },
 "Z":{
  "0":-159.96875,
  "1":-159.96875,
  "2":-179.96875,
  "3":-179.96875,
  "4":-179.96875,
  "5":-179.96875,
  "6":-172.9469604492,
  "7":-171.9321289062,
  "8":-159.96875,
  "9":-159.96875,
  "10":-179.96875,
  "11":-179.96875,
  "12":-179.96875,
  "13":-159.96875,
  "14":-159.96875,
  "15":-159.96875,
  "16":-159.96875
 },
 "round":{
  "0":3,
  "1":3,
  "2":4,
  "3":4,
  "4":5,
  "5":5,
  "6":10,
  "7":10,
  "8":11,
  "9":11,
  "10":12,
  "11":12,
  "12":13,
  "13":14,
  "14":16,
  "15":16,
  "16":17
 }
}