{
 "tick":{
  "0":4273,
  "1":8185,
  "2":30941,
  "3":53588,
  "4":56212,
  "5":61573,
  "6":69077,
  "7":71701,
  "8":99339,
  "9":115465,
  "10":118089,
  "11":123685,
  "12":126309,
  "13":136163,
  "14":143019,
  "15":145643,
  "16":154609,
  "17":160735
 },
 "event":{
  "0":"planted",
  "1":"planted",
  "2":"planted",
  "3":"planted",
  "4":"exploded",
  "5":"planted",
  "6":"planted",
  "7":"exploded",
  "8":"planted",
  "9":"planted",
  "10":"exploded",
  "11":"planted",
  "12":"exploded",
  "13":"planted",
  "14":"planted",
  "15":"exploded",
  "16":"planted",
  "17":"planted"
 },
 "site":{
  "0":"BombsiteA",
  "1":"BombsiteB",
  "2":"BombsiteA",
  "3":"BombsiteB",
  "4":"BombsiteB",
  "5":"BombsiteA",
  "6":"BombsiteB",
  "7":"BombsiteB",
  "8":"BombsiteA",
  "9":"BombsiteB",
  "10":"BombsiteB",
  "11":"BombsiteA",
  "12":"BombsiteA",
  "13":"BombsiteB",
  "14":"BombsiteB",
  "15":"BombsiteB",
  "16":"BombsiteB",
  "17":"BombsiteA"
 },
 "X":{
  "0":1075.4901123047,
  "1":-1136.03125,
  "2":1294.6007080078,
  "3":-1136.03125,
  "4":-1136.03125,
  "5":1265.1013183594,
  "6":-1136.03125,
  "7":-1136.03125,
  "8":978.0635375977,
  "9":-959.96875,
  "10":-959.96875,
  "11":1294.3876953125,
  "12":1294.3876953125,
  "13":-1136.03125,
  "14":-1136.03125,
  "15":-1136.03125,
  "16":-1051.7221679688,
  "17":1254.0528564453
 },
 "Y":{
  "0":1924.9375,
  "1":699.96875,
  "2":1879.2945556641,
  "3":696.8478393555,
  "4":696.8478393555,
  "5":1835.6165771484,
  "6":699.96875,
  "7":699.96875,
  "8":1814.5206298828,
  "9":745.0896606445,
  "10":745.0896606445,
  "11":1816.0552978516,
  "12":1816.0552978516,
  "13":679.6376953125,
  "14":699.96875,
  "15":699.96875,
  "16":599.9721069336,
  "17":1980.6328125
 },
 "Z":{
  "0":-191.96875,
  "1":-1.96875,
  "2":-191.96875,
  "3":-1.96875,
  "4":-1.96875,
  "5":-191.96875,
  "6":-1.96875,
  "7":-1.96875,
  "8":-191.96875,
  "9":-1.96875,
  "10":-1.96875,
  "11":-177.6337890625,
  "12":-177.6337890625,
  "13":-1.96875,
  "14":-1.96875,
  "15":-1.96875,
  "16":-1.96875,
  "17":-181.3512573242
 },
 "round":{
  "0":1,
  "1":2,
  "2":6,
  "3":9,
  "4":9,
  "5":10,
  "6":11,
  "7":11,
  "8":16,
  "9":18,
  "10":18,
  "11":19,
  "12":19,
  "13":21,
  "14":22,
  "15":22,
  "16":23,
  "17":24
 }
}