{
 "tick":{
  "0":8310,
  "1":14123,
  "2":16747,
  "3":20558,
  "4":39246,
  "5":41870,
  "6":48305,
  "7":50929,
  "8":69026,
  "9":71133,
  "10":112846,
  "11":115470,
  "12":137459,
  "13":141839
 },
 "event":{
  "0":"planted",
  "1":"planted",
  "2":"exploded",
  "3":"planted",
  "4":"planted",
  "5":"exploded",
  "6":"planted",
  "7":"exploded",
  "8":"planted",
  "9":"defused",
  "10":"planted",
  "11":"exploded",
  "12":"planted",
  "13":"planted"
 },
 "site":{
  "0":"BombsiteB",
  "1":"BombsiteA",
  "2":"BombsiteA",
  "3":"BombsiteA",
  "4":"BombsiteA",
  "5":"BombsiteA",
  "6":"BombsiteA",
  "7":"BombsiteA",
  "8":"BombsiteA",
  "9":"BombsiteA",
  "10":"BombsiteA",
  "11":"BombsiteA",
  "12":"BombsiteA",
  "13":"BombsiteA"
 },
 "X":{
  "0":-2094.8522949219,
  "1":-260.8150634766,
  "2":-260.8150634766,
  "3":-274.7789306641,
  "4":-331.4296875,
  "5":-331.4296875,
  "6":-494.2939453125,
  "7":-494.2939453125,
  "8":-272.213684082,
  "9":-324.8571777344,
  "10":-627.0599365234,
  "11":-627.0599365234,
  "12":-260.0606689453,
  "13":-426.9628295898
 },
 "Y":{
  "0":427.4825134277,
  "1":-2152.8386230469,
  "2":-2152.8386230469,
  "3":-2156.5400390625,
  "4":-2038.9111328125,
  "5":-2038.9111328125,
  "6":-2009.7738037109,
  "7":-2009.7738037109,
  "8":-2155.8562011719,
  "9":-2180.5727539062,
  "10":-2246.3190917969,
  "11":-2246.3190917969,
  "12":-2178.1057128906,
  "13":-2046.4068603516
 },
 "Z":{
  "0":-159.96875,
  "1":-173.3524780273,
  "2":-173.3524780273,
  "3":-173.6441040039,
  "4":-175.6028442383,
  "5":-175.6028442383,
  "6":-179.96875,
  "7":-179.96875,
  "8":-173.5908813477,
  "9":-173.733581543,
  "10":-179.96875,
  "11":-179.96875,
  "12":-171.0729980469,
  "13":-179.96875
 },
 "round":{
  "0":1,
  "1":2,
  "2":2,
  "3":3,
  "4":6,
  "5":6,
  "6":7,
  "7":7,
  "8":10,
  "9":10,
  "10":17,
  "11":17,
  "12":20,
  "13":21
 }
}