{
 "tick":{
  "0":116165,
  "1":126296,
  "2":136137,
  "3":137225,
  "4":141379,
  "5":143079,
  "6":178017,
  "7":179393,
  "8":187057,
  "9":189681,
  "10":197314,
  "11":205158,
  "12":207542,
  "13":241142,
  "14":242698,
  "15":250834,
  "16":252572,
  "17":260787,
  "18":271801,
  "19":280420
 },
 "event":{
  "0":"planted",
  "1":"planted",
  "2":"planted",
  "3":"defused",
  "4":"planted",
  "5":"defused",
  "6":"planted",
  "7":"defused",
  "8":"planted",
  "9":"exploded",
  "10":"planted",
  "11":"planted",
  "12":"defused",
  "13":"planted",
  "14":"defused",
  "15":"planted",
  "16":"defused",
  "17":"planted",
  "18":"planted",
  "19":"planted"
 },
 "site":{
  "0":"BombsiteA",
  "1":"BombsiteA",
  "2":"BombsiteB",
  "3":"BombsiteB",
  "4":"BombsiteB",
  "5":"BombsiteB",
  "6":"BombsiteB",
  "7":"BombsiteB",
  "8":"BombsiteB",
  "9":"BombsiteB",
  "10":"BombsiteB",
  "11":"BombsiteA",
  "12":"BombsiteA",
  "13":"BombsiteB",
  "14":"BombsiteB",
  "15":"BombsiteA",
  "16":"BombsiteA",
  "17":"BombsiteB",
  "18":"BombsiteA",
  "19":"BombsiteA"
 },
 "X":{
  "0":-2581.7666015625,
  "1":-2201.5905761719,
  "2":-1166.275390625,
  "3":-1147.1439208984,
  "4":-1226.6501464844,
  "5":-1189.5749511719,
  "6":-1166.2672119141,
  "7":-1109.6099853516,
  "8":-1084.1057128906,
  "9":-1084.1057128906,
  "10":-1166.2824707031,
  "11":-2502.0759277344,
  "12":-2550.2214355469,
  "13":-1166.2657470703,
  "14":-1118.9538574219,
  "15":-2580.4389648438,
  "16":-2555.4990234375,
  "17":-1251.96875,
  "18":-2514.7666015625,
  "19":-2592.2407226562
 },
 "Y":{
  "0":640.1420288086,
  "1":573.1420898438,
  "2":-104.7906494141,
  "3":-52.3903198242,
  "4":100.7241973877,
  "5":61.806728363,
  "6":-21.8016967773,
  "7":-46.8975219727,
  "8":-110.6058959961,
  "9":-110.6058959961,
  "10":-79.2417602539,
  "11":636.9810791016,
  "12":600.741394043,
  "13":-78.9187011719,
  "14":-117.628112793,
  "15":640.3532714844,
  "16":637.1021728516,
  "17":5.03125,
  "18":655.9836425781,
  "19":638.4755859375
 },
 "Z":{
  "0":484.03125,
  "1":476.5312194824,
  "2":103.8145751953,
  "3":103.53125,
  "4":103.5312576294,
  "5":103.5312576294,
  "6":103.7662506104,
  "7":103.53125,
  "8":103.53125,
  "9":103.53125,
  "10":103.8564071655,
  "11":484.0312194824,
  "12":484.03125,
  "13":103.7575836182,
  "14":103.53125,
  "15":484.0312194824,
  "16":484.03125,
  "17":103.53125,
  "18":484.0312194824,
  "19":484.03125
 },
 "round":{
  "0":10,
  "1":11,
  "2":12,
  "3":12,
  "4":13,
  "5":13,
  "6":18,
  "7":18,
  "8":19,
  "9":19,
  "10":20,
  "11":21,
  "12":21,
  "13":25,
  "14":25,
  "15":26,
  "16":26,
  "17":27,
  "18":28,
  "19":29
 }
}