{
 "tick":{
  "0":11955,
  "1":18627,
  "2":21251,
  "3":32452,
  "4":45159,
  "5":47106,
  "6":50878,
  "7":71383,
  "8":74007,
  "9":92238,
  "10":99577,
  "11":101765,
  "12":111928,
  "13":112813
 },
 "event":{
  "0":"planted",
  "1":"planted",
  "2":"exploded",
  "3":"planted",
  "4":"planted",
  "5":"defused",
  "6":"planted",
  "7":"planted",
  "8":"exploded",
  "9":"planted",
  "10":"planted",
  "11":"defused",
  "12":"planted",
  "13":"defused"
 },
 "site":{
  "0":"BombsiteB",
  "1":"BombsiteB",
  "2":"BombsiteB",
  "3":"BombsiteA",
  "4":"BombsiteA",
  "5":"BombsiteA",
  "6":"BombsiteA",
  "7":"BombsiteB",
  "8":"BombsiteB",
  "9":"BombsiteB",
  "10":"BombsiteB",
  "11":"BombsiteB",
  "12":"BombsiteA",
  "13":"BombsiteA"
 },
 "X":{
  "0":781.6018066406,
  "1":810.5481567383,
  "2":810.5481567383,
  "3":-1280.03125,
  "4":-1280.0281982422,
  "5":-1295.3937988281,
  "6":-1280.03125,
  "7":869.0300292969,
  "8":869.0300292969,
  "9":774.9586791992,
  "10":790.0415039062,
  "11":842.0606689453,
  "12":-1303.7575683594,
  "13":-1249.5003662109
 },
 "Y":{
  "0":4.9689106941,
  "1":162.2539215088,
  "2":162.2539215088,
  "3":793.96875,
  "4":793.96875,
  "5":734.5745849609,
  "6":793.96875,
  "7":66.0165481567,
  "8":66.0165481567,
  "9":4.9687495232,
  "10":152.0275115967,
  "11":180.7202148438,
  "12":706.5099487305,
  "13":711.5731201172
 },
 "Z":{
  "0":130.9011230469,
  "1":130.9011077881,
  "2":130.9011077881,
  "3":54.03125,
  "4":54.03125,
  "5":54.03125,
  "6":54.03125,
  "7":130.9011077881,
  "8":130.9011077881,
  "9":130.9011230469,
  "10":130.03125,
  "11":130.03125,
  "12":56.03125,
  "13":56.03125
 },
 "round":{
  "0":2,
  "1":3,
  "2":3,
  "3":5,
  "4":7,
  "5":7,
  "6":8,
  "7":11,
  "8":11,
  "9":14,
  "10":15,
  "11":15,
  "12":16,
  "13":16
 }
}