{
 "tick":{
  "0":4145,
  "1":5381,
  "2":12774,
  "3":14287,
  "4":17816,
  "5":20440,
  "6":25582,
  "7":28206,
  "8":36931,
  "9":39555,
  "10":77282,
  "11":89189,
  "12":106942,
  "13":113838,
  "14":116462,
  "15":156997,
  "16":158072,
  "17":190821
 },
 "event":{
  "0":"planted",
  "1":"defused",
  "2":"planted",
  "3":"defused",
  "4":"planted",
  "5":"exploded",
  "6":"planted",
  "7":"exploded",
  "8":"planted",
  "9":"exploded",
  "10":"planted",
  "11":"planted",
  "12":"planted",
  "13":"planted",
  "14":"exploded",
  "15":"planted",
  "16":"defused",
  "17":"planted"
 },
 "site":{
  "0":"BombsiteA",
  "1":"BombsiteA",
  "2":"BombsiteB",
  "3":"BombsiteB",
  "4":"BombsiteB",
  "5":"BombsiteB",
  "6":"BombsiteA",
  "7":"BombsiteA",
  "8":"BombsiteA",
  "9":"BombsiteA",
  "10":"BombsiteB",
  "11":"BombsiteA",
  "12":"BombsiteA",
  "13":"BombsiteB",
  "14":"BombsiteB",
  "15":"BombsiteA",
  "16":"BombsiteA",
  "17":"BombsiteA"
 },
 "X":{
  "0":703.2017822266,
  "1":672.795715332,
  "2":656.1776123047,
  "3":706.1580810547,
  "4":637.8215332031,
  "5":637.8215332031,
  "6":733.3954467773,
  "7":733.3954467773,
  "8":744.3638916016,
  "9":744.3638916016,
  "10":632.7738037109,
  "11":790.74609375,
  "12":824.8712158203,
  "13":340.03125,
  "14":340.03125,
  "15":656.6916503906,
  "16":697.1154785156,
  "17":646.1719360352
 },
 "Y":{
  "0":-767.305847168,
  "1":-810.3709716797,
  "2":-1316.7664794922,
  "3":-1284.1116943359,
  "4":-1313.1849365234,
  "5":-1313.1849365234,
  "6":-590.7857055664,
  "7":-590.7857055664,
  "8":-790.5270996094,
  "9":-790.5270996094,
  "10":-1256.0307617188,
  "11":-565.8735961914,
  "12":-842.8430175781,
  "13":-733.29296875,
  "14":-733.29296875,
  "15":-924.8979492188,
  "16":-881.8892822266,
  "17":-799.4902954102
 },
 "Z":{
  "0":-396.5874023438,
  "1":-415.96875,
  "2":-765.96875,
  "3":-769.96875,
  "4":-765.96875,
  "5":-765.96875,
  "6":-399.9682617188,
  "7":-399.9682617188,
  "8":-399.9682617188,
  "9":-399.9682617188,
  "10":-768.84375,
  "11":-399.9683837891,
  "12":-399.9682617188,
  "13":-771.96875,
  "14":-771.96875,
  "15":-414.96875,
  "16":-399.96875,
  "17":-415.96875
 },
 "round":{
  "0":1,
  "1":1,
  "2":2,
  "3":2,
  "4":3,
  "5":3,
  "6":4,
  "7":4,
  "8":6,
  "9":6,
  "10":13,
  "11":15,
  "12":17,
  "13":18,
  "14":18,
  "15":24,
  "16":24,
  "17":29
 }
}