{
 "tick":{
  "0":3854,
  "1":6000,
  "2":13663,
  "3":15250,
  "4":23901,
  "5":25124,
  "6":58300,
  "7":60154,
  "8":65882,
  "9":74104,
  "10":87546,
  "11":90170,
  "12":96517,
  "13":104885,
  "14":107283
 },
 "event":{
  "0":"planted",
  "1":"defused",
  "2":"planted",
  "3":"defused",
  "4":"planted",
  "5":"defused",
  "6":"planted",
  "7":"defused",
  "8":"planted",
  "9":"planted",
  "10":"planted",
  "11":"exploded",
  "12":"planted",
  "13":"planted",
  "14":"defused"
 },
 "site":{
  "0":"BombsiteB",
  "1":"BombsiteB",
  "2":"BombsiteB",
  "3":"BombsiteB",
  "4":"BombsiteA",
  "5":"BombsiteA",
  "6":"BombsiteB",
  "7":"BombsiteB",
  "8":"BombsiteA",
  "9":"BombsiteA",
  "10":"BombsiteB",
  "11":"BombsiteB",
  "12":"BombsiteB",
  "13":"BombsiteA",
  "14":"BombsiteA"
 },
 "X":{
  "0":-1969.0321044922,
  "1":-1987.03125,
  "2":-1926.9639892578,
  "3":-1985.9956054688,
  "4":-436.87109375,
  "5":-465.8975830078,
  "6":-1969.03125,
  "7":-1969.03125,
  "8":-515.654296875,
  "9":-467.2860107422,
  "10":-1996.5198974609,
  "11":-1996.5198974609,
  "12":-1987.03125,
  "13":-258.5526123047,
  "14":-316.4440307617
 },
 "Y":{
  "0":450.03125,
  "1":391.7035217285,
  "2":242.0277099609,
  "3":257.8521728516,
  "4":-1982.53515625,
  "5":-1938.2515869141,
  "6":450.03125,
  "7":468.445526123,
  "8":-1972.96875,
  "9":-2246.1821289062,
  "10":438.7118225098,
  "11":438.7118225098,
  "12":404.5483398438,
  "13":-2152.2358398438,
  "14":-2172.0383300781
 },
 "Z":{
  "0":-159.96875,
  "1":-159.96875,
  "2":-159.96875,
  "3":-159.96875,
  "4":-179.96875,
  "5":-179.96875,
  "6":-159.96875,
  "7":-159.96875,
  "8":-179.96875,
  "9":-174.2318115234,
  "10":-159.96875,
  "11":-159.96875,
  "12":-159.96875,
  "13":-173.3055419922,
  "14":-174.1182861328
 },
 "round":{
  "0":1,
  "1":1,
  "2":2,
  "3":2,
  "4":3,
  "5":3,
  "6":7,
  "7":7,
  "8":8,
  "9":9,
  "10":11,
  "11":11,
  "12":12,
  "13":13,
  "14":13
 }
}