{
 "tick":{
  "0":2637,
  "1":4858,
  "2":20956,
  "3":21580,
  "4":31666,
  "5":32313,
  "6":38016,
  "7":43207,
  "8":44710,
  "9":64067,
  "10":99447,
  "11":106480,
  "12":114914,
  "13":116703,
  "14":147415
 },
 "event":{
  "0":"planted",
  "1":"defused",
  "2":"planted",
  "3":"defused",
  "4":"planted",
  "5":"defused",
  "6":"planted",
  "7":"planted",
  "8":"defused",
  "9":"planted",
  "10":"planted",
  "11":"planted",
  "12":"planted",
  "13":"defused",
  "14":"planted"
 },
 "site":{
  "0":"BombsiteA",
  "1":"BombsiteA",
  "2":"BombsiteA",
  "3":"BombsiteA",
  "4":"BombsiteA",
  "5":"BombsiteA",
  "6":"BombsiteA",
  "7":"BombsiteB",
  "8":"BombsiteB",
  "9":"BombsiteB",
  "10":"BombsiteB",
  "11":"BombsiteA",
  "12":"BombsiteA",
  "13":"BombsiteA",
  "14":"BombsiteB"
 },
 "X":{
  "0":-347.03125,
  "1":-381.5686035156,
  "2":-347.0501708984,
  "3":-331.1163330078,
  "4":-380.1060791016,
  "5":-396.7116699219,
  "6":-373.37109375,
  "7":-2216.03125,
  "8":-2233.7126464844,
  "9":-2216.03125,
  "10":-2216.03125,
  "11":-354.3831787109,
  "12":-385.9827270508,
  "13":-357.2850952148,
  "14":-2357.3823242188
 },
 "Y":{
  "0":-682.8167114258,
  "1":-697.2133789062,
  "2":-687.1586303711,
  "3":-741.9877319336,
  "4":-689.0283203125,
  "5":-736.4959716797,
  "6":-688.669921875,
  "7":874.8377685547,
  "8":931.4744262695,
  "9":874.0434570312,
  "10":869.6781616211,
  "11":-684.450378418,
  "12":-689.03125,
  "13":-741.8955078125,
  "14":733.3405151367
 },
 "Z":{
  "0":11774.1337890625,
  "1":11775.93359375,
  "2":11774.6767578125,
  "3":11776.03125,
  "4":11774.91015625,
  "5":11776.5400390625,
  "6":11774.865234375,
  "7":11744.03125,
  "8":11744.03125,
  "9":11744.03125,
  "10":11744.03125,
  "11":11774.337890625,
  "12":11774.91015625,
  "13":11781.3291015625,
  "14":11744.03125
 },
 "round":{
  "0":1,
  "1":1,
  "2":4,
  "3":4,
  "4":5,
  "5":5,
  "6":6,
  "7":7,
  "8":7,
  "9":10,
  "10":13,
  "11":14,
  "12":15,
  "13":15,
  "14":20
 }
}