{
 "tick":{
  "0":6658,
  "1":12334,
  "2":14958,
  "3":18868,
  "4":21149,
  "5":28661,
  "6":55176,
  "7":57075,
  "8":66782,
  "9":89825,
  "10":91215,
  "11":95739,
  "12":97477,
  "13":105261,
  "14":107885,
  "15":122666,
  "16":131030,
  "17":135604,
  "18":138228,
  "19":144103
 },
 "event":{
  "0":"planted",
  "1":"planted",
  "2":"exploded",
  "3":"planted",
  "4":"defused",
  "5":"planted",
  "6":"planted",
  "7":"defused",
  "8":"planted",
  "9":"planted",
  "10":"defused",
  "11":"planted",
  "12":"defused",
  "13":"planted",
  "14":"exploded",
  "15":"planted",
  "16":"planted",
  "17":"planted",
  "18":"exploded",
  "19":"planted"
 },
 "site":{
  "0":"BombsiteB",
  "1":"BombsiteB",
  "2":"BombsiteB",
  "3":"BombsiteA",
  "4":"BombsiteA",
  "5":"BombsiteA",
  "6":"BombsiteB",
  "7":"BombsiteB",
  "8":"BombsiteA",
  "9":"BombsiteB",
  "10":"BombsiteB",
  "11":"BombsiteA",
  "12":"BombsiteA",
  "13":"BombsiteB",
  "14":"BombsiteB",
  "15":"BombsiteB",
  "16":"BombsiteB",
  "17":"BombsiteB",
  "18":"BombsiteB",
  "19":"BombsiteB"
 },
 "X":{
  "0":-1934.4592285156,
  "1":-1987.03125,
  "2":-1987.03125,
  "3":-392.1935424805,
  "4":-339.1896972656,
  "5":-494.1763916016,
  "6":-1987.03125,
  "7":-1998.7250976562,
  "8":-601.9243774414,
  "9":-1969.03125,
  "10":-1987.03125,
  "11":-272.4860839844,
  "12":-296.7454833984,
  "13":-1884.66015625,
  "14":-1884.66015625,
  "15":-1922.5516357422,
  "16":-1987.03125,
  "17":-1872.6418457031,
  "18":-1872.6418457031,
  "19":-1987.0283203125
 },
 "Y":{
  "0":242.3208770752,
  "1":409.2865905762,
  "2":409.2865905762,
  "3":-2029.4094238281,
  "4":-2029.4049072266,
  "5":-2012.5833740234,
  "6":450.4647521973,
  "7":394.5222167969,
  "8":-2155.0041503906,
  "9":450.03125,
  "10":393.4309387207,
  "11":-2155.9321289062,
  "12":-2174.5048828125,
  "13":242.0312347412,
  "14":242.0312347412,
  "15":242.0277099609,
  "16":421.7200927734,
  "17":242.03125,
  "18":242.03125,
  "19":407.038482666
 },
 "Z":{
  "0":-159.96875,
  "1":-159.96875,
  "2":-159.96875,
  "3":-179.96875,
  "4":-175.8701171875,
  "5":-179.96875,
  "6":-159.96875,
  "7":-159.96875,
  "8":-179.96875,
  "9":-159.96875,
  "10":-159.96875,
  "11":-173.5962524414,
  "12":-173.0234985352,
  "13":-159.96875,
  "14":-159.96875,
  "15":-159.96875,
  "16":-159.96875,
  "17":-159.96875,
  "18":-159.96875,
  "19":-159.96875
 },
 "round":{
  "0":1,
  "1":2,
  "2":2,
  "3":3,
  "4":3,
  "5":4,
  "6":8,
  "7":8,
  "8":10,
  "9":13,
  "10":13,
  "11":14,
  "12":14,
  "13":15,
  "14":15,
  "15":17,
  "16":18,
  "17":19,
  "18":19,
  "19":20
 }
}