{"tick":{"0":5871,"1":6855,"2":13199,"3":15220,"4":48723,"5":50324,"6":68026,"7":70527,"8":79152,"9":81776,"10":88419,"11":91043,"12":95274,"13":97898,"14":103592,"15":109788,"16":119421,"17":124597,"18":125506,"19":133673,"20":136297,"21":145993,"22":148617},"event":{"0":"planted","1":"defused","2":"planted","3":"defused","4":"planted","5":"defused","6":"planted","7":"defused","8":"planted","9":"exploded","10":"planted","11":"exploded","12":"planted","13":"exploded","14":"planted","15":"planted","16":"planted","17":"planted","18":"defused","19":"planted","20":"exploded","21":"planted","22":"exploded"},"site":{"0":"BombsiteB","1":"BombsiteB","2":"BombsiteB","3":"BombsiteB","4":"BombsiteA","5":"BombsiteA","6":"BombsiteA","7":"BombsiteA","8":"BombsiteB","9":"BombsiteB","10":"BombsiteA","11":"BombsiteA","12":"BombsiteA","13":"BombsiteA","14":"BombsiteA","15":"BombsiteB","16":"BombsiteB","17":"BombsiteB","18":"BombsiteB","19":"BombsiteB","20":"BombsiteB","21":"BombsiteA","22":"BombsiteA"},"X":{"0":-1053.1257324219,"1":-1114.1160888672,"2":-1045.9857177734,"3":-997.6574707031,"4":1283.5361328125,"5":1285.1176757812,"6":1312.03125,"7":1369.5714111328,"8":-1038.7275390625,"9":-1038.7275390625,"10":1511.96875,"11":1511.96875,"12":1480.5417480469,"13":1480.5417480469,"14":1270.0556640625,"15":-1136.03125,"16":-1041.619140625,"17":-1136.03125,"18":-1194.732421875,"19":-1136.0285644531,"20":-1136.0285644531,"21":1238.2531738281,"22":1238.2531738281},"Y":{"0":599.96875,"1":597.0573120117,"2":599.96875,"3":564.490234375,"4":1884.603515625,"5":1945.7629394531,"6":2163.5366210938,"7":2144.8056640625,"8":599.96875,"9":599.96875,"10":2143.7927246094,"11":2143.7927246094,"12":2190.0549316406,"13":2190.0549316406,"14":1842.3299560547,"15":699.96875,"16":599.96875,"17":699.96875,"18":685.9693603516,"19":699.96875,"20":699.96875,"21":1814.2777099609,"22":1814.2777099609},"Z":{"0":-1.96875,"1":-1.96875,"2":-1.96875,"3":-3.96875,"4":-191.96875,"5":-191.96875,"6":-191.96875,"7":-191.96875,"8":-1.96875,"9":-1.96875,"10":-191.96875,"11":-191.96875,"12":-174.5924682617,"13":-174.5924682617,"14":-191.96875,"15":-1.96875,"16":-1.96875,"17":-1.96875,"18":0.03125,"19":-1.96875,"20":-1.96875,"21":-191.96875,"22":-191.96875},"round":{"0":1,"1":1,"2":2,"3":2,"4":6,"5":6,"6":8,"7":8,"8":9,"9":9,"10":10,"11":10,"12":11,"13":11,"14":12,"15":13,"16":14,"17":15,"18":15,"19":16,"20":16,"21":17,"22":17}}