{"tick":{"0":44937,"1":52232,"2":62999,"3":75149,"4":77773,"5":86687,"6":87695,"7":94865,"8":97489,"9":115223,"10":124169,"11":126418,"12":138192,"13":159562,"14":162186,"15":168774,"16":171398,"17":178932,"18":181556,"19":210226,"20":212850,"21":246411,"22":279620,"23":290760},"event":{"0":"planted","1":"planted","2":"planted","3":"planted","4":"exploded","5":"planted","6":"defused","7":"planted","8":"exploded","9":"planted","10":"planted","11":"defused","12":"planted","13":"planted","14":"exploded","15":"planted","16":"exploded","17":"planted","18":"exploded","19":"planted","20":"exploded","21":"planted","22":"planted","23":"planted"},"site":{"0":"BombsiteB","1":"BombsiteB","2":"BombsiteA","3":"BombsiteA","4":"BombsiteA","5":"BombsiteB","6":"BombsiteB","7":"BombsiteA","8":"BombsiteA","9":"BombsiteA","10":"BombsiteB","11":"BombsiteB","12":"BombsiteA","13":"BombsiteA","14":"BombsiteA","15":"BombsiteA","16":"BombsiteA","17":"BombsiteB","18":"BombsiteB","19":"BombsiteA","20":"BombsiteA","21":"BombsiteA","22":"BombsiteB","23":"BombsiteB"},"X":{"0":-1166.2595214844,"1":-1166.2766113281,"2":-2563.7312011719,"3":-2585.2185058594,"4":-2585.2185058594,"5":-1166.2635498047,"6":-1105.1665039062,"7":-2541.8713378906,"8":-2541.8713378906,"9":-2551.130859375,"10":-1165.6038818359,"11":-1166.4057617188,"12":-2118.6472167969,"13":-2577.0148925781,"14":-2577.0148925781,"15":-2519.0405273438,"16":-2519.0405273438,"17":-1166.2746582031,"18":-1166.2746582031,"19":-2580.2795410156,"20":-2580.2795410156,"21":-2565.8798828125,"22":-1149.5979003906,"23":-1166.2823486328},"Y":{"0":-90.7591552734,"1":-86.7237548828,"2":642.9396972656,"3":639.5936279297,"4":639.5936279297,"5":-96.4097900391,"6":-97.5417480469,"7":643.0485229492,"8":643.0485229492,"9":644.9751586914,"10":-53.0051879883,"11":-79.6845703125,"12":585.7166137695,"13":640.8999023438,"14":640.8999023438,"15":649.9650268555,"16":649.9650268555,"17":-78.0239868164,"18":-78.0239868164,"19":640.3805541992,"20":640.3805541992,"21":642.6597900391,"22":-78.6087646484,"23":-97.1321411133},"Z":{"0":103.7208023071,"1":103.8217926025,"2":484.0312194824,"3":484.03125,"4":484.03125,"5":103.7446060181,"6":103.53125,"7":484.03125,"8":484.03125,"9":484.0312194824,"10":103.53125,"11":104.5851516724,"12":522.2503662109,"13":484.03125,"14":484.03125,"15":484.03125,"16":484.03125,"17":103.8102493286,"18":103.8102493286,"19":484.03125,"20":484.03125,"21":484.03125,"22":103.5312423706,"23":103.8556976318},"round":{"0":5,"1":6,"2":7,"3":8,"4":8,"5":9,"6":9,"7":10,"8":10,"9":12,"10":13,"11":13,"12":14,"13":16,"14":16,"15":17,"16":17,"17":18,"18":18,"19":21,"20":21,"21":25,"22":29,"23":30}}