{"tick":{"0":21899,"1":24523,"2":38348,"3":40972,"4":80683,"5":83307,"6":88135,"7":89506,"8":113670,"9":143464,"10":146088,"11":151532,"12":157374},"event":{"0":"planted","1":"exploded","2":"planted","3":"exploded","4":"planted","5":"exploded","6":"planted","7":"defused","8":"planted","9":"planted","10":"exploded","11":"planted","12":"planted"},"site":{"0":"BombsiteB","1":"BombsiteB","2":"BombsiteB","3":"BombsiteB","4":"BombsiteB","5":"BombsiteB","6":"BombsiteB","7":"BombsiteB","8":"BombsiteB","9":"BombsiteA","10":"BombsiteA","11":"BombsiteA","12":"BombsiteA"},"X":{"0":546.5700073242,"1":546.5700073242,"2":544.5012207031,"3":544.5012207031,"4":546.9912109375,"5":546.9912109375,"6":516.4849853516,"7":519.5306396484,"8":314.96875,"9":1978.4703369141,"10":1978.4703369141,"11":1819.0274658203,"12":1966.03125},"Y":{"0":2945.8830566406,"1":2945.8830566406,"2":2922.1257324219,"3":2922.1257324219,"4":2950.7421875,"5":2950.7421875,"6":2960.6237792969,"7":2899.3198242188,"8":2782.9416503906,"9":721.6614379883,"10":721.6614379883,"11":294.8580627441,"12":721.96875},"Z":{"0":161.5312347412,"1":161.5312347412,"2":161.5312347412,"3":161.5312347412,"4":161.5312347412,"5":161.5312347412,"6":161.5312347412,"7":161.5312347412,"8":184.2997589111,"9":160.03125,"10":160.03125,"11":161.0312194824,"12":160.03125},"round":{"0":3,"1":3,"2":5,"3":5,"4":11,"5":11,"6":12,"7":12,"8":14,"9":18,"10":18,"11":19,"12":20}}