{
 "tick":{
  "0":4025,
  "1":6649,
  "2":20385,
  "3":30927,
  "4":33551,
  "5":55585,
  "6":58209,
  "7":75239,
  "8":77863,
  "9":92020,
  "10":93741,
  "11":118699,
  "12":124407,
  "13":158119,
  "14":160743,
  "15":184089,
  "16":186713,
  "17":195187,
  "18":204690,
  "19":207314
 },
 "event":{
  "0":"planted",
  "1":"exploded",
  "2":"planted",
  "3":"planted",
  "4":"exploded",
  "5":"planted",
  "6":"exploded",
  "7":"planted",
  "8":"exploded",
  "9":"planted",
  "10":"defused",
  "11":"planted",
  "12":"planted",
  "13":"planted",
  "14":"exploded",
  "15":"planted",
  "16":"exploded",
  "17":"planted",
  "18":"planted",
  "19":"exploded"
 },
 "site":{
  "0":"BombsiteA",
  "1":"BombsiteA",
  "2":"BombsiteA",
  "3":"BombsiteA",
  "4":"BombsiteA",
  "5":"BombsiteA",
  "6":"BombsiteA",
  "7":"BombsiteA",
  "8":"BombsiteA",
  "9":"BombsiteB",
  "10":"BombsiteB",
  "11":"BombsiteB",
  "12":"BombsiteB",
  "13":"BombsiteA",
  "14":"BombsiteA",
  "15":"BombsiteB",
  "16":"BombsiteB",
  "17":"BombsiteB",
  "18":"BombsiteA",
  "19":"BombsiteA"
 },
 "X":{
  "0":-2542.5161132812,
  "1":-2542.5161132812,
  "2":-2585.7309570312,
  "3":-2564.5173339844,
  "4":-2564.5173339844,
  "5":-2565.5915527344,
  "6":-2565.5915527344,
  "7":-2573.8879394531,
  "8":-2573.8879394531,
  "9":-956.068359375,
  "10":-1015.1553344727,
  "11":-1166.3139648438,
  "12":-1166.2371826172,
  "13":-2137.5739746094,
  "14":-2137.5739746094,
  "15":-1190.8364257812,
  "16":-1190.8364257812,
  "17":-1166.2523193359,
  "18":-2112.9802246094,
  "19":-2112.9802246094
 },
 "Y":{
  "0":646.3121948242,
  "1":646.3121948242,
  "2":639.5114135742,
  "3":642.8890991211,
  "4":642.8890991211,
  "5":642.7189331055,
  "6":642.7189331055,
  "7":641.3988037109,
  "8":641.3988037109,
  "9":-33.1644287109,
  "10":-28.7924804688,
  "11":-82.5120239258,
  "12":-79.4106445312,
  "13":576.0887451172,
  "14":576.0887451172,
  "15":75.8642044067,
  "16":75.8642044067,
  "17":-97.0639648438,
  "18":588.6586914062,
  "19":588.6586914062
 },
 "Z":{
  "0":484.03125,
  "1":484.03125,
  "2":484.03125,
  "3":484.03125,
  "4":484.03125,
  "5":484.03125,
  "6":484.03125,
  "7":484.03125,
  "8":484.03125,
  "9":100.0312423706,
  "10":103.53125,
  "11":104.0425109863,
  "12":103.5888061523,
  "13":522.2333374023,
  "14":522.2333374023,
  "15":103.53125,
  "16":103.53125,
  "17":103.6782302856,
  "18":522.2529907227,
  "19":522.2529907227
 },
 "round":{
  "0":1,
  "1":1,
  "2":3,
  "3":4,
  "4":4,
  "5":5,
  "6":5,
  "7":7,
  "8":7,
  "9":9,
  "10":9,
  "11":13,
  "12":14,
  "13":18,
  "14":18,
  "15":21,
  "16":21,
  "17":22,
  "18":23,
  "19":23
 }
}