{
 "tick":{
  "0":3941,
  "1":6207,
  "2":10226,
  "3":12392,
  "4":16550,
  "5":22123,
  "6":34614,
  "7":37028,
  "8":41213,
  "9":43837,
  "10":47823,
  "11":66126,
  "12":72559,
  "13":93741,
  "14":95858,
  "15":102114,
  "16":111600,
  "17":116355,
  "18":123511,
  "19":124695
 },
 "event":{
  "0":"planted",
  "1":"defused",
  "2":"planted",
  "3":"defused",
  "4":"planted",
  "5":"planted",
  "6":"planted",
  "7":"defused",
  "8":"planted",
  "9":"exploded",
  "10":"planted",
  "11":"planted",
  "12":"planted",
  "13":"planted",
  "14":"defused",
  "15":"planted",
  "16":"planted",
  "17":"planted",
  "18":"planted",
  "19":"defused"
 },
 "site":{
  "0":"BombsiteB",
  "1":"BombsiteB",
  "2":"BombsiteA",
  "3":"BombsiteA",
  "4":"BombsiteA",
  "5":"BombsiteA",
  "6":"BombsiteA",
  "7":"BombsiteA",
  "8":"BombsiteA",
  "9":"BombsiteA",
  "10":"BombsiteA",
  "11":"BombsiteA",
  "12":"BombsiteA",
  "13":"BombsiteA",
  "14":"BombsiteA",
  "15":"BombsiteB",
  "16":"BombsiteA",
  "17":"BombsiteB",
  "18":"BombsiteA",
  "19":"BombsiteA"
 },
 "X":{
  "0":-1969.03125,
  "1":-2001.7319335938,
  "2":-576.529296875,
  "3":-540.6339111328,
  "4":-305.3273925781,
  "5":-270.0090332031,
  "6":-604.2544555664,
  "7":-572.1876831055,
  "8":-584.9607543945,
  "9":-584.9607543945,
  "10":-321.5249023438,
  "11":-582.6684570312,
  "12":-269.0090332031,
  "13":-493.6080322266,
  "14":-500.0784301758,
  "15":-1894.7471923828,
  "16":-583.6307373047,
  "17":-1987.03125,
  "18":-253.96875,
  "19":-280.5799560547
 },
 "Y":{
  "0":450.03125,
  "1":398.3065795898,
  "2":-2148.4904785156,
  "3":-2146.3247070312,
  "4":-2019.283203125,
  "5":-2155.2719726562,
  "6":-1984.1779785156,
  "7":-1967.1270751953,
  "8":-2150.2829589844,
  "9":-2150.2829589844,
  "10":-2035.4807128906,
  "11":-1980.4180908203,
  "12":-2155.0107421875,
  "13":-2026.2950439453,
  "14":-1964.6789550781,
  "15":242.03125,
  "16":-2150.8198242188,
  "17":387.3995361328,
  "18":-2137.0888671875,
  "19":-2189.6486816406
 },
 "Z":{
  "0":-159.96875,
  "1":-159.96875,
  "2":-179.96875,
  "3":-179.96875,
  "4":-172.4102783203,
  "5":-173.5447998047,
  "6":-179.96875,
  "7":-179.96875,
  "8":-179.96875,
  "9":-179.96875,
  "10":-174.5699462891,
  "11":-179.96875,
  "12":-173.5236206055,
  "13":-179.96875,
  "14":-179.96875,
  "15":-159.96875,
  "16":-179.96875,
  "17":-159.96875,
  "18":-173.080871582,
  "19":-170.9589233398
 },
 "round":{
  "0":0,
  "1":0,
  "2":1,
  "3":1,
  "4":2,
  "5":3,
  "6":5,
  "7":5,
  "8":6,
  "9":6,
  "10":7,
  "11":9,
  "12":10,
  "13":12,
  "14":12,
  "15":13,
  "16":14,
  "17":15,
  "18":16,
  "19":16
 }
}