{
 "tick":{
  "0":3513,
  "1":8677,
  "2":11301,
  "3":25828,
  "4":35962,
  "5":36713,
  "6":43668,
  "7":45504,
  "8":51247,
  "9":53262,
  "10":62124,
  "11":63814,
  "12":81046,
  "13":122025,
  "14":137970,
  "15":139521,
  "16":147297
 },
 "event":{
  "0":"planted",
  "1":"planted",
  "2":"exploded",
  "3":"planted",
  "4":"planted",
  "5":"defused",
  "6":"planted",
  "7":"defused",
  "8":"planted",
  "9":"defused",
  "10":"planted",
  "11":"defused",
  "12":"planted",
  "13":"planted",
  "14":"planted",
  "15":"defused",
  "16":"planted"
 },
 "site":{
  "0":"BombsiteA",
  "1":"BombsiteA",
  "2":"BombsiteA",
  "3":"BombsiteA",
  "4":"BombsiteB",
  "5":"BombsiteB",
  "6":"BombsiteB",
  "7":"BombsiteB",
  "8":"BombsiteB",
  "9":"BombsiteB",
  "10":"BombsiteA",
  "11":"BombsiteA",
  "12":"BombsiteB",
  "13":"BombsiteA",
  "14":"BombsiteB",
  "15":"BombsiteB",
  "16":"BombsiteB"
 },
 "X":{
  "0":-1260.4180908203,
  "1":-1427.6462402344,
  "2":-1427.6462402344,
  "3":-1272.5853271484,
  "4":810.4229125977,
  "5":753.0062866211,
  "6":953.3233032227,
  "7":895.1141357422,
  "8":869.03125,
  "9":876.3563842773,
  "10":-1243.37109375,
  "11":-1186.9268798828,
  "12":798.4527587891,
  "13":-1280.03125,
  "14":793.8641357422,
  "15":733.5493774414,
  "16":800.1860961914
 },
 "Y":{
  "0":729.96875,
  "1":707.2366333008,
  "2":707.2366333008,
  "3":729.9694824219,
  "4":4.9688053131,
  "5":-6.1045532227,
  "6":207.6142578125,
  "7":220.5227966309,
  "8":52.2130393982,
  "9":11.2795619965,
  "10":724.4865722656,
  "11":699.8688964844,
  "12":4.9687504768,
  "13":758.0640258789,
  "14":4.972612381,
  "15":-1.7695922852,
  "16":4.96875
 },
 "Z":{
  "0":56.03125,
  "1":56.03125,
  "2":56.03125,
  "3":56.03125,
  "4":130.9011230469,
  "5":130.9011230469,
  "6":134.03125,
  "7":134.03125,
  "8":130.9011077881,
  "9":130.9011230469,
  "10":56.03125,
  "11":52.4983863831,
  "12":130.9011230469,
  "13":54.03125,
  "14":130.9011230469,
  "15":130.03125,
  "16":130.9011230469
 },
 "round":{
  "0":1,
  "1":2,
  "2":2,
  "3":4,
  "4":5,
  "5":5,
  "6":6,
  "7":6,
  "8":7,
  "9":7,
  "10":8,
  "11":8,
  "12":10,
  "13":14,
  "14":17,
  "15":17,
  "16":18
 }
}