{
 "tick":{
  "0":11979,
  "1":30105,
  "2":32729,
  "3":38370,
  "4":51380,
  "5":59616,
  "6":62240,
  "7":67552,
  "8":69630,
  "9":76186,
  "10":85198,
  "11":128392,
  "12":131016
 },
 "event":{
  "0":"planted",
  "1":"planted",
  "2":"exploded",
  "3":"planted",
  "4":"planted",
  "5":"planted",
  "6":"exploded",
  "7":"planted",
  "8":"defused",
  "9":"planted",
  "10":"planted",
  "11":"planted",
  "12":"exploded"
 },
 "site":{
  "0":"BombsiteA",
  "1":"BombsiteA",
  "2":"BombsiteA",
  "3":"BombsiteB",
  "4":"BombsiteA",
  "5":"BombsiteB",
  "6":"BombsiteB",
  "7":"BombsiteA",
  "8":"BombsiteA",
  "9":"BombsiteA",
  "10":"BombsiteB",
  "11":"BombsiteB",
  "12":"BombsiteB"
 },
 "X":{
  "0":-580.5867919922,
  "1":-295.1522216797,
  "2":-295.1522216797,
  "3":-1969.03125,
  "4":-253.9461669922,
  "5":-1969.0505371094,
  "6":-1969.0505371094,
  "7":-590.3077392578,
  "8":-646.8413085938,
  "9":-497.9822998047,
  "10":-1969.03125,
  "11":-2081.8791503906,
  "12":-2081.8791503906
 },
 "Y":{
  "0":-2142.7412109375,
  "1":-2161.9389648438,
  "2":-2161.9389648438,
  "3":450.03125,
  "4":-2208.97265625,
  "5":450.03125,
  "6":450.03125,
  "7":-2172.2966308594,
  "8":-2188.1145019531,
  "9":-2001.8547363281,
  "10":450.03125,
  "11":262.8275756836,
  "12":262.8275756836
 },
 "Z":{
  "0":-179.96875,
  "1":-174.0697021484,
  "2":-174.0697021484,
  "3":-159.96875,
  "4":-168.0574951172,
  "5":-159.96875,
  "6":-159.96875,
  "7":-179.96875,
  "8":-179.96875,
  "9":-179.1356811523,
  "10":-159.96875,
  "11":-159.96875,
  "12":-159.96875
 },
 "round":{
  "0":2,
  "1":5,
  "2":5,
  "3":6,
  "4":8,
  "5":9,
  "6":9,
  "7":10,
  "8":10,
  "9":11,
  "10":12,
  "11":13,
  "12":13
 }
}