{
 "tick":{
  "0":30694,
  "1":34676,
  "2":73907,
  "3":75641,
  "4":92619,
  "5":93536,
  "6":110187,
  "7":116634,
  "8":118024,
  "9":123260,
  "10":130653
 },
 "event":{
  "0":"planted",
  "1":"planted",
  "2":"planted",
  "3":"defused",
  "4":"planted",
  "5":"defused",
  "6":"planted",
  "7":"planted",
  "8":"defused",
  "9":"planted",
  "10":"planted"
 },
 "site":{
  "0":"BombsiteA",
  "1":"BombsiteA",
  "2":"BombsiteB",
  "3":"BombsiteB",
  "4":"BombsiteB",
  "5":"BombsiteB",
  "6":"BombsiteB",
  "7":"BombsiteB",
  "8":"BombsiteB",
  "9":"BombsiteA",
  "10":"BombsiteB"
 },
 "X":{
  "0":-1280.03125,
  "1":-1280.0296630859,
  "2":836.3629760742,
  "3":869.03125,
  "4":869.03125,
  "5":922.4147949219,
  "6":723.96875,
  "7":782.0018920898,
  "8":839.8268432617,
  "9":-1563.6411132812,
  "10":869.03125
 },
 "Y":{
  "0":793.96875,
  "1":774.5390014648,
  "2":4.6434726715,
  "3":50.5627174377,
  "4":67.306350708,
  "5":43.7379875183,
  "6":99.5064849854,
  "7":4.9687476158,
  "8":-13.4368896484,
  "9":709.6540527344,
  "10":68.3232574463
 },
 "Z":{
  "0":54.03125,
  "1":54.03125,
  "2":130.9011230469,
  "3":130.9011077881,
  "4":130.9011077881,
  "5":130.9011077881,
  "6":130.03125,
  "7":130.9011230469,
  "8":130.03125,
  "9":56.03125,
  "10":130.9011077881
 },
 "round":{
  "0":1,
  "1":2,
  "2":8,
  "3":8,
  "4":11,
  "5":11,
  "6":14,
  "7":15,
  "8":15,
  "9":16,
  "10":17
 }
}