{
 "tick":{
  "0":17985,
  "1":20006,
  "2":52170,
  "3":54794,
  "4":72934,
  "5":74014,
  "6":111496,
  "7":113912,
  "8":123056,
  "9":125680,
  "10":130222,
  "11":132243,
  "12":147542,
  "13":149883,
  "14":161367
 },
 "event":{
  "0":"planted",
  "1":"defused",
  "2":"planted",
  "3":"exploded",
  "4":"planted",
  "5":"defused",
  "6":"planted",
  "7":"defused",
  "8":"planted",
  "9":"exploded",
  "10":"planted",
  "11":"defused",
  "12":"planted",
  "13":"defused",
  "14":"planted"
 },
 "site":{
  "0":"BombsiteA",
  "1":"BombsiteA",
  "2":"BombsiteA",
  "3":"BombsiteA",
  "4":"BombsiteA",
  "5":"BombsiteA",
  "6":"BombsiteB",
  "7":"BombsiteB",
  "8":"BombsiteB",
  "9":"BombsiteB",
  "10":"BombsiteB",
  "11":"BombsiteB",
  "12":"BombsiteB",
  "13":"BombsiteB",
  "14":"BombsiteB"
 },
 "X":{
  "0":-114.03125,
  "1":-115.9307861328,
  "2":-348.0776977539,
  "3":-348.0776977539,
  "4":-347.03125,
  "5":-404.8119506836,
  "6":-2216.03125,
  "7":-2277.3542480469,
  "8":-2216.029296875,
  "9":-2216.029296875,
  "10":-2216.1665039062,
  "11":-2223.5261230469,
  "12":-2216.03125,
  "13":-2227.158203125,
  "14":-2216.03125
 },
 "Y":{
  "0":-540.03125,
  "1":-540.03125,
  "2":-683.0484008789,
  "3":-683.0484008789,
  "4":-682.8167114258,
  "5":-694.1062011719,
  "6":875.7382202148,
  "7":880.3518066406,
  "8":884.2446289062,
  "9":884.2446289062,
  "10":873.0069580078,
  "11":931.4066162109,
  "12":865.2961425781,
  "13":925.262512207,
  "14":855.0529174805
 },
 "Z":{
  "0":11776.03125,
  "1":11776.03125,
  "2":11774.162109375,
  "3":11774.162109375,
  "4":11774.1337890625,
  "5":11775.544921875,
  "6":11744.03125,
  "7":11744.03125,
  "8":11744.03125,
  "9":11744.03125,
  "10":11744.03125,
  "11":11744.03125,
  "12":11744.03125,
  "13":11744.03125,
  "14":11744.03125
 },
 "round":{
  "0":3,
  "1":3,
  "2":8,
  "3":8,
  "4":10,
  "5":10,
  "6":16,
  "7":16,
  "8":17,
  "9":17,
  "10":18,
  "11":18,
  "12":20,
  "13":20,
  "14":22
 }
}