{
 "tick":{
  "0":21349,
  "1":23973,
  "2":48166,
  "3":54217,
  "4":56841,
  "5":72772,
  "6":75396,
  "7":81061,
  "8":89659
 },
 "event":{
  "0":"planted",
  "1":"exploded",
  "2":"planted",
  "3":"planted",
  "4":"exploded",
  "5":"planted",
  "6":"exploded",
  "7":"planted",
  "8":"planted"
 },
 "site":{
  "0":"BombsiteB",
  "1":"BombsiteB",
  "2":"BombsiteB",
  "3":"BombsiteB",
  "4":"BombsiteB",
  "5":"BombsiteB",
  "6":"BombsiteB",
  "7":"BombsiteA",
  "8":"BombsiteB"
 },
 "X":{
  "0":-1136.03125,
  "1":-1136.03125,
  "2":-1029.2790527344,
  "3":-1028.8408203125,
  "4":-1028.8408203125,
  "5":-1136.0311279297,
  "6":-1136.0311279297,
  "7":1502.0369873047,
  "8":-1052.3679199219
 },
 "Y":{
  "0":699.96875,
  "1":699.96875,
  "2":599.97265625,
  "3":595.9065551758,
  "4":595.9065551758,
  "5":699.96875,
  "6":699.96875,
  "7":2160.4084472656,
  "8":599.96875
 },
 "Z":{
  "0":-1.96875,
  "1":-1.96875,
  "2":-1.96875,
  "3":-1.96875,
  "4":-1.96875,
  "5":-1.96875,
  "6":-1.96875,
  "7":-191.96875,
  "8":-1.96875
 },
 "round":{
  "0":3,
  "1":3,
  "2":7,
  "3":8,
  "4":8,
  "5":10,
  "6":10,
  "7":11,
  "8":12
 }
}