{
 "tick":{
  "0":18873,
  "1":21497,
  "2":48021,
  "3":50645,
  "4":55299,
  "5":130168,
  "6":132792,
  "7":152495,
  "8":155119,
  "9":168148,
  "10":170772,
  "11":177170
 },
 "event":{
  "0":"planted",
  "1":"exploded",
  "2":"planted",
  "3":"exploded",
  "4":"planted",
  "5":"planted",
  "6":"exploded",
  "7":"planted",
  "8":"exploded",
  "9":"planted",
  "10":"exploded",
  "11":"planted"
 },
 "site":{
  "0":"BombsiteA",
  "1":"BombsiteA",
  "2":"BombsiteB",
  "3":"BombsiteB",
  "4":"BombsiteA",
  "5":"BombsiteA",
  "6":"BombsiteA",
  "7":"BombsiteB",
  "8":"BombsiteB",
  "9":"BombsiteA",
  "10":"BombsiteA",
  "11":"BombsiteB"
 },
 "X":{
  "0":-350.7059326172,
  "1":-350.7059326172,
  "2":-2216.03125,
  "3":-2216.03125,
  "4":-356.2434692383,
  "5":-365.1416015625,
  "6":-365.1416015625,
  "7":-2216.0305175781,
  "8":-2216.0305175781,
  "9":-350.5958251953,
  "10":-350.5958251953,
  "11":-2216.0278320312
 },
 "Y":{
  "0":-683.6334838867,
  "1":-683.6334838867,
  "2":877.1768798828,
  "3":877.1768798828,
  "4":-684.8639526367,
  "5":-686.8413085938,
  "6":-686.8413085938,
  "7":886.8426513672,
  "8":886.8426513672,
  "9":-683.6089477539,
  "10":-683.6089477539,
  "11":884.6265258789
 },
 "Z":{
  "0":11774.2353515625,
  "1":11774.2353515625,
  "2":11744.03125,
  "3":11744.03125,
  "4":11774.3896484375,
  "5":11774.63671875,
  "6":11774.63671875,
  "7":11744.03125,
  "8":11744.03125,
  "9":11774.232421875,
  "10":11774.232421875,
  "11":11744.03125
 },
 "round":{
  "0":1,
  "1":1,
  "2":6,
  "3":6,
  "4":7,
  "5":17,
  "6":17,
  "7":19,
  "8":19,
  "9":21,
  "10":21,
  "11":22
 }
}