{
 "tick":{
  "0":3602,
  "1":6226,
  "2":10592,
  "3":13216,
  "4":18570,
  "5":21194,
  "6":34287,
  "7":36911,
  "8":45619,
  "9":48243,
  "10":59559,
  "11":68238,
  "12":77355,
  "13":79979,
  "14":87634,
  "15":90258,
  "16":95522,
  "17":97745
 },
 "event":{
  "0":"planted",
  "1":"exploded",
  "2":"planted",
  "3":"exploded",
  "4":"planted",
  "5":"exploded",
  "6":"planted",
  "7":"exploded",
  "8":"planted",
  "9":"exploded",
  "10":"planted",
  "11":"planted",
  "12":"planted",
  "13":"exploded",
  "14":"planted",
  "15":"exploded",
  "16":"planted",
  "17":"defused"
 },
 "site":{
  "0":"BombsiteA",
  "1":"BombsiteA",
  "2":"BombsiteB",
  "3":"BombsiteB",
  "4":"BombsiteA",
  "5":"BombsiteA",
  "6":"BombsiteA",
  "7":"BombsiteA",
  "8":"BombsiteA",
  "9":"BombsiteA",
  "10":"BombsiteA",
  "11":"BombsiteA",
  "12":"BombsiteB",
  "13":"BombsiteB",
  "14":"BombsiteA",
  "15":"BombsiteA",
  "16":"BombsiteB",
  "17":"BombsiteB"
 },
 "X":{
  "0":-1570.0804443359,
  "1":-1570.0804443359,
  "2":783.5028686523,
  "3":783.5028686523,
  "4":-1256.1613769531,
  "5":-1256.1613769531,
  "6":-1569.6563720703,
  "7":-1569.6563720703,
  "8":-1256.7275390625,
  "9":-1256.7275390625,
  "10":-1201.2386474609,
  "11":-1220.9879150391,
  "12":771.2053833008,
  "13":771.2053833008,
  "14":-1210.6411132812,
  "15":-1210.6411132812,
  "16":776.1790771484,
  "17":832.4613647461
 },
 "Y":{
  "0":704.9796142578,
  "1":704.9796142578,
  "2":4.9725241661,
  "3":4.9725241661,
  "4":729.96875,
  "5":729.96875,
  "6":702.3807983398,
  "7":702.3807983398,
  "8":729.96875,
  "9":729.96875,
  "10":893.03125,
  "11":897.9415893555,
  "12":217.9473266602,
  "13":217.9473266602,
  "14":904.3665771484,
  "15":904.3665771484,
  "16":4.9694266319,
  "17":-20.4677734375
 },
 "Z":{
  "0":56.03125,
  "1":56.03125,
  "2":130.9011230469,
  "3":130.9011230469,
  "4":56.03125,
  "5":56.03125,
  "6":56.03125,
  "7":56.03125,
  "8":56.03125,
  "9":56.03125,
  "10":62.03125,
  "11":62.03125,
  "12":134.03125,
  "13":134.03125,
  "14":60.7209854126,
  "15":60.7209854126,
  "16":130.9011230469,
  "17":130.9011077881
 },
 "round":{
  "0":1,
  "1":1,
  "2":2,
  "3":2,
  "4":3,
  "5":3,
  "6":4,
  "7":4,
  "8":5,
  "9":5,
  "10":6,
  "11":7,
  "12":8,
  "13":8,
  "14":9,
  "15":9,
  "16":10,
  "17":10
 }
}