{"tick":{"0":40777,"1":42056,"2":98641},"event":{"0":"planted","1":"defused","2":"planted"},"site":{"0":"BombsiteA","1":"BombsiteA","2":"BombsiteA"},"X":{"0":-253.96875,"1":-295.8592529297,"2":-291.9850463867},"Y":{"0":-2136.7412109375,"1":-2180.0454101562,"2":-2188.6181640625},"Z":{"0":-173.0654296875,"1":-172.4916381836,"2":-171.557434082},"round":{"0":5,"1":5,"2":13}}