{"tick":{"0":23331,"1":25288,"2":32688,"3":35312,"4":44575,"5":47199,"6":83074,"7":90097,"8":92721,"9":96887,"10":99511,"11":107472,"12":109463,"13":113277,"14":115901,"15":125127,"16":127751,"17":133040},"event":{"0":"planted","1":"defused","2":"planted","3":"exploded","4":"planted","5":"exploded","6":"planted","7":"planted","8":"exploded","9":"planted","10":"exploded","11":"planted","12":"defused","13":"planted","14":"exploded","15":"planted","16":"exploded","17":"planted"},"site":{"0":"BombsiteA","1":"BombsiteA","2":"BombsiteA","3":"BombsiteA","4":"BombsiteB","5":"BombsiteB","6":"BombsiteB","7":"BombsiteB","8":"BombsiteB","9":"BombsiteB","10":"BombsiteB","11":"BombsiteA","12":"BombsiteA","13":"BombsiteB","14":"BombsiteB","15":"BombsiteA","16":"BombsiteA","17":"BombsiteA"},"X":{"0":-347.03125,"1":-316.1362304688,"2":-359.775390625,"3":-359.775390625,"4":-2216.03125,"5":-2216.03125,"6":-2216.03125,"7":-2216.03125,"8":-2216.03125,"9":-2216.0285644531,"10":-2216.0285644531,"11":-347.03125,"12":-305.2005615234,"13":-2216.03125,"14":-2216.03125,"15":-347.03125,"16":-347.03125,"17":-347.03125},"Y":{"0":-682.8167114258,"1":-734.6838378906,"2":-685.6488037109,"3":-685.6488037109,"4":866.6076049805,"5":866.6076049805,"6":869.223815918,"7":861.4558105469,"8":861.4558105469,"9":879.4929199219,"10":879.4929199219,"11":-687.8343505859,"12":-733.2731323242,"13":869.4908447266,"14":869.4908447266,"15":-682.8167114258,"16":-682.8167114258,"17":-682.8167114258},"Z":{"0":11774.1337890625,"1":11776.03125,"2":11774.4873046875,"3":11774.4873046875,"4":11744.03125,"5":11744.03125,"6":11744.03125,"7":11744.03125,"8":11744.03125,"9":11744.03125,"10":11744.03125,"11":11774.7607421875,"12":11776.03125,"13":11744.03125,"14":11744.03125,"15":11774.1337890625,"16":11774.1337890625,"17":11774.1337890625},"round":{"0":3,"1":3,"2":4,"3":4,"4":6,"5":6,"6":11,"7":12,"8":12,"9":13,"10":13,"11":14,"12":14,"13":15,"14":15,"15":16,"16":16,"17":17}}