{"tick":{"0":13385,"1":14893,"2":21691,"3":24315,"4":37896,"5":42725,"6":45349,"7":53320,"8":68105,"9":81828,"10":84452,"11":92575,"12":112116,"13":112974},"event":{"0":"planted","1":"defused","2":"planted","3":"exploded","4":"planted","5":"planted","6":"exploded","7":"planted","8":"planted","9":"planted","10":"exploded","11":"planted","12":"planted","13":"defused"},"site":{"0":"BombsiteA","1":"BombsiteA","2":"BombsiteB","3":"BombsiteB","4":"BombsiteB","5":"BombsiteB","6":"BombsiteB","7":"BombsiteA","8":"BombsiteA","9":"BombsiteB","10":"BombsiteB","11":"BombsiteA","12":"BombsiteB","13":"BombsiteB"},"X":{"0":-114.0274047852,"1":-147.514465332,"2":-2229.8420410156,"3":-2229.8420410156,"4":-2228.869140625,"5":-2216.03125,"6":-2216.03125,"7":-351.0852050781,"8":-368.4073486328,"9":-2376.6789550781,"10":-2376.6789550781,"11":-378.1720581055,"12":-2216.0302734375,"13":-2248.5258789062},"Y":{"0":-540.03125,"1":-590.2077026367,"2":862.2382202148,"3":862.2382202148,"4":857.78515625,"5":866.7887573242,"6":866.7887573242,"7":-683.7155151367,"8":-696.7926025391,"9":722.2685546875,"10":722.2685546875,"11":-689.028137207,"12":873.9807128906,"13":915.9367675781},"Z":{"0":11776.03125,"1":11774.03125,"2":11744.03125,"3":11744.03125,"4":11744.03125,"5":11744.03125,"6":11744.03125,"7":11774.24609375,"8":11775.880859375,"9":11744.03125,"10":11744.03125,"11":11774.91015625,"12":11744.03125,"13":11744.03125},"round":{"0":2,"1":2,"2":3,"3":3,"4":5,"5":6,"6":6,"7":7,"8":9,"9":11,"10":11,"11":12,"12":13,"13":13}}