{
 "tick":{
  "0":22256,
  "1":23681,
  "2":40037,
  "3":49484,
  "4":52108,
  "5":57678,
  "6":59690,
  "7":65892,
  "8":68516,
  "9":72596,
  "10":75220,
  "11":81462,
  "12":107705,
  "13":127395,
  "14":138032,
  "15":140656,
  "16":155846
 },
 "event":{
  "0":"planted",
  "1":"defused",
  "2":"planted",
  "3":"planted",
  "4":"exploded",
  "5":"planted",
  "6":"defused",
  "7":"planted",
  "8":"exploded",
  "9":"planted",
  "10":"exploded",
  "11":"planted",
  "12":"planted",
  "13":"planted",
  "14":"planted",
  "15":"exploded",
  "16":"planted"
 },
 "site":{
  "0":"BombsiteB",
  "1":"BombsiteB",
  "2":"BombsiteA",
  "3":"BombsiteB",
  "4":"BombsiteB",
  "5":"BombsiteA",
  "6":"BombsiteA",
  "7":"BombsiteA",
  "8":"BombsiteA",
  "9":"BombsiteB",
  "10":"BombsiteB",
  "11":"BombsiteA",
  "12":"BombsiteA",
  "13":"BombsiteB",
  "14":"BombsiteA",
  "15":"BombsiteA",
  "16":"BombsiteB"
 },
 "X":{
  "0":-1061.0345458984,
  "1":-1033.5430908203,
  "2":1312.6387939453,
  "3":-1075.1168212891,
  "4":-1075.1168212891,
  "5":1109.1843261719,
  "6":1083.3203125,
  "7":1312.02734375,
  "8":1312.02734375,
  "9":-1224.1762695312,
  "10":-1224.1762695312,
  "11":1266.6807861328,
  "12":1282.6296386719,
  "13":-927.6672973633,
  "14":1285.0462646484,
  "15":1285.0462646484,
  "16":-1015.7653198242
 },
 "Y":{
  "0":599.96875,
  "1":546.4929199219,
  "2":2159.1206054688,
  "3":599.96875,
  "4":599.96875,
  "5":1971.6391601562,
  "6":1917.8891601562,
  "7":2170.5300292969,
  "8":2170.5300292969,
  "9":685.0121459961,
  "10":685.0121459961,
  "11":1837.0007324219,
  "12":1872.7420654297,
  "13":699.1549072266,
  "14":1905.1584472656,
  "15":1905.1584472656,
  "16":599.96875
 },
 "Z":{
  "0":-1.96875,
  "1":0.0312509537,
  "2":-191.96875,
  "3":-1.96875,
  "4":-1.96875,
  "5":-191.96875,
  "6":-191.96875,
  "7":-187.6090698242,
  "8":-187.6090698242,
  "9":0.03125,
  "10":0.03125,
  "11":-184.8297729492,
  "12":-188.4747924805,
  "13":-3.96875,
  "14":-191.96875,
  "15":-191.96875,
  "16":-1.96875
 },
 "round":{
  "0":3,
  "1":3,
  "2":6,
  "3":7,
  "4":7,
  "5":8,
  "6":8,
  "7":9,
  "8":9,
  "9":10,
  "10":10,
  "11":11,
  "12":13,
  "13":16,
  "14":17,
  "15":17,
  "16":19
 }
}