{
 "tick":{
  "0":15853,
  "1":18031,
  "2":29210,
  "3":29960,
  "4":52138,
  "5":54544,
  "6":61531,
  "7":64155,
  "8":68670,
  "9":71294,
  "10":81066,
  "11":83690,
  "12":124923,
  "13":126614,
  "14":136988,
  "15":143389,
  "16":146013,
  "17":153226,
  "18":155850
 },
 "event":{
  "0":"planted",
  "1":"defused",
  "2":"planted",
  "3":"defused",
  "4":"planted",
  "5":"defused",
  "6":"planted",
  "7":"exploded",
  "8":"planted",
  "9":"exploded",
  "10":"planted",
  "11":"exploded",
  "12":"planted",
  "13":"defused",
  "14":"planted",
  "15":"planted",
  "16":"exploded",
  "17":"planted",
  "18":"exploded"
 },
 "site":{
  "0":"BombsiteA",
  "1":"BombsiteA",
  "2":"BombsiteB",
  "3":"BombsiteB",
  "4":"BombsiteB",
  "5":"BombsiteB",
  "6":"BombsiteA",
  "7":"BombsiteA",
  "8":"BombsiteA",
  "9":"BombsiteA",
  "10":"BombsiteA",
  "11":"BombsiteA",
  "12":"BombsiteA",
  "13":"BombsiteA",
  "14":"BombsiteA",
  "15":"BombsiteA",
  "16":"BombsiteA",
  "17":"BombsiteA",
  "18":"BombsiteA"
 },
 "X":{
  "0":744.9786376953,
  "1":688.290222168,
  "2":641.9320678711,
  "3":585.3121337891,
  "4":449.6588745117,
  "5":429.0919189453,
  "6":503.0906066895,
  "7":503.0906066895,
  "8":624.6898193359,
  "9":624.6898193359,
  "10":646.9466552734,
  "11":646.9466552734,
  "12":641.1283569336,
  "13":697.642578125,
  "14":767.5811767578,
  "15":622.6303100586,
  "16":622.6303100586,
  "17":742.55859375,
  "18":742.55859375
 },
 "Y":{
  "0":-772.3288574219,
  "1":-774.1849365234,
  "2":-1256.03125,
  "3":-1273.9631347656,
  "4":-1219.4017333984,
  "5":-1276.7279052734,
  "6":-934.8258666992,
  "7":-934.8258666992,
  "8":-768.0327758789,
  "9":-768.0327758789,
  "10":-779.412902832,
  "11":-779.412902832,
  "12":-781.3517456055,
  "13":-795.5118408203,
  "14":-601.8618164062,
  "15":-767.7574462891,
  "16":-767.7574462891,
  "17":-825.9213256836,
  "18":-825.9213256836
 },
 "Z":{
  "0":-399.9682617188,
  "1":-403.6655883789,
  "2":-768.84375,
  "3":-769.96875,
  "4":-765.96875,
  "5":-765.96875,
  "6":-410.7886352539,
  "7":-410.7886352539,
  "8":-415.96875,
  "9":-415.96875,
  "10":-415.96875,
  "11":-415.96875,
  "12":-415.96875,
  "13":-399.96875,
  "14":-399.9683227539,
  "15":-399.96875,
  "16":-399.96875,
  "17":-399.9682617188,
  "18":-399.9682617188
 },
 "round":{
  "0":3,
  "1":3,
  "2":4,
  "3":4,
  "4":7,
  "5":7,
  "6":8,
  "7":8,
  "8":9,
  "9":9,
  "10":10,
  "11":10,
  "12":16,
  "13":16,
  "14":17,
  "15":18,
  "16":18,
  "17":19,
  "18":19
 }
}