{
 "tick":{
  "0":35496,
  "1":38120,
  "2":45585,
  "3":47744,
  "4":56071,
  "5":58202,
  "6":81303,
  "7":83927,
  "8":95531,
  "9":114617,
  "10":124384,
  "11":129307
 },
 "event":{
  "0":"planted",
  "1":"exploded",
  "2":"planted",
  "3":"defused",
  "4":"planted",
  "5":"defused",
  "6":"planted",
  "7":"exploded",
  "8":"planted",
  "9":"planted",
  "10":"planted",
  "11":"planted"
 },
 "site":{
  "0":"BombsiteB",
  "1":"BombsiteB",
  "2":"BombsiteA",
  "3":"BombsiteA",
  "4":"BombsiteA",
  "5":"BombsiteA",
  "6":"BombsiteA",
  "7":"BombsiteA",
  "8":"BombsiteB",
  "9":"BombsiteB",
  "10":"BombsiteA",
  "11":"BombsiteB"
 },
 "X":{
  "0":-1025.1942138672,
  "1":-1025.1942138672,
  "2":1235.0625,
  "3":1277.2508544922,
  "4":991.8242797852,
  "5":1029.4543457031,
  "6":1119.4071044922,
  "7":1119.4071044922,
  "8":-1136.03125,
  "9":-1043.0513916016,
  "10":1119.5169677734,
  "11":-1045.2102050781
 },
 "Y":{
  "0":542.3743286133,
  "1":542.3743286133,
  "2":1993.4453125,
  "3":1951.9405517578,
  "4":1853.2775878906,
  "5":1805.7821044922,
  "6":1979.1831054688,
  "7":1979.1831054688,
  "8":699.96875,
  "9":599.96875,
  "10":1827.9012451172,
  "11":589.783996582
 },
 "Z":{
  "0":0.03125,
  "1":0.03125,
  "2":-191.96875,
  "3":-191.96875,
  "4":-191.96875,
  "5":-191.96875,
  "6":-183.1809082031,
  "7":-183.1809082031,
  "8":-1.96875,
  "9":-1.96875,
  "10":-182.5290527344,
  "11":-3.96875
 },
 "round":{
  "0":5,
  "1":5,
  "2":6,
  "3":6,
  "4":7,
  "5":7,
  "6":10,
  "7":10,
  "8":12,
  "9":14,
  "10":15,
  "11":16
 }
}