{
 "tick":{
  "0":26215,
  "1":34489,
  "2":36697,
  "3":43488,
  "4":46112,
  "5":55913,
  "6":94143,
  "7":112996,
  "8":119780,
  "9":122404,
  "10":126610,
  "11":129234,
  "12":145505,
  "13":148129,
  "14":159368
 },
 "event":{
  "0":"planted",
  "1":"planted",
  "2":"defused",
  "3":"planted",
  "4":"exploded",
  "5":"planted",
  "6":"planted",
  "7":"planted",
  "8":"planted",
  "9":"exploded",
  "10":"planted",
  "11":"exploded",
  "12":"planted",
  "13":"exploded",
  "14":"planted"
 },
 "site":{
  "0":"BombsiteA",
  "1":"BombsiteA",
  "2":"BombsiteA",
  "3":"BombsiteA",
  "4":"BombsiteA",
  "5":"BombsiteA",
  "6":"BombsiteA",
  "7":"BombsiteA",
  "8":"BombsiteB",
  "9":"BombsiteB",
  "10":"BombsiteA",
  "11":"BombsiteA",
  "12":"BombsiteA",
  "13":"BombsiteA",
  "14":"BombsiteB"
 },
 "X":{
  "0":1188.4615478516,
  "1":1185.7905273438,
  "2":1246.4354248047,
  "3":968.7900390625,
  "4":968.7900390625,
  "5":1162.9338378906,
  "6":1261.2829589844,
  "7":1278.1872558594,
  "8":-1054.8218994141,
  "9":-1054.8218994141,
  "10":1289.0235595703,
  "11":1289.0235595703,
  "12":1258.3248291016,
  "13":1258.3248291016,
  "14":-1030.5946044922
 },
 "Y":{
  "0":1807.4772949219,
  "1":1996.810546875,
  "2":2005.4820556641,
  "3":1735.8974609375,
  "4":1735.8974609375,
  "5":1782.2641601562,
  "6":1828.1809082031,
  "7":1928.0520019531,
  "8":599.96875,
  "9":599.96875,
  "10":1877.5841064453,
  "11":1877.5841064453,
  "12":1822.9036865234,
  "13":1822.9036865234,
  "14":599.0385742188
 },
 "Z":{
  "0":-191.96875,
  "1":-180.5366210938,
  "2":-191.96875,
  "3":-187.4226074219,
  "4":-187.4226074219,
  "5":-191.96875,
  "6":-191.96875,
  "7":-178.9927978516,
  "8":-1.96875,
  "9":-1.96875,
  "10":-191.96875,
  "11":-191.96875,
  "12":-191.96875,
  "13":-191.96875,
  "14":-1.96875
 },
 "round":{
  "0":4,
  "1":5,
  "2":5,
  "3":6,
  "4":6,
  "5":7,
  "6":12,
  "7":15,
  "8":16,
  "9":16,
  "10":17,
  "11":17,
  "12":19,
  "13":19,
  "14":21
 }
}