{
 "tick":{
  "0":3851,
  "1":16960,
  "2":19584,
  "3":39576,
  "4":42200,
  "5":46705,
  "6":48500,
  "7":62051,
  "8":64675,
  "9":75256,
  "10":77880,
  "11":86030,
  "12":88654,
  "13":97121,
  "14":99480,
  "15":110291,
  "16":111933,
  "17":133156,
  "18":141171
 },
 "event":{
  "0":"planted",
  "1":"planted",
  "2":"exploded",
  "3":"planted",
  "4":"exploded",
  "5":"planted",
  "6":"defused",
  "7":"planted",
  "8":"exploded",
  "9":"planted",
  "10":"exploded",
  "11":"planted",
  "12":"exploded",
  "13":"planted",
  "14":"defused",
  "15":"planted",
  "16":"defused",
  "17":"planted",
  "18":"planted"
 },
 "site":{
  "0":"BombsiteB",
  "1":"BombsiteA",
  "2":"BombsiteA",
  "3":"BombsiteB",
  "4":"BombsiteB",
  "5":"BombsiteA",
  "6":"BombsiteA",
  "7":"BombsiteA",
  "8":"BombsiteA",
  "9":"BombsiteB",
  "10":"BombsiteB",
  "11":"BombsiteB",
  "12":"BombsiteB",
  "13":"BombsiteA",
  "14":"BombsiteA",
  "15":"BombsiteA",
  "16":"BombsiteA",
  "17":"BombsiteB",
  "18":"BombsiteA"
 },
 "X":{
  "0":-1075.3753662109,
  "1":1268.4169921875,
  "2":1268.4169921875,
  "3":-1060.5977783203,
  "4":-1060.5977783203,
  "5":1238.5687255859,
  "6":1181.0612792969,
  "7":1299.7955322266,
  "8":1299.7955322266,
  "9":-1051.8908691406,
  "10":-1051.8908691406,
  "11":-957.5162963867,
  "12":-957.5162963867,
  "13":992.5397338867,
  "14":1048.2384033203,
  "15":1104.2392578125,
  "16":1066.1755371094,
  "17":-1064.5230712891,
  "18":1498.0406494141
 },
 "Y":{
  "0":574.1159057617,
  "1":1966.365234375,
  "2":1966.365234375,
  "3":599.96875,
  "4":599.96875,
  "5":1991.2194824219,
  "6":2005.8032226562,
  "7":1820.2270507812,
  "8":1820.2270507812,
  "9":599.96875,
  "10":599.96875,
  "11":645.96875,
  "12":645.96875,
  "13":1769.5617675781,
  "14":1749.4398193359,
  "15":1962.3131103516,
  "16":1915.8342285156,
  "17":599.96875,
  "18":2015.2447509766
 },
 "Z":{
  "0":-3.96875,
  "1":-183.0710449219,
  "2":-183.0710449219,
  "3":-1.96875,
  "4":-1.96875,
  "5":-183.1713867188,
  "6":-191.96875,
  "7":-176.6993408203,
  "8":-176.6993408203,
  "9":-1.96875,
  "10":-1.96875,
  "11":-1.96875,
  "12":-1.96875,
  "13":-191.96875,
  "14":-191.96875,
  "15":-191.96875,
  "16":-191.96875,
  "17":-1.96875,
  "18":-179.7313232422
 },
 "round":{
  "0":1,
  "1":3,
  "2":3,
  "3":6,
  "4":6,
  "5":7,
  "6":7,
  "7":9,
  "8":9,
  "9":10,
  "10":10,
  "11":11,
  "12":11,
  "13":12,
  "14":12,
  "15":13,
  "16":13,
  "17":16,
  "18":17
 }
}