{"tick":{"0":8398,"1":13809,"2":16433,"3":61691,"4":63114,"5":78008,"6":98132,"7":108540,"8":109303,"9":140319,"10":142943,"11":150214,"12":152838,"13":156599,"14":159223,"15":172143,"16":174013,"17":187522,"18":190146,"19":199073},"event":{"0":"planted","1":"planted","2":"exploded","3":"planted","4":"defused","5":"planted","6":"planted","7":"planted","8":"defused","9":"planted","10":"exploded","11":"planted","12":"exploded","13":"planted","14":"exploded","15":"planted","16":"defused","17":"planted","18":"exploded","19":"planted"},"site":{"0":"BombsiteB","1":"BombsiteA","2":"BombsiteA","3":"BombsiteB","4":"BombsiteB","5":"BombsiteA","6":"BombsiteB","7":"BombsiteA","8":"BombsiteA","9":"BombsiteA","10":"BombsiteA","11":"BombsiteB","12":"BombsiteB","13":"BombsiteA","14":"BombsiteA","15":"BombsiteA","16":"BombsiteA","17":"BombsiteA","18":"BombsiteA","19":"BombsiteB"},"X":{"0":726.3363037109,"1":762.2911376953,"2":762.2911376953,"3":790.163269043,"4":757.1838378906,"5":652.6499633789,"6":340.03125,"7":799.629699707,"8":853.4947509766,"9":780.9884643555,"10":780.9884643555,"11":340.03125,"12":340.03125,"13":846.8309936523,"14":846.8309936523,"15":577.2796020508,"16":637.8428344727,"17":526.6111450195,"18":526.6111450195,"19":340.0306396484},"Y":{"0":-1175.0489501953,"1":-770.03125,"2":-770.03125,"3":-1080.9897460938,"4":-1133.1206054688,"5":-768.03125,"6":-715.8793334961,"7":-609.0770263672,"8":-578.4805297852,"9":-605.7111816406,"10":-605.7111816406,"11":-882.3422851562,"12":-882.3422851562,"13":-720.091003418,"14":-720.091003418,"15":-799.017578125,"16":-801.2108764648,"17":-903.7260742188,"18":-903.7260742188,"19":-906.9578857422},"Z":{"0":-768.96875,"1":-399.9682617188,"2":-399.9682617188,"3":-768.96875,"4":-768.96875,"5":-415.96875,"6":-765.96875,"7":-399.9682617188,"8":-399.9682617188,"9":-399.9683837891,"10":-399.9683837891,"11":-771.96875,"12":-771.96875,"13":-399.9682617188,"14":-399.9682617188,"15":-399.96875,"16":-415.96875,"17":-403.28125,"18":-403.28125,"19":-771.96875},"round":{"0":1,"1":2,"2":2,"3":6,"4":6,"5":8,"6":11,"7":12,"8":12,"9":15,"10":15,"11":16,"12":16,"13":17,"14":17,"15":19,"16":19,"17":21,"18":21,"19":22}}