{
 "tick":{
  "0":10397,
  "1":18673,
  "2":45758,
  "3":48382,
  "4":78221,
  "5":80845,
  "6":126747,
  "7":129371,
  "8":151921,
  "9":159356,
  "10":161980,
  "11":165913
 },
 "event":{
  "0":"planted",
  "1":"planted",
  "2":"planted",
  "3":"exploded",
  "4":"planted",
  "5":"exploded",
  "6":"planted",
  "7":"exploded",
  "8":"planted",
  "9":"planted",
  "10":"exploded",
  "11":"planted"
 },
 "site":{
  "0":"BombsiteB",
  "1":"BombsiteA",
  "2":"BombsiteB",
  "3":"BombsiteB",
  "4":"BombsiteB",
  "5":"BombsiteB",
  "6":"BombsiteA",
  "7":"BombsiteA",
  "8":"BombsiteA",
  "9":"BombsiteA",
  "10":"BombsiteA",
  "11":"BombsiteA"
 },
 "X":{
  "0":638.0815429688,
  "1":563.4338378906,
  "2":509.1577758789,
  "3":509.1577758789,
  "4":340.432220459,
  "5":340.432220459,
  "6":577.6868286133,
  "7":577.6868286133,
  "8":610.087890625,
  "9":646.8411865234,
  "10":646.8411865234,
  "11":695.3773193359
 },
 "Y":{
  "0":-1256.0281982422,
  "1":-744.5658569336,
  "2":-894.5816040039,
  "3":-894.5816040039,
  "4":-705.1997070312,
  "5":-705.1997070312,
  "6":-926.2022705078,
  "7":-926.2022705078,
  "8":-782.6189575195,
  "9":-768.9971923828,
  "10":-768.9971923828,
  "11":-765.6044921875
 },
 "Z":{
  "0":-768.84375,
  "1":-399.96875,
  "2":-771.96875,
  "3":-771.96875,
  "4":-765.96875,
  "5":-765.96875,
  "6":-408.7062988281,
  "7":-408.7062988281,
  "8":-415.96875,
  "9":-415.96875,
  "10":-415.96875,
  "11":-399.96875
 },
 "round":{
  "0":1,
  "1":2,
  "2":6,
  "3":6,
  "4":11,
  "5":11,
  "6":18,
  "7":18,
  "8":20,
  "9":21,
  "10":21,
  "11":22
 }
}