{"tick":{"0":9962,"1":11572,"2":14539,"3":17163,"4":22176,"5":28012,"6":33597,"7":36221,"8":43739,"9":60984,"10":78422,"11":81046,"12":85413,"13":88037,"14":111884,"15":113373},"event":{"0":"planted","1":"defused","2":"planted","3":"exploded","4":"planted","5":"planted","6":"planted","7":"exploded","8":"planted","9":"planted","10":"planted","11":"exploded","12":"planted","13":"exploded","14":"planted","15":"defused"},"site":{"0":"BombsiteB","1":"BombsiteB","2":"BombsiteB","3":"BombsiteB","4":"BombsiteA","5":"BombsiteA","6":"BombsiteA","7":"BombsiteA","8":"BombsiteB","9":"BombsiteB","10":"BombsiteB","11":"BombsiteB","12":"BombsiteA","13":"BombsiteA","14":"BombsiteB","15":"BombsiteB"},"X":{"0":869.03125,"1":907.0471801758,"2":869.0283813477,"3":869.0283813477,"4":-1574.6934814453,"5":-1242.6857910156,"6":-1570.6566162109,"7":-1570.6566162109,"8":869.0277099609,"9":799.1669921875,"10":869.03125,"11":869.03125,"12":-1568.4603271484,"13":-1568.4603271484,"14":819.4049072266,"15":869.03125},"Y":{"0":54.1136665344,"1":6.8499999046,"2":75.5035858154,"3":75.5035858154,"4":703.8465576172,"5":724.4969482422,"6":697.4169921875,"7":697.4169921875,"8":56.0440597534,"9":4.9687509537,"10":66.2721710205,"11":66.2721710205,"12":701.9478759766,"13":701.9478759766,"14":0.9014980793,"15":37.4238967896},"Z":{"0":130.9011077881,"1":130.03125,"2":130.9011077881,"3":130.9011077881,"4":56.03125,"5":56.03125,"6":56.03125,"7":56.03125,"8":130.9011077881,"9":130.9011230469,"10":130.9011077881,"11":130.9011077881,"12":56.03125,"13":56.03125,"14":130.9011230469,"15":130.9011077881},"round":{"0":1,"1":1,"2":2,"3":2,"4":3,"5":4,"6":5,"7":5,"8":6,"9":8,"10":10,"11":10,"12":11,"13":11,"14":15,"15":15}}