{
 "tick":{
  "0":3783,
  "1":10651,
  "2":13275,
  "3":20984,
  "4":29054,
  "5":31678,
  "6":38999,
  "7":41623,
  "8":53199,
  "9":55823,
  "10":63501,
  "11":74765,
  "12":83326,
  "13":112913,
  "14":134223,
  "15":145699,
  "16":151824,
  "17":159025,
  "18":160144
 },
 "event":{
  "0":"planted",
  "1":"planted",
  "2":"exploded",
  "3":"planted",
  "4":"planted",
  "5":"exploded",
  "6":"planted",
  "7":"exploded",
  "8":"planted",
  "9":"exploded",
  "10":"planted",
  "11":"planted",
  "12":"planted",
  "13":"planted",
  "14":"planted",
  "15":"planted",
  "16":"planted",
  "17":"planted",
  "18":"defused"
 },
 "site":{
  "0":"BombsiteA",
  "1":"BombsiteB",
  "2":"BombsiteB",
  "3":"BombsiteA",
  "4":"BombsiteA",
  "5":"BombsiteA",
  "6":"BombsiteB",
  "7":"BombsiteB",
  "8":"BombsiteB",
  "9":"BombsiteB",
  "10":"BombsiteB",
  "11":"BombsiteB",
  "12":"BombsiteB",
  "13":"BombsiteB",
  "14":"BombsiteA",
  "15":"BombsiteB",
  "16":"BombsiteA",
  "17":"BombsiteA",
  "18":"BombsiteA"
 },
 "X":{
  "0":-379.2790527344,
  "1":-2216.03125,
  "2":-2216.03125,
  "3":-360.5682983398,
  "4":-368.3582763672,
  "5":-368.3582763672,
  "6":-2220.6960449219,
  "7":-2220.6960449219,
  "8":-2216.03125,
  "9":-2216.03125,
  "10":-2216.03125,
  "11":-2326.2575683594,
  "12":-2369.7385253906,
  "13":-2216.03125,
  "14":-357.8756103516,
  "15":-2216.03125,
  "16":-347.03125,
  "17":-347.03125,
  "18":-325.1965942383
 },
 "Y":{
  "0":-689.03125,
  "1":870.716796875,
  "2":870.716796875,
  "3":-702.9500732422,
  "4":-687.5539550781,
  "5":-687.5539550781,
  "6":872.3070678711,
  "7":872.3070678711,
  "8":891.1647949219,
  "9":891.1647949219,
  "10":866.4152832031,
  "11":891.5778198242,
  "12":726.2516479492,
  "13":884.7923583984,
  "14":-685.2251586914,
  "15":877.335144043,
  "16":-682.8167114258,
  "17":-682.8167114258,
  "18":-736.2561645508
 },
 "Z":{
  "0":11774.91015625,
  "1":11744.03125,
  "2":11744.03125,
  "3":11776.03125,
  "4":11774.7255859375,
  "5":11774.7255859375,
  "6":11744.03125,
  "7":11744.03125,
  "8":11744.03125,
  "9":11744.03125,
  "10":11744.03125,
  "11":11744.03125,
  "12":11744.03125,
  "13":11744.03125,
  "14":11774.4345703125,
  "15":11744.03125,
  "16":11774.1337890625,
  "17":11774.1337890625,
  "18":11776.03125
 },
 "round":{
  "0":0,
  "1":1,
  "2":1,
  "3":2,
  "4":3,
  "5":3,
  "6":4,
  "7":4,
  "8":5,
  "9":5,
  "10":6,
  "11":7,
  "12":8,
  "13":11,
  "14":14,
  "15":15,
  "16":16,
  "17":17,
  "18":17
 }
}