{"tick":{"0":25220,"1":27258,"2":42858,"3":50874,"4":53498,"5":61846,"6":102332,"7":127900,"8":130150,"9":154203,"10":156223,"11":163922,"12":166546},"event":{"0":"planted","1":"defused","2":"planted","3":"planted","4":"exploded","5":"planted","6":"planted","7":"planted","8":"defused","9":"planted","10":"defused","11":"planted","12":"exploded"},"site":{"0":"BombsiteB","1":"BombsiteB","2":"BombsiteA","3":"BombsiteA","4":"BombsiteA","5":"BombsiteB","6":"BombsiteA","7":"BombsiteA","8":"BombsiteA","9":"BombsiteB","10":"BombsiteB","11":"BombsiteA","12":"BombsiteA"},"X":{"0":340.027923584,"1":346.8466186523,"2":646.8559570312,"3":707.784362793,"4":707.784362793,"5":352.621307373,"6":716.5370483398,"7":669.5676269531,"8":648.3096313477,"9":633.3173217773,"10":680.8140258789,"11":677.3021240234,"12":677.3021240234},"Y":{"0":-708.0059814453,"1":-766.2053833008,"2":-915.3123779297,"3":-768.6763305664,"4":-768.6763305664,"5":-706.0601196289,"6":-770.8809204102,"7":-765.434387207,"8":-822.5015258789,"9":-1309.537109375,"10":-1272.2305908203,"11":-791.3472290039,"12":-791.3472290039},"Z":{"0":-765.96875,"1":-771.96875,"2":-414.96875,"3":-399.9685058594,"4":-399.9685058594,"5":-765.96875,"6":-399.9683837891,"7":-399.96875,"8":-415.96875,"9":-765.96875,"10":-769.96875,"11":-414.6536865234,"12":-414.6536865234},"round":{"0":3,"1":3,"2":5,"3":6,"4":6,"5":7,"6":12,"7":16,"8":16,"9":19,"10":19,"11":20,"12":20}}