{
 "tick":{
  "0":4989,
  "1":7613,
  "2":22512,
  "3":27077,
  "4":37308,
  "5":47269,
  "6":54180,
  "7":56804,
  "8":76271,
  "9":85881,
  "10":99063,
  "11":106650,
  "12":109274,
  "13":113453,
  "14":114489
 },
 "event":{
  "0":"planted",
  "1":"exploded",
  "2":"planted",
  "3":"planted",
  "4":"planted",
  "5":"planted",
  "6":"planted",
  "7":"exploded",
  "8":"planted",
  "9":"planted",
  "10":"planted",
  "11":"planted",
  "12":"exploded",
  "13":"planted",
  "14":"defused"
 },
 "site":{
  "0":"BombsiteB",
  "1":"BombsiteB",
  "2":"BombsiteA",
  "3":"BombsiteB",
  "4":"BombsiteA",
  "5":"BombsiteA",
  "6":"BombsiteA",
  "7":"BombsiteA",
  "8":"BombsiteB",
  "9":"BombsiteB",
  "10":"BombsiteB",
  "11":"BombsiteB",
  "12":"BombsiteB",
  "13":"BombsiteB",
  "14":"BombsiteB"
 },
 "X":{
  "0":869.0283813477,
  "1":869.0283813477,
  "2":-1261.2030029297,
  "3":785.8491210938,
  "4":-1540.4395751953,
  "5":-1215.66015625,
  "6":-1579.001953125,
  "7":-1579.001953125,
  "8":791.2978515625,
  "9":781.0746459961,
  "10":845.9398803711,
  "11":800.864074707,
  "12":800.864074707,
  "13":804.5894165039,
  "14":745.4969482422
 },
 "Y":{
  "0":70.3461227417,
  "1":70.3461227417,
  "2":724.4526977539,
  "3":153.4055175781,
  "4":716.6389160156,
  "5":893.0306396484,
  "6":701.7553710938,
  "7":701.7553710938,
  "8":4.96875,
  "9":4.9687490463,
  "10":-94.5869140625,
  "11":4.9723134041,
  "12":4.9723134041,
  "13":1.7315187454,
  "14":-6.9241943359
 },
 "Z":{
  "0":130.9011077881,
  "1":130.9011077881,
  "2":56.03125,
  "3":130.03125,
  "4":56.03125,
  "5":62.03125,
  "6":56.03125,
  "7":56.03125,
  "8":130.9011230469,
  "9":130.9011230469,
  "10":134.03125,
  "11":130.9011230469,
  "12":130.9011230469,
  "13":130.9011230469,
  "14":130.03125
 },
 "round":{
  "0":1,
  "1":1,
  "2":2,
  "3":3,
  "4":5,
  "5":6,
  "6":7,
  "7":7,
  "8":9,
  "9":10,
  "10":12,
  "11":13,
  "12":13,
  "13":14,
  "14":14
 }
}