{
 "tick":{
  "0":15012,
  "1":17476,
  "2":39767,
  "3":42391,
  "4":105102,
  "5":110348
 },
 "event":{
  "0":"planted",
  "1":"defused",
  "2":"planted",
  "3":"exploded",
  "4":"planted",
  "5":"planted"
 },
 "site":{
  "0":"BombsiteB",
  "1":"BombsiteB",
  "2":"BombsiteB",
  "3":"BombsiteB",
  "4":"BombsiteB",
  "5":"BombsiteB"
 },
 "X":{
  "0":-1166.2501220703,
  "1":-1158.208984375,
  "2":-980.6616821289,
  "3":-980.6616821289,
  "4":-1069.5504150391,
  "5":-1166.2709960938
 },
 "Y":{
  "0":-81.4105834961,
  "1":-78.6181640625,
  "2":-28.0208740234,
  "3":-28.0208740234,
  "4":78.6899414062,
  "5":-84.4768066406
 },
 "Z":{
  "0":103.6652603149,
  "1":103.5312576294,
  "2":100.0312423706,
  "3":100.0312423706,
  "4":103.53125,
  "5":103.7886047363
 },
 "round":{
  "0":3,
  "1":3,
  "2":6,
  "3":6,
  "4":13,
  "5":14
 }
}