{
 "tick":{
  "0":8792,
  "1":10692,
  "2":16348,
  "3":18972,
  "4":26816,
  "5":33728,
  "6":40606,
  "7":61728,
  "8":64352,
  "9":94704,
  "10":96631,
  "11":106867,
  "12":109491,
  "13":151039,
  "14":156912,
  "15":159536
 },
 "event":{
  "0":"planted",
  "1":"defused",
  "2":"planted",
  "3":"exploded",
  "4":"planted",
  "5":"planted",
  "6":"planted",
  "7":"planted",
  "8":"exploded",
  "9":"planted",
  "10":"defused",
  "11":"planted",
  "12":"exploded",
  "13":"planted",
  "14":"planted",
  "15":"exploded"
 },
 "site":{
  "0":"BombsiteA",
  "1":"BombsiteA",
  "2":"BombsiteB",
  "3":"BombsiteB",
  "4":"BombsiteA",
  "5":"BombsiteA",
  "6":"BombsiteA",
  "7":"BombsiteA",
  "8":"BombsiteA",
  "9":"BombsiteA",
  "10":"BombsiteA",
  "11":"BombsiteA",
  "12":"BombsiteA",
  "13":"BombsiteB",
  "14":"BombsiteA",
  "15":"BombsiteA"
 },
 "X":{
  "0":788.9061889648,
  "1":757.4737548828,
  "2":358.4519348145,
  "3":358.4519348145,
  "4":514.3453979492,
  "5":694.8251953125,
  "6":661.6403808594,
  "7":754.9206542969,
  "8":754.9206542969,
  "9":696.3525390625,
  "10":750.9261474609,
  "11":727.9663696289,
  "12":727.9663696289,
  "13":514.0079956055,
  "14":675.1272583008,
  "15":675.1272583008
 },
 "Y":{
  "0":-606.9467163086,
  "1":-555.9075927734,
  "2":-701.2943115234,
  "3":-701.2943115234,
  "4":-932.6945800781,
  "5":-769.9667358398,
  "6":-775.1330566406,
  "7":-770.03125,
  "8":-770.03125,
  "9":-925.9635620117,
  "10":-901.5667724609,
  "11":-772.3178100586,
  "12":-772.3178100586,
  "13":-1002.0079956055,
  "14":-589.1379394531,
  "15":-589.1379394531
 },
 "Z":{
  "0":-399.9683227539,
  "1":-399.9682617188,
  "2":-765.96875,
  "3":-765.96875,
  "4":-410.2741088867,
  "5":-399.96875,
  "6":-415.96875,
  "7":-399.9682617188,
  "8":-399.9682617188,
  "9":-408.6486816406,
  "10":-402.7593994141,
  "11":-399.9682617188,
  "12":-399.9682617188,
  "13":-771.96875,
  "14":-415.96875,
  "15":-415.96875
 },
 "round":{
  "0":1,
  "1":1,
  "2":2,
  "3":2,
  "4":3,
  "5":4,
  "6":5,
  "7":7,
  "8":7,
  "9":11,
  "10":11,
  "11":12,
  "12":12,
  "13":17,
  "14":18,
  "15":18
 }
}