{
 "tick":{
  "0":25207,
  "1":26787,
  "2":31479,
  "3":39293,
  "4":44220,
  "5":58086,
  "6":60710,
  "7":70653,
  "8":94907,
  "9":97531,
  "10":110800,
  "11":119934,
  "12":151646,
  "13":154270,
  "14":160023,
  "15":171030,
  "16":172703
 },
 "event":{
  "0":"planted",
  "1":"defused",
  "2":"planted",
  "3":"planted",
  "4":"planted",
  "5":"planted",
  "6":"exploded",
  "7":"planted",
  "8":"planted",
  "9":"exploded",
  "10":"planted",
  "11":"planted",
  "12":"planted",
  "13":"exploded",
  "14":"planted",
  "15":"planted",
  "16":"defused"
 },
 "site":{
  "0":"BombsiteA",
  "1":"BombsiteA",
  "2":"BombsiteA",
  "3":"BombsiteB",
  "4":"BombsiteB",
  "5":"BombsiteB",
  "6":"BombsiteB",
  "7":"BombsiteA",
  "8":"BombsiteA",
  "9":"BombsiteA",
  "10":"BombsiteB",
  "11":"BombsiteB",
  "12":"BombsiteB",
  "13":"BombsiteB",
  "14":"BombsiteA",
  "15":"BombsiteB",
  "16":"BombsiteB"
 },
 "X":{
  "0":-2109.2924804688,
  "1":-2067.9526367188,
  "2":-2499.3701171875,
  "3":-1163.4420166016,
  "4":-1152.2335205078,
  "5":-1166.2803955078,
  "6":-1166.2803955078,
  "7":-2145.2551269531,
  "8":-2608.8029785156,
  "9":-2608.8029785156,
  "10":-1166.2325439453,
  "11":-1166.2745361328,
  "12":-1166.3081054688,
  "13":-1166.3081054688,
  "14":-2222.8366699219,
  "15":-998.2980957031,
  "16":-1030.3759765625
 },
 "Y":{
  "0":585.7887573242,
  "1":603.4690551758,
  "2":809.8850097656,
  "3":-101.8560791016,
  "4":-103.7330322266,
  "5":-79.5430297852,
  "6":-79.5430297852,
  "7":572.2806396484,
  "8":635.9691162109,
  "9":635.9691162109,
  "10":-80.8953857422,
  "11":-98.9855957031,
  "12":-90.9879150391,
  "13":-90.9879150391,
  "14":643.6321411133,
  "15":143.5076141357,
  "16":92.8705291748
 },
 "Z":{
  "0":522.5537109375,
  "1":522.2329711914,
  "2":476.03125,
  "3":103.53125,
  "4":103.53125,
  "5":103.8441543579,
  "6":103.8441543579,
  "7":522.1770629883,
  "8":484.03125,
  "9":484.03125,
  "10":103.5613937378,
  "11":103.8095321655,
  "12":104.0078887939,
  "13":104.0078887939,
  "14":476.53125,
  "15":103.53125,
  "16":103.53125
 },
 "round":{
  "0":1,
  "1":1,
  "2":2,
  "3":3,
  "4":4,
  "5":6,
  "6":6,
  "7":7,
  "8":10,
  "9":10,
  "10":12,
  "11":13,
  "12":17,
  "13":17,
  "14":18,
  "15":20,
  "16":20
 }
}