{
 "tick":{
  "0":8503,
  "1":11127,
  "2":26639,
  "3":29263,
  "4":64097,
  "5":66721,
  "6":81075,
  "7":82902,
  "8":101336,
  "9":103960,
  "10":109934
 },
 "event":{
  "0":"planted",
  "1":"exploded",
  "2":"planted",
  "3":"exploded",
  "4":"planted",
  "5":"exploded",
  "6":"planted",
  "7":"defused",
  "8":"planted",
  "9":"exploded",
  "10":"planted"
 },
 "site":{
  "0":"BombsiteA",
  "1":"BombsiteA",
  "2":"BombsiteB",
  "3":"BombsiteB",
  "4":"BombsiteB",
  "5":"BombsiteB",
  "6":"BombsiteA",
  "7":"BombsiteA",
  "8":"BombsiteA",
  "9":"BombsiteA",
  "10":"BombsiteB"
 },
 "X":{
  "0":820.6680908203,
  "1":820.6680908203,
  "2":635.2206420898,
  "3":635.2206420898,
  "4":340.0514526367,
  "5":340.0514526367,
  "6":834.4393920898,
  "7":850.0794677734,
  "8":806.7378540039,
  "9":806.7378540039,
  "10":424.6396179199
 },
 "Y":{
  "0":-608.4948730469,
  "1":-608.4948730469,
  "2":-1270.4698486328,
  "3":-1270.4698486328,
  "4":-733.1856689453,
  "5":-733.1856689453,
  "6":-630.9152832031,
  "7":-573.744140625,
  "8":-610.3146972656,
  "9":-610.3146972656,
  "10":-912.4728393555
 },
 "Z":{
  "0":-399.9682617188,
  "1":-399.9682617188,
  "2":-769.96875,
  "3":-769.96875,
  "4":-771.96875,
  "5":-771.96875,
  "6":-399.9682617188,
  "7":-399.9682617188,
  "8":-399.9682617188,
  "9":-399.9682617188,
  "10":-771.96875
 },
 "round":{
  "0":2,
  "1":2,
  "2":4,
  "3":4,
  "4":5,
  "5":5,
  "6":7,
  "7":7,
  "8":10,
  "9":10,
  "10":11
 }
}