{
 "tick":{
  "0":16724,
  "1":19348,
  "2":32352,
  "3":56173,
  "4":72762,
  "5":75386,
  "6":79076,
  "7":91554,
  "8":94178,
  "9":102488,
  "10":112974,
  "11":140856,
  "12":143480,
  "13":151496,
  "14":152401
 },
 "event":{
  "0":"planted",
  "1":"exploded",
  "2":"planted",
  "3":"planted",
  "4":"planted",
  "5":"exploded",
  "6":"planted",
  "7":"planted",
  "8":"exploded",
  "9":"planted",
  "10":"planted",
  "11":"planted",
  "12":"exploded",
  "13":"planted",
  "14":"defused"
 },
 "site":{
  "0":"BombsiteB",
  "1":"BombsiteB",
  "2":"BombsiteA",
  "3":"BombsiteA",
  "4":"BombsiteB",
  "5":"BombsiteB",
  "6":"BombsiteA",
  "7":"BombsiteB",
  "8":"BombsiteB",
  "9":"BombsiteB",
  "10":"BombsiteA",
  "11":"BombsiteA",
  "12":"BombsiteA",
  "13":"BombsiteB",
  "14":"BombsiteB"
 },
 "X":{
  "0":800.6095581055,
  "1":800.6095581055,
  "2":-1280.0294189453,
  "3":-1557.5340576172,
  "4":789.0004882812,
  "5":789.0004882812,
  "6":-1562.6495361328,
  "7":819.4895019531,
  "8":819.4895019531,
  "9":723.9724731445,
  "10":-1280.03125,
  "11":-1550.2360839844,
  "12":-1550.2360839844,
  "13":798.3937988281,
  "14":754.974609375
 },
 "Y":{
  "0":4.9687504768,
  "1":4.9687504768,
  "2":793.96875,
  "3":698.8087768555,
  "4":4.96875,
  "5":4.96875,
  "6":700.0173950195,
  "7":4.9720101357,
  "8":4.9720101357,
  "9":124.5486068726,
  "10":785.1077880859,
  "11":706.2779541016,
  "12":706.2779541016,
  "13":4.9687509537,
  "14":-36.0335083008
 },
 "Z":{
  "0":130.9011230469,
  "1":130.9011230469,
  "2":54.03125,
  "3":56.03125,
  "4":130.9011230469,
  "5":130.9011230469,
  "6":56.03125,
  "7":130.9011230469,
  "8":130.9011230469,
  "9":130.03125,
  "10":54.03125,
  "11":56.0312461853,
  "12":56.0312461853,
  "13":130.9011230469,
  "14":130.03125
 },
 "round":{
  "0":3,
  "1":3,
  "2":4,
  "3":7,
  "4":8,
  "5":8,
  "6":9,
  "7":10,
  "8":10,
  "9":11,
  "10":12,
  "11":16,
  "12":16,
  "13":17,
  "14":17
 }
}