{"tick":{"0":4318,"1":6942,"2":13071,"3":15695,"4":20446,"5":25847,"6":28471,"7":33669,"8":56710,"9":90309,"10":116280,"11":117897,"12":137499,"13":138994},"event":{"0":"planted","1":"exploded","2":"planted","3":"exploded","4":"planted","5":"planted","6":"exploded","7":"planted","8":"planted","9":"planted","10":"planted","11":"defused","12":"planted","13":"defused"},"site":{"0":"BombsiteA","1":"BombsiteA","2":"BombsiteA","3":"BombsiteA","4":"BombsiteB","5":"BombsiteB","6":"BombsiteB","7":"BombsiteA","8":"BombsiteB","9":"BombsiteB","10":"BombsiteB","11":"BombsiteB","12":"BombsiteB","13":"BombsiteB"},"X":{"0":-347.03125,"1":-347.03125,"2":-299.9144897461,"3":-299.9144897461,"4":-2216.03125,"5":-2223.8586425781,"6":-2223.8586425781,"7":-347.03125,"8":-2216.03125,"9":-2216.0275878906,"10":-2328.0131835938,"11":-2306.3195800781,"12":-2216.03125,"13":-2246.40234375},"Y":{"0":-682.8167114258,"1":-682.8167114258,"2":-713.030456543,"3":-713.030456543,"4":874.2559204102,"5":877.5955810547,"6":877.5955810547,"7":-682.8167114258,"8":862.9320068359,"9":885.2537231445,"10":911.4223022461,"11":968.2200317383,"12":873.869140625,"13":915.9203491211},"Z":{"0":11774.1337890625,"1":11774.1337890625,"2":11776.03125,"3":11776.03125,"4":11744.03125,"5":11744.03125,"6":11744.03125,"7":11774.1337890625,"8":11744.03125,"9":11744.03125,"10":11744.03125,"11":11744.03125,"12":11744.03125,"13":11744.03125},"round":{"0":1,"1":1,"2":2,"3":2,"4":3,"5":4,"6":4,"7":5,"8":8,"9":13,"10":17,"11":17,"12":20,"13":20}}