{
 "tick":{
  "0":36643,
  "1":55497,
  "2":58121,
  "3":85987,
  "4":93397,
  "5":94324,
  "6":104078,
  "7":105498,
  "8":110121,
  "9":112745,
  "10":157348,
  "11":159972,
  "12":166498,
  "13":167670,
  "14":174602,
  "15":182049,
  "16":184020
 },
 "event":{
  "0":"planted",
  "1":"planted",
  "2":"exploded",
  "3":"planted",
  "4":"planted",
  "5":"defused",
  "6":"planted",
  "7":"defused",
  "8":"planted",
  "9":"exploded",
  "10":"planted",
  "11":"exploded",
  "12":"planted",
  "13":"defused",
  "14":"planted",
  "15":"planted",
  "16":"defused"
 },
 "site":{
  "0":"BombsiteB",
  "1":"BombsiteA",
  "2":"BombsiteA",
  "3":"BombsiteA",
  "4":"BombsiteB",
  "5":"BombsiteB",
  "6":"BombsiteB",
  "7":"BombsiteB",
  "8":"BombsiteB",
  "9":"BombsiteB",
  "10":"BombsiteA",
  "11":"BombsiteA",
  "12":"BombsiteB",
  "13":"BombsiteB",
  "14":"BombsiteA",
  "15":"BombsiteA",
  "16":"BombsiteA"
 },
 "X":{
  "0":-1136.03125,
  "1":1285.1586914062,
  "2":1285.1586914062,
  "3":1286.5874023438,
  "4":-1159.2049560547,
  "5":-1107.7585449219,
  "6":-1052.2175292969,
  "7":-1106.1945800781,
  "8":-1052.9157714844,
  "9":-1052.9157714844,
  "10":1283.6359863281,
  "11":1283.6359863281,
  "12":-1024.4136962891,
  "13":-1085.2155761719,
  "14":1270.7095947266,
  "15":1280.0277099609,
  "16":1279.5006103516
 },
 "Y":{
  "0":699.96875,
  "1":1908.3597412109,
  "2":1908.3597412109,
  "3":1932.505859375,
  "4":817.3809814453,
  "5":787.8568115234,
  "6":599.9690551758,
  "7":590.797668457,
  "8":599.96875,
  "9":599.96875,
  "10":1876.3104248047,
  "11":1876.3104248047,
  "12":599.96875,
  "13":588.3831176758,
  "14":1843.6173095703,
  "15":1913.4934082031,
  "16":1851.6750488281
 },
 "Z":{
  "0":-1.96875,
  "1":-191.96875,
  "2":-191.96875,
  "3":-191.96875,
  "4":-3.96875,
  "5":-3.96875,
  "6":-1.96875,
  "7":-3.96875,
  "8":-1.96875,
  "9":-1.96875,
  "10":-191.96875,
  "11":-191.96875,
  "12":-1.96875,
  "13":-3.96875,
  "14":-188.309387207,
  "15":-179.3942871094,
  "16":-191.96875
 },
 "round":{
  "0":5,
  "1":8,
  "2":8,
  "3":11,
  "4":12,
  "5":12,
  "6":13,
  "7":13,
  "8":14,
  "9":14,
  "10":20,
  "11":20,
  "12":21,
  "13":21,
  "14":22,
  "15":23,
  "16":23
 }
}