{"tick":{"0":3377,"1":4147,"2":16491,"3":28983,"4":29971,"5":33128,"6":35752,"7":39427,"8":42051,"9":55364,"10":63822,"11":66446,"12":86957,"13":92109,"14":94733,"15":99396,"16":101221,"17":105769,"18":106931,"19":115289,"20":116732,"21":132136,"22":133126},"event":{"0":"planted","1":"defused","2":"planted","3":"planted","4":"defused","5":"planted","6":"exploded","7":"planted","8":"exploded","9":"planted","10":"planted","11":"exploded","12":"planted","13":"planted","14":"exploded","15":"planted","16":"defused","17":"planted","18":"defused","19":"planted","20":"defused","21":"planted","22":"defused"},"site":{"0":"BombsiteB","1":"BombsiteB","2":"BombsiteA","3":"BombsiteB","4":"BombsiteB","5":"BombsiteB","6":"BombsiteB","7":"BombsiteB","8":"BombsiteB","9":"BombsiteA","10":"BombsiteB","11":"BombsiteB","12":"BombsiteB","13":"BombsiteA","14":"BombsiteA","15":"BombsiteA","16":"BombsiteA","17":"BombsiteB","18":"BombsiteB","19":"BombsiteA","20":"BombsiteA","21":"BombsiteA","22":"BombsiteA"},"X":{"0":794.3743286133,"1":740.6500854492,"2":-1243.7498779297,"3":869.0285644531,"4":880.8778686523,"5":869.03125,"6":869.03125,"7":869.0276489258,"8":869.0276489258,"9":-1280.03125,"10":758.8179321289,"11":758.8179321289,"12":796.1599731445,"13":-1280.03125,"14":-1280.03125,"15":-1583.8065185547,"16":-1639.8214111328,"17":796.8327026367,"18":781.5897827148,"19":-1239.0823974609,"20":-1177.9926757812,"21":-1290.4172363281,"22":-1277.4360351562},"Y":{"0":4.96875,"1":-11.7255249023,"2":729.96875,"3":76.4008712769,"4":17.1223888397,"5":82.96875,"6":82.96875,"7":62.9027786255,"8":62.9027786255,"9":788.0484008789,"10":4.9724917412,"11":4.9724917412,"12":4.9706540108,"13":761.8598022461,"14":761.8598022461,"15":697.9868164062,"16":681.0662231445,"17":4.5345101357,"18":4.96875,"19":729.96875,"20":724.658996582,"21":757.946472168,"22":697.6901245117},"Z":{"0":130.9011230469,"1":130.03125,"2":56.03125,"3":130.9011077881,"4":130.9011077881,"5":130.9011077881,"6":130.9011077881,"7":130.9011077881,"8":130.9011077881,"9":54.03125,"10":130.9011230469,"11":130.9011230469,"12":130.9011230469,"13":54.03125,"14":54.03125,"15":56.03125,"16":55.9961967468,"17":130.9011230469,"18":130.9011230469,"19":56.03125,"20":52.3544502258,"21":54.03125,"22":56.03125},"round":{"0":1,"1":1,"2":3,"3":5,"4":5,"5":6,"6":6,"7":7,"8":7,"9":9,"10":10,"11":10,"12":13,"13":14,"14":14,"15":15,"16":15,"17":16,"18":16,"19":17,"20":17,"21":20,"22":20}}