{
 "tick":{
  "0":9966,
  "1":18995,
  "2":21619,
  "3":27054,
  "4":29678,
  "5":63648,
  "6":65246,
  "7":81355,
  "8":82411,
  "9":113604,
  "10":120397,
  "11":134806,
  "12":141923,
  "13":149405
 },
 "event":{
  "0":"planted",
  "1":"planted",
  "2":"exploded",
  "3":"planted",
  "4":"exploded",
  "5":"planted",
  "6":"defused",
  "7":"planted",
  "8":"defused",
  "9":"planted",
  "10":"planted",
  "11":"planted",
  "12":"planted",
  "13":"planted"
 },
 "site":{
  "0":"BombsiteB",
  "1":"BombsiteA",
  "2":"BombsiteA",
  "3":"BombsiteA",
  "4":"BombsiteA",
  "5":"BombsiteA",
  "6":"BombsiteA",
  "7":"BombsiteA",
  "8":"BombsiteA",
  "9":"BombsiteA",
  "10":"BombsiteA",
  "11":"BombsiteA",
  "12":"BombsiteB",
  "13":"BombsiteB"
 },
 "X":{
  "0":-1987.0277099609,
  "1":-336.0428466797,
  "2":-336.0428466797,
  "3":-253.1389160156,
  "4":-253.1389160156,
  "5":-565.1724853516,
  "6":-507.8975219727,
  "7":-474.0516967773,
  "8":-495.1915283203,
  "9":-434.9450683594,
  "10":-299.9222412109,
  "11":-429.0322265625,
  "12":-1885.0709228516,
  "13":-1893.0279541016
 },
 "Y":{
  "0":417.0565185547,
  "1":-2040.1379394531,
  "2":-2040.1379394531,
  "3":-2145.7165527344,
  "4":-2145.7165527344,
  "5":-2133.880859375,
  "6":-2113.2758789062,
  "7":-1996.6005859375,
  "8":-1939.2404785156,
  "9":-1996.06640625,
  "10":-2005.6212158203,
  "11":-1992.0611572266,
  "12":242.0298461914,
  "13":242.4775390625
 },
 "Z":{
  "0":-159.96875,
  "1":-176.0674438477,
  "2":-176.0674438477,
  "3":-173.3905639648,
  "4":-173.3905639648,
  "5":-179.96875,
  "6":-179.96875,
  "7":-179.96875,
  "8":-179.96875,
  "9":-179.96875,
  "10":-171.3226318359,
  "11":-179.96875,
  "12":-159.96875,
  "13":-159.96875
 },
 "round":{
  "0":1,
  "1":2,
  "2":2,
  "3":3,
  "4":3,
  "5":8,
  "6":8,
  "7":10,
  "8":10,
  "9":13,
  "10":14,
  "11":16,
  "12":17,
  "13":18
 }
}