{
 "tick":{
  "0":26933,
  "1":29557,
  "2":52416,
  "3":53054,
  "4":60333,
  "5":62957,
  "6":73612,
  "7":86734,
  "8":94060,
  "9":112161,
  "10":114785
 },
 "event":{
  "0":"planted",
  "1":"exploded",
  "2":"planted",
  "3":"defused",
  "4":"planted",
  "5":"exploded",
  "6":"planted",
  "7":"planted",
  "8":"planted",
  "9":"planted",
  "10":"exploded"
 },
 "site":{
  "0":"BombsiteA",
  "1":"BombsiteA",
  "2":"BombsiteB",
  "3":"BombsiteB",
  "4":"BombsiteA",
  "5":"BombsiteA",
  "6":"BombsiteB",
  "7":"BombsiteB",
  "8":"BombsiteA",
  "9":"BombsiteA",
  "10":"BombsiteA"
 },
 "X":{
  "0":-364.6370849609,
  "1":-364.6370849609,
  "2":-2216.03125,
  "3":-2238.8605957031,
  "4":-347.03125,
  "5":-347.03125,
  "6":-2216.03125,
  "7":-2317.3181152344,
  "8":-347.03125,
  "9":-358.849609375,
  "10":-358.849609375
 },
 "Y":{
  "0":-686.7291259766,
  "1":-686.7291259766,
  "2":928.4575195312,
  "3":955.7727661133,
  "4":-682.8154907227,
  "5":-682.8154907227,
  "6":874.748840332,
  "7":870.0640258789,
  "8":-682.8166503906,
  "9":-685.4431152344,
  "10":-685.4431152344
 },
 "Z":{
  "0":11774.623046875,
  "1":11774.623046875,
  "2":11744.03125,
  "3":11744.03125,
  "4":11774.1337890625,
  "5":11774.1337890625,
  "6":11744.03125,
  "7":11744.03125,
  "8":11774.1337890625,
  "9":11774.4619140625,
  "10":11774.4619140625
 },
 "round":{
  "0":4,
  "1":4,
  "2":7,
  "3":7,
  "4":8,
  "5":8,
  "6":9,
  "7":11,
  "8":12,
  "9":16,
  "10":16
 }
}