{"tick":{"0":8795,"1":10411,"2":26975,"3":35819,"4":38289,"5":46739,"6":49363,"7":60342,"8":73393,"9":74422,"10":85551,"11":91761,"12":94216,"13":99941,"14":113520,"15":121443,"16":124067,"17":131200,"18":133824,"19":149499},"event":{"0":"planted","1":"defused","2":"planted","3":"planted","4":"defused","5":"planted","6":"exploded","7":"planted","8":"planted","9":"defused","10":"planted","11":"planted","12":"defused","13":"planted","14":"planted","15":"planted","16":"exploded","17":"planted","18":"exploded","19":"planted"},"site":{"0":"BombsiteB","1":"BombsiteB","2":"BombsiteB","3":"BombsiteB","4":"BombsiteB","5":"BombsiteB","6":"BombsiteB","7":"BombsiteB","8":"BombsiteB","9":"BombsiteB","10":"BombsiteA","11":"BombsiteA","12":"BombsiteA","13":"BombsiteB","14":"BombsiteB","15":"BombsiteA","16":"BombsiteA","17":"BombsiteA","18":"BombsiteA","19":"BombsiteA"},"X":{"0":-1139.0291748047,"1":-1136.0289306641,"2":-1045.9279785156,"3":-1136.03125,"4":-1136.03125,"5":-1136.03125,"6":-1136.03125,"7":-1087.2354736328,"8":-1136.03125,"9":-1185.4930419922,"10":1267.4396972656,"11":1104.6536865234,"12":1087.6608886719,"13":-1136.0275878906,"14":-1070.1948242188,"15":1312.03125,"16":1312.03125,"17":1312.03125,"18":1312.03125,"19":1280.9099121094},"Y":{"0":693.655090332,"1":699.5135498047,"2":599.96875,"3":699.96875,"4":638.4110717773,"5":699.96875,"6":699.96875,"7":599.96875,"8":699.96875,"9":676.082824707,"10":1848.7008056641,"11":1970.7473144531,"12":1911.5900878906,"13":699.96875,"14":599.96875,"15":2180.4104003906,"16":2180.4104003906,"17":2179.4094238281,"18":2179.4094238281,"19":1911.5012207031},"Z":{"0":-1.96875,"1":-1.96875,"2":-1.96875,"3":-1.96875,"4":-1.96875,"5":-1.96875,"6":-1.96875,"7":-1.96875,"8":-1.96875,"9":-3.96875,"10":-177.9211425781,"11":-191.96875,"12":-191.96875,"13":-1.96875,"14":-1.96875,"15":-181.0221557617,"16":-181.0221557617,"17":-181.6895141602,"18":-181.6895141602,"19":-180.2239990234},"round":{"0":1,"1":1,"2":4,"3":5,"4":5,"5":7,"6":7,"7":8,"8":10,"9":10,"10":11,"11":12,"12":12,"13":13,"14":15,"15":16,"16":16,"17":17,"18":17,"19":19}}