{"tick":{"0":10144,"1":12768,"2":20521,"3":29593,"4":32043,"5":38026,"6":40320,"7":64359,"8":65161,"9":74137,"10":76761,"11":88408,"12":90870,"13":104000,"14":105083,"15":136529,"16":139153},"event":{"0":"planted","1":"exploded","2":"planted","3":"planted","4":"defused","5":"planted","6":"defused","7":"planted","8":"defused","9":"planted","10":"exploded","11":"planted","12":"defused","13":"planted","14":"defused","15":"planted","16":"exploded"},"site":{"0":"BombsiteA","1":"BombsiteA","2":"BombsiteA","3":"BombsiteB","4":"BombsiteB","5":"BombsiteB","6":"BombsiteB","7":"BombsiteB","8":"BombsiteB","9":"BombsiteA","10":"BombsiteA","11":"BombsiteA","12":"BombsiteA","13":"BombsiteA","14":"BombsiteA","15":"BombsiteA","16":"BombsiteA"},"X":{"0":596.0032348633,"1":596.0032348633,"2":787.4196166992,"3":384.1086425781,"4":342.9075622559,"5":644.2334594727,"6":606.8121337891,"7":448.4094238281,"8":393.6102294922,"9":652.2137451172,"10":652.2137451172,"11":702.8203735352,"12":758.0401000977,"13":671.1682128906,"14":613.8161621094,"15":651.8389892578,"16":651.8389892578},"Y":{"0":-902.3634033203,"1":-902.3634033203,"2":-568.3061523438,"3":-950.7783203125,"4":-914.1391601562,"5":-1314.3328857422,"6":-1265.1267089844,"7":-1251.4459228516,"8":-1275.3060302734,"9":-607.96875,"10":-607.96875,"11":-629.0319824219,"12":-605.2673950195,"13":-765.0142211914,"14":-785.1538085938,"15":-833.7457885742,"16":-833.7457885742},"Z":{"0":-412.0587158203,"1":-412.0587158203,"2":-399.9683837891,"3":-771.96875,"4":-771.96875,"5":-765.96875,"6":-769.96875,"7":-765.96875,"8":-767.96875,"9":-415.96875,"10":-415.96875,"11":-399.9686279297,"12":-399.9682617188,"13":-399.96875,"14":-415.96875,"15":-415.96875,"16":-415.96875},"round":{"0":1,"1":1,"2":2,"3":4,"4":4,"5":5,"6":5,"7":8,"8":8,"9":9,"10":9,"11":11,"12":11,"13":13,"14":13,"15":17,"16":17}}