{
 "tick":{
  "0":29103,
  "1":46604,
  "2":49228,
  "3":52793,
  "4":55417,
  "5":61990,
  "6":67384,
  "7":80812,
  "8":82840,
  "9":86561,
  "10":88737,
  "11":96356,
  "12":98336,
  "13":104228,
  "14":112251,
  "15":114875,
  "16":120181,
  "17":133850,
  "18":136474,
  "19":141438,
  "20":148795
 },
 "event":{
  "0":"planted",
  "1":"planted",
  "2":"exploded",
  "3":"planted",
  "4":"exploded",
  "5":"planted",
  "6":"planted",
  "7":"planted",
  "8":"defused",
  "9":"planted",
  "10":"defused",
  "11":"planted",
  "12":"defused",
  "13":"planted",
  "14":"planted",
  "15":"exploded",
  "16":"planted",
  "17":"planted",
  "18":"exploded",
  "19":"planted",
  "20":"planted"
 },
 "site":{
  "0":"BombsiteA",
  "1":"BombsiteB",
  "2":"BombsiteB",
  "3":"BombsiteA",
  "4":"BombsiteA",
  "5":"BombsiteB",
  "6":"BombsiteA",
  "7":"BombsiteA",
  "8":"BombsiteA",
  "9":"BombsiteB",
  "10":"BombsiteB",
  "11":"BombsiteB",
  "12":"BombsiteB",
  "13":"BombsiteB",
  "14":"BombsiteB",
  "15":"BombsiteB",
  "16":"BombsiteB",
  "17":"BombsiteA",
  "18":"BombsiteA",
  "19":"BombsiteB",
  "20":"BombsiteA"
 },
 "X":{
  "0":-1280.0524902344,
  "1":781.5307617188,
  "2":781.5307617188,
  "3":-1554.6436767578,
  "4":-1554.6436767578,
  "5":802.3270874023,
  "6":-1529.9656982422,
  "7":-1280.0633544922,
  "8":-1338.6146240234,
  "9":775.5571899414,
  "10":767.3806762695,
  "11":796.6650390625,
  "12":832.0810546875,
  "13":869.03125,
  "14":789.6976318359,
  "15":789.6976318359,
  "16":783.7568359375,
  "17":-1280.03125,
  "18":-1280.03125,
  "19":869.7669067383,
  "20":-1280.03125
 },
 "Y":{
  "0":793.9724731445,
  "1":4.96875,
  "2":4.96875,
  "3":716.5061035156,
  "4":716.5061035156,
  "5":4.968793869,
  "6":951.4234008789,
  "7":793.96875,
  "8":777.9390869141,
  "9":4.9687509537,
  "10":-38.4961547852,
  "11":4.9687504768,
  "12":-14.4272460938,
  "13":68.6706848145,
  "14":4.9713163376,
  "15":4.9713163376,
  "16":4.96875,
  "17":793.96875,
  "18":793.96875,
  "19":66.16746521,
  "20":793.96875
 },
 "Z":{
  "0":54.03125,
  "1":130.9011230469,
  "2":130.9011230469,
  "3":56.03125,
  "4":56.03125,
  "5":130.9011230469,
  "6":54.03125,
  "7":54.03125,
  "8":54.03125,
  "9":130.9011230469,
  "10":130.03125,
  "11":130.9011230469,
  "12":130.9011077881,
  "13":130.9011077881,
  "14":130.9011230469,
  "15":130.9011230469,
  "16":130.9011230469,
  "17":54.03125,
  "18":54.03125,
  "19":130.9011077881,
  "20":54.03125
 },
 "round":{
  "0":5,
  "1":6,
  "2":6,
  "3":7,
  "4":7,
  "5":8,
  "6":9,
  "7":11,
  "8":11,
  "9":12,
  "10":12,
  "11":13,
  "12":13,
  "13":14,
  "14":15,
  "15":15,
  "16":16,
  "17":18,
  "18":18,
  "19":19,
  "20":20
 }
}