{
 "tick":{
  "0":22973,
  "1":30104,
  "2":37435,
  "3":39810,
  "4":54299,
  "5":63752,
  "6":69775,
  "7":72399,
  "8":78852,
  "9":81476,
  "10":97032,
  "11":99656,
  "12":108881,
  "13":127592,
  "14":132367,
  "15":150452,
  "16":168040,
  "17":170664,
  "18":177775,
  "19":179181
 },
 "event":{
  "0":"planted",
  "1":"planted",
  "2":"planted",
  "3":"defused",
  "4":"planted",
  "5":"planted",
  "6":"planted",
  "7":"exploded",
  "8":"planted",
  "9":"exploded",
  "10":"planted",
  "11":"exploded",
  "12":"planted",
  "13":"planted",
  "14":"planted",
  "15":"planted",
  "16":"planted",
  "17":"exploded",
  "18":"planted",
  "19":"defused"
 },
 "site":{
  "0":"BombsiteB",
  "1":"BombsiteA",
  "2":"BombsiteB",
  "3":"BombsiteB",
  "4":"BombsiteB",
  "5":"BombsiteA",
  "6":"BombsiteA",
  "7":"BombsiteA",
  "8":"BombsiteB",
  "9":"BombsiteB",
  "10":"BombsiteB",
  "11":"BombsiteB",
  "12":"BombsiteB",
  "13":"BombsiteA",
  "14":"BombsiteB",
  "15":"BombsiteB",
  "16":"BombsiteA",
  "17":"BombsiteA",
  "18":"BombsiteA",
  "19":"BombsiteA"
 },
 "X":{
  "0":-2216.03125,
  "1":-94.6735839844,
  "2":-2216.03125,
  "3":-2232.1325683594,
  "4":-2216.03125,
  "5":-347.030456543,
  "6":-347.03125,
  "7":-347.03125,
  "8":-2321.6188964844,
  "9":-2321.6188964844,
  "10":-2216.03125,
  "11":-2216.03125,
  "12":-2216.02734375,
  "13":-359.9621582031,
  "14":-2261.1467285156,
  "15":-2225.4162597656,
  "16":-433.7470092773,
  "17":-433.7470092773,
  "18":-95.8817749023,
  "19":-140.7902832031
 },
 "Y":{
  "0":868.6834106445,
  "1":-732.03125,
  "2":876.0983276367,
  "3":819.1920776367,
  "4":867.1307983398,
  "5":-682.8165283203,
  "6":-682.8167114258,
  "7":-682.8167114258,
  "8":745.03125,
  "9":745.03125,
  "10":859.1159667969,
  "11":859.1159667969,
  "12":870.6849365234,
  "13":-685.6903076172,
  "14":658.3743286133,
  "15":873.5946655273,
  "16":-730.9514160156,
  "17":-730.9514160156,
  "18":-732.03125,
  "19":-690.1077270508
 },
 "Z":{
  "0":11744.03125,
  "1":11776.03125,
  "2":11744.03125,
  "3":11744.03125,
  "4":11744.03125,
  "5":11774.1337890625,
  "6":11774.1337890625,
  "7":11774.1337890625,
  "8":11744.03125,
  "9":11744.03125,
  "10":11744.03125,
  "11":11744.03125,
  "12":11744.03125,
  "13":11774.4931640625,
  "14":11744.03125,
  "15":11744.03125,
  "16":11776.03125,
  "17":11776.03125,
  "18":11776.03125,
  "19":11775.044921875
 },
 "round":{
  "0":0,
  "1":1,
  "2":2,
  "3":2,
  "4":4,
  "5":5,
  "6":6,
  "7":6,
  "8":7,
  "9":7,
  "10":9,
  "11":9,
  "12":11,
  "13":12,
  "14":13,
  "15":16,
  "16":18,
  "17":18,
  "18":19,
  "19":19
 }
}