{
 "tick":{
  "0":42754,
  "1":45378,
  "2":69614,
  "3":72238,
  "4":82327,
  "5":84951,
  "6":89978,
  "7":92602,
  "8":98877,
  "9":101501,
  "10":112113,
  "11":154409,
  "12":155876
 },
 "event":{
  "0":"planted",
  "1":"exploded",
  "2":"planted",
  "3":"exploded",
  "4":"planted",
  "5":"exploded",
  "6":"planted",
  "7":"exploded",
  "8":"planted",
  "9":"exploded",
  "10":"planted",
  "11":"planted",
  "12":"defused"
 },
 "site":{
  "0":"BombsiteA",
  "1":"BombsiteA",
  "2":"BombsiteA",
  "3":"BombsiteA",
  "4":"BombsiteA",
  "5":"BombsiteA",
  "6":"BombsiteB",
  "7":"BombsiteB",
  "8":"BombsiteB",
  "9":"BombsiteB",
  "10":"BombsiteB",
  "11":"BombsiteB",
  "12":"BombsiteB"
 },
 "X":{
  "0":-2532.0122070312,
  "1":-2532.0122070312,
  "2":-2144.5266113281,
  "3":-2144.5266113281,
  "4":-2535.5317382812,
  "5":-2535.5317382812,
  "6":-1163.0548095703,
  "7":-1163.0548095703,
  "8":-976.3134155273,
  "9":-976.3134155273,
  "10":-1164.7139892578,
  "11":-994.3922729492,
  "12":-1030.2912597656
 },
 "Y":{
  "0":646.8315429688,
  "1":646.8315429688,
  "2":572.6421508789,
  "3":572.6421508789,
  "4":647.3973999023,
  "5":647.3973999023,
  "6":-32.6206054688,
  "7":-32.6206054688,
  "8":-46.102355957,
  "9":-46.102355957,
  "10":-72.6184692383,
  "11":148.7305450439,
  "12":99.2156143188
 },
 "Z":{
  "0":484.03125,
  "1":484.03125,
  "2":522.1853637695,
  "3":522.1853637695,
  "4":484.03125,
  "5":484.03125,
  "6":103.5312423706,
  "7":103.5312423706,
  "8":100.0312423706,
  "9":100.0312423706,
  "10":103.53125,
  "11":101.9557342529,
  "12":103.53125
 },
 "round":{
  "0":5,
  "1":5,
  "2":8,
  "3":8,
  "4":9,
  "5":9,
  "6":10,
  "7":10,
  "8":11,
  "9":11,
  "10":12,
  "11":17,
  "12":17
 }
}