{
 "tick":{
  "0":15064,
  "1":16918,
  "2":31433,
  "3":42124,
  "4":44748,
  "5":49096,
  "6":51720,
  "7":60305,
  "8":65322,
  "9":81414,
  "10":84038,
  "11":95316,
  "12":110237,
  "13":111822
 },
 "event":{
  "0":"planted",
  "1":"defused",
  "2":"planted",
  "3":"planted",
  "4":"exploded",
  "5":"planted",
  "6":"exploded",
  "7":"planted",
  "8":"planted",
  "9":"planted",
  "10":"exploded",
  "11":"planted",
  "12":"planted",
  "13":"defused"
 },
 "site":{
  "0":"BombsiteB",
  "1":"BombsiteB",
  "2":"BombsiteA",
  "3":"BombsiteB",
  "4":"BombsiteB",
  "5":"BombsiteA",
  "6":"BombsiteA",
  "7":"BombsiteB",
  "8":"BombsiteB",
  "9":"BombsiteA",
  "10":"BombsiteA",
  "11":"BombsiteA",
  "12":"BombsiteA",
  "13":"BombsiteA"
 },
 "X":{
  "0":-1987.0311279297,
  "1":-2036.4211425781,
  "2":-494.2659912109,
  "3":-1883.1070556641,
  "4":-1883.1070556641,
  "5":-330.6404418945,
  "6":-330.6404418945,
  "7":-1876.1876220703,
  "8":-1876.3433837891,
  "9":-253.4689941406,
  "10":-253.4689941406,
  "11":-549.8685302734,
  "12":-253.96875,
  "13":-193.873840332
 },
 "Y":{
  "0":423.6867980957,
  "1":458.1192626953,
  "2":-2010.4239501953,
  "3":244.8622283936,
  "4":244.8622283936,
  "5":-2001.7017822266,
  "6":-2001.7017822266,
  "7":254.3369750977,
  "8":321.3804931641,
  "9":-2174.625,
  "10":-2174.625,
  "11":-2200.4812011719,
  "12":-2134.439453125,
  "13":-2131.3510742188
 },
 "Z":{
  "0":-159.96875,
  "1":-159.96875,
  "2":-179.96875,
  "3":-159.96875,
  "4":-159.96875,
  "5":-173.87890625,
  "6":-173.87890625,
  "7":-159.96875,
  "8":-159.96875,
  "9":-171.0894775391,
  "10":-171.0894775391,
  "11":-179.96875,
  "12":-172.9631347656,
  "13":-167.96875
 },
 "round":{
  "0":2,
  "1":2,
  "2":4,
  "3":6,
  "4":6,
  "5":7,
  "6":7,
  "7":8,
  "8":9,
  "9":11,
  "10":11,
  "11":13,
  "12":16,
  "13":16
 }
}