{
 "tick":{
  "0":57855,
  "1":58737,
  "2":84769,
  "3":87393,
  "4":92126,
  "5":94750,
  "6":100239,
  "7":107328,
  "8":117163,
  "9":119787,
  "10":137312,
  "11":153342,
  "12":155966,
  "13":180797,
  "14":183421,
  "15":189211,
  "16":191835,
  "17":196899,
  "18":205497,
  "19":212144,
  "20":227123
 },
 "event":{
  "0":"planted",
  "1":"defused",
  "2":"planted",
  "3":"exploded",
  "4":"planted",
  "5":"exploded",
  "6":"planted",
  "7":"planted",
  "8":"planted",
  "9":"exploded",
  "10":"planted",
  "11":"planted",
  "12":"exploded",
  "13":"planted",
  "14":"exploded",
  "15":"planted",
  "16":"exploded",
  "17":"planted",
  "18":"planted",
  "19":"planted",
  "20":"planted"
 },
 "site":{
  "0":"BombsiteB",
  "1":"BombsiteB",
  "2":"BombsiteB",
  "3":"BombsiteB",
  "4":"BombsiteB",
  "5":"BombsiteB",
  "6":"BombsiteB",
  "7":"BombsiteB",
  "8":"BombsiteB",
  "9":"BombsiteB",
  "10":"BombsiteB",
  "11":"BombsiteA",
  "12":"BombsiteA",
  "13":"BombsiteA",
  "14":"BombsiteA",
  "15":"BombsiteA",
  "16":"BombsiteA",
  "17":"BombsiteB",
  "18":"BombsiteB",
  "19":"BombsiteB",
  "20":"BombsiteB"
 },
 "X":{
  "0":796.5162963867,
  "1":816.4290161133,
  "2":1116.1827392578,
  "3":1116.1827392578,
  "4":869.237121582,
  "5":869.237121582,
  "6":1062.6259765625,
  "7":779.6405029297,
  "8":1075.8131103516,
  "9":1075.8131103516,
  "10":795.0178833008,
  "11":-1569.6408691406,
  "12":-1569.6408691406,
  "13":-1251.8000488281,
  "14":-1251.8000488281,
  "15":-1566.6845703125,
  "16":-1566.6845703125,
  "17":869.03125,
  "18":869.03125,
  "19":831.7294311523,
  "20":722.9971313477
 },
 "Y":{
  "0":4.9687495232,
  "1":-52.6307373047,
  "2":36.5862083435,
  "3":36.5862083435,
  "4":82.96875,
  "5":82.96875,
  "6":164.4004364014,
  "7":4.9687490463,
  "8":129.2299957275,
  "9":129.2299957275,
  "10":4.96875,
  "11":705.5835571289,
  "12":705.5835571289,
  "13":729.96875,
  "14":729.96875,
  "15":713.5901489258,
  "16":713.5901489258,
  "17":77.0423126221,
  "18":52.4725875854,
  "19":-9.4397583008,
  "20":75.2634887695
 },
 "Z":{
  "0":130.9011230469,
  "1":130.9011077881,
  "2":134.03125,
  "3":134.03125,
  "4":130.9011077881,
  "5":130.9011077881,
  "6":134.03125,
  "7":130.9011230469,
  "8":134.03125,
  "9":134.03125,
  "10":130.9011230469,
  "11":56.03125,
  "12":56.03125,
  "13":56.03125,
  "14":56.03125,
  "15":56.03125,
  "16":56.03125,
  "17":130.9011077881,
  "18":130.9011077881,
  "19":130.9011077881,
  "20":130.9011077881
 },
 "round":{
  "0":1,
  "1":1,
  "2":2,
  "3":2,
  "4":3,
  "5":3,
  "6":4,
  "7":5,
  "8":6,
  "9":6,
  "10":8,
  "11":11,
  "12":11,
  "13":13,
  "14":13,
  "15":15,
  "16":15,
  "17":16,
  "18":17,
  "19":18,
  "20":20
 }
}