{
 "tick":{
  "0":23543,
  "1":34068,
  "2":36692,
  "3":46977,
  "4":49601,
  "5":56326,
  "6":89018,
  "7":97800,
  "8":109210,
  "9":134298,
  "10":139606,
  "11":142230,
  "12":156810,
  "13":159434,
  "14":166913,
  "15":169019
 },
 "event":{
  "0":"planted",
  "1":"planted",
  "2":"exploded",
  "3":"planted",
  "4":"exploded",
  "5":"planted",
  "6":"planted",
  "7":"planted",
  "8":"planted",
  "9":"planted",
  "10":"planted",
  "11":"exploded",
  "12":"planted",
  "13":"exploded",
  "14":"planted",
  "15":"defused"
 },
 "site":{
  "0":"BombsiteB",
  "1":"BombsiteB",
  "2":"BombsiteB",
  "3":"BombsiteA",
  "4":"BombsiteA",
  "5":"BombsiteB",
  "6":"BombsiteA",
  "7":"BombsiteB",
  "8":"BombsiteB",
  "9":"BombsiteB",
  "10":"BombsiteB",
  "11":"BombsiteB",
  "12":"BombsiteA",
  "13":"BombsiteA",
  "14":"BombsiteA",
  "15":"BombsiteA"
 },
 "X":{
  "0":-1136.0295410156,
  "1":-1136.03125,
  "2":-1136.03125,
  "3":1362.6956787109,
  "4":1362.6956787109,
  "5":-1136.03125,
  "6":1184.0408935547,
  "7":-1043.3193359375,
  "8":-1049.3011474609,
  "9":-1063.4193115234,
  "10":-1060.107421875,
  "11":-1060.107421875,
  "12":1312.03125,
  "13":1312.03125,
  "14":1198.5020751953,
  "15":1258.7624511719
 },
 "Y":{
  "0":699.9692382812,
  "1":699.96875,
  "2":699.96875,
  "3":2089.4309082031,
  "4":2089.4309082031,
  "5":699.96875,
  "6":2016.9141845703,
  "7":599.96875,
  "8":599.96875,
  "9":599.96875,
  "10":599.9698486328,
  "11":599.9698486328,
  "12":2173.9267578125,
  "13":2173.9267578125,
  "14":1995.3792724609,
  "15":1998.4898681641
 },
 "Z":{
  "0":-1.96875,
  "1":-1.96875,
  "2":-1.96875,
  "3":-191.96875,
  "4":-191.96875,
  "5":-1.96875,
  "6":-191.96875,
  "7":-1.96875,
  "8":-1.96875,
  "9":-1.96875,
  "10":-1.96875,
  "11":-1.96875,
  "12":-185.3446044922,
  "13":-185.3446044922,
  "14":-179.3474731445,
  "15":-191.96875
 },
 "round":{
  "0":0,
  "1":2,
  "2":2,
  "3":3,
  "4":3,
  "5":4,
  "6":8,
  "7":9,
  "8":10,
  "9":12,
  "10":13,
  "11":13,
  "12":15,
  "13":15,
  "14":16,
  "15":16
 }
}