{
 "tick":{
  "0":9800,
  "1":11291,
  "2":60060,
  "3":117681,
  "4":119446,
  "5":123788
 },
 "event":{
  "0":"planted",
  "1":"defused",
  "2":"planted",
  "3":"planted",
  "4":"defused",
  "5":"planted"
 },
 "site":{
  "0":"BombsiteA",
  "1":"BombsiteA",
  "2":"BombsiteB",
  "3":"BombsiteA",
  "4":"BombsiteA",
  "5":"BombsiteB"
 },
 "X":{
  "0":-303.3572998047,
  "1":-362.5882568359,
  "2":-2216.03125,
  "3":-347.03125,
  "4":-306.1512451172,
  "5":-2324.9477539062
 },
 "Y":{
  "0":-713.03125,
  "1":-696.1260986328,
  "2":871.3558349609,
  "3":-682.8167114258,
  "4":-727.419128418,
  "5":745.03125
 },
 "Z":{
  "0":11776.03125,
  "1":11775.796875,
  "2":11744.03125,
  "3":11774.1337890625,
  "4":11776.03125,
  "5":11744.03125
 },
 "round":{
  "0":1,
  "1":1,
  "2":7,
  "3":13,
  "4":13,
  "5":14
 }
}