{"tick":{"0":3146,"1":25965,"2":27795,"3":38767,"4":41391,"5":46899,"6":52457,"7":62317,"8":63932,"9":73967,"10":76591,"11":82967,"12":94703,"13":97327,"14":105223,"15":111838,"16":114462,"17":121380,"18":124004,"19":127622,"20":130246,"21":136788,"22":139412,"23":145676,"24":152425},"event":{"0":"planted","1":"planted","2":"defused","3":"planted","4":"exploded","5":"planted","6":"planted","7":"planted","8":"defused","9":"planted","10":"exploded","11":"planted","12":"planted","13":"exploded","14":"planted","15":"planted","16":"exploded","17":"planted","18":"exploded","19":"planted","20":"exploded","21":"planted","22":"exploded","23":"planted","24":"planted"},"site":{"0":"BombsiteB","1":"BombsiteB","2":"BombsiteB","3":"BombsiteB","4":"BombsiteB","5":"BombsiteB","6":"BombsiteA","7":"BombsiteB","8":"BombsiteB","9":"BombsiteB","10":"BombsiteB","11":"BombsiteA","12":"BombsiteA","13":"BombsiteA","14":"BombsiteA","15":"BombsiteA","16":"BombsiteA","17":"BombsiteA","18":"BombsiteA","19":"BombsiteB","20":"BombsiteB","21":"BombsiteA","22":"BombsiteA","23":"BombsiteB","24":"BombsiteA"},"X":{"0":806.852355957,"1":796.3177490234,"2":858.033203125,"3":1003.1430053711,"4":1003.1430053711,"5":819.4710693359,"6":-1557.9722900391,"7":777.0771484375,"8":751.5493164062,"9":795.2352294922,"10":795.2352294922,"11":-1559.4581298828,"12":-1207.0166015625,"13":-1207.0166015625,"14":-1205.6319580078,"15":-1247.8984375,"16":-1247.8984375,"17":-1571.3131103516,"18":-1571.3131103516,"19":869.03125,"20":869.03125,"21":-1241.3619384766,"22":-1241.3619384766,"23":1108.9284667969,"24":-1551.4117431641},"Y":{"0":4.9715151787,"1":4.9712615013,"2":2.9498829842,"3":114.7300262451,"4":114.7300262451,"5":4.9687509537,"6":710.632019043,"7":4.9687514305,"8":-51.1783447266,"9":4.9687495232,"10":4.9687495232,"11":712.7235717773,"12":893.03125,"13":893.03125,"14":893.03125,"15":729.96875,"16":729.96875,"17":716.6306762695,"18":716.6306762695,"19":70.1974487305,"20":70.1974487305,"21":729.96875,"22":729.96875,"23":58.4050178528,"24":707.6693115234},"Z":{"0":130.9011230469,"1":130.9011230469,"2":130.9011230469,"3":130.03125,"4":130.03125,"5":130.9011230469,"6":56.03125,"7":130.9011230469,"8":130.03125,"9":130.9011230469,"10":130.9011230469,"11":56.03125,"12":62.03125,"13":62.03125,"14":62.03125,"15":56.03125,"16":56.03125,"17":56.03125,"18":56.03125,"19":130.9011077881,"20":130.9011077881,"21":56.03125,"22":56.03125,"23":134.03125,"24":56.03125},"round":{"0":1,"1":4,"2":4,"3":6,"4":6,"5":7,"6":8,"7":9,"8":9,"9":10,"10":10,"11":11,"12":13,"13":13,"14":14,"15":15,"16":15,"17":16,"18":16,"19":17,"20":17,"21":18,"22":18,"23":19,"24":20}}