{
 "tick":{
  "0":16173,
  "1":22879,
  "2":25503,
  "3":31126,
  "4":33750,
  "5":100795,
  "6":109572,
  "7":118183,
  "8":127071
 },
 "event":{
  "0":"planted",
  "1":"planted",
  "2":"exploded",
  "3":"planted",
  "4":"exploded",
  "5":"planted",
  "6":"planted",
  "7":"planted",
  "8":"planted"
 },
 "site":{
  "0":"BombsiteA",
  "1":"BombsiteA",
  "2":"BombsiteA",
  "3":"BombsiteA",
  "4":"BombsiteA",
  "5":"BombsiteA",
  "6":"BombsiteA",
  "7":"BombsiteB",
  "8":"BombsiteA"
 },
 "X":{
  "0":-2565.9724121094,
  "1":-2547.0319824219,
  "2":-2547.0319824219,
  "3":-2559.966796875,
  "4":-2559.966796875,
  "5":-2512.4189453125,
  "6":-2524.1013183594,
  "7":-1193.96875,
  "8":-2143.6694335938
 },
 "Y":{
  "0":642.6549072266,
  "1":645.6091918945,
  "2":645.6091918945,
  "3":643.5980834961,
  "4":643.5980834961,
  "5":800.2642822266,
  "6":649.1748046875,
  "7":206.6945800781,
  "8":573.0670776367
 },
 "Z":{
  "0":484.0312194824,
  "1":484.0312805176,
  "2":484.0312805176,
  "3":484.03125,
  "4":484.03125,
  "5":476.53125,
  "6":484.03125,
  "7":103.53125,
  "8":522.1950683594
 },
 "round":{
  "0":3,
  "1":4,
  "2":4,
  "3":5,
  "4":5,
  "5":13,
  "6":14,
  "7":15,
  "8":16
 }
}