{"tick":{"0":23921,"1":30740,"2":61633,"3":62888,"4":69700,"5":71778,"6":76195,"7":77723,"8":88916,"9":91540,"10":105759,"11":117465,"12":120089},"event":{"0":"planted","1":"planted","2":"planted","3":"defused","4":"planted","5":"defused","6":"planted","7":"defused","8":"planted","9":"exploded","10":"planted","11":"planted","12":"exploded"},"site":{"0":"BombsiteB","1":"BombsiteA","2":"BombsiteB","3":"BombsiteB","4":"BombsiteA","5":"BombsiteA","6":"BombsiteB","7":"BombsiteB","8":"BombsiteB","9":"BombsiteB","10":"BombsiteA","11":"BombsiteB","12":"BombsiteB"},"X":{"0":-998.7009277344,"1":-2424.0622558594,"2":-1166.2420654297,"3":-1141.8587646484,"4":-2145.0036621094,"5":-2086.962890625,"6":-1166.2322998047,"7":-1123.6065673828,"8":-1166.2301025391,"9":-1166.2301025391,"10":-2074.8315429688,"11":-1132.4921875,"12":-1132.4921875},"Y":{"0":-63.8060302734,"1":784.0045166016,"2":-96.7969360352,"3":-41.8726806641,"4":572.4055175781,"5":593.3106079102,"6":-88.6298217773,"7":-83.5615234375,"8":-83.3500976562,"9":-83.3500976562,"10":678.6813964844,"11":-78.6909790039,"12":-78.6909790039},"Z":{"0":103.5312576294,"1":476.03125,"2":103.6176528931,"3":103.5312423706,"4":522.1799316406,"5":522.6533203125,"6":103.5599517822,"7":103.5312423706,"8":103.5469665527,"9":103.5469665527,"10":476.03125,"11":103.53125,"12":103.53125},"round":{"0":3,"1":4,"2":8,"3":8,"4":9,"5":9,"6":10,"7":10,"8":11,"9":11,"10":13,"11":15,"12":15}}