{
 "tick":{
  "0":9935,
  "1":30324,
  "2":58535,
  "3":61159,
  "4":83733,
  "5":86357,
  "6":131118,
  "7":142513,
  "8":145137,
  "9":165996,
  "10":174789
 },
 "event":{
  "0":"planted",
  "1":"planted",
  "2":"planted",
  "3":"exploded",
  "4":"planted",
  "5":"exploded",
  "6":"planted",
  "7":"planted",
  "8":"exploded",
  "9":"planted",
  "10":"planted"
 },
 "site":{
  "0":"BombsiteA",
  "1":"BombsiteA",
  "2":"BombsiteA",
  "3":"BombsiteA",
  "4":"BombsiteB",
  "5":"BombsiteB",
  "6":"BombsiteB",
  "7":"BombsiteA",
  "8":"BombsiteA",
  "9":"BombsiteA",
  "10":"BombsiteA"
 },
 "X":{
  "0":-597.8147583008,
  "1":-253.96875,
  "2":-336.0119628906,
  "3":-336.0119628906,
  "4":-1880.7310791016,
  "5":-1880.7310791016,
  "6":-1897.1614990234,
  "7":-493.9272460938,
  "8":-493.9272460938,
  "9":-320.3757324219,
  "10":-305.7216796875
 },
 "Y":{
  "0":-2152.6418457031,
  "1":-2134.0754394531,
  "2":-2021.3248291016,
  "3":-2021.3248291016,
  "4":242.0307769775,
  "5":242.0307769775,
  "6":242.03125,
  "7":-2018.6043701172,
  "8":-2018.6043701172,
  "9":-2029.5053710938,
  "10":-2016.5600585938
 },
 "Z":{
  "0":-179.96875,
  "1":-172.9469604492,
  "2":-175.228515625,
  "3":-175.228515625,
  "4":-159.96875,
  "5":-159.96875,
  "6":-159.96875,
  "7":-179.96875,
  "8":-179.96875,
  "9":-174.2022705078,
  "10":-172.3243408203
 },
 "round":{
  "0":1,
  "1":2,
  "2":6,
  "3":6,
  "4":9,
  "5":9,
  "6":15,
  "7":16,
  "8":16,
  "9":19,
  "10":20
 }
}