{
 "tick":{
  "0":17441,
  "1":20065,
  "2":27492,
  "3":29216,
  "4":50095,
  "5":52719,
  "6":60568,
  "7":67666,
  "8":70290,
  "9":75616,
  "10":78240,
  "11":82151,
  "12":90826,
  "13":98269,
  "14":113547,
  "15":120806,
  "16":123430,
  "17":136502,
  "18":139126
 },
 "event":{
  "0":"planted",
  "1":"exploded",
  "2":"planted",
  "3":"defused",
  "4":"planted",
  "5":"exploded",
  "6":"planted",
  "7":"planted",
  "8":"exploded",
  "9":"planted",
  "10":"exploded",
  "11":"planted",
  "12":"planted",
  "13":"planted",
  "14":"planted",
  "15":"planted",
  "16":"exploded",
  "17":"planted",
  "18":"exploded"
 },
 "site":{
  "0":"BombsiteB",
  "1":"BombsiteB",
  "2":"BombsiteB",
  "3":"BombsiteB",
  "4":"BombsiteA",
  "5":"BombsiteA",
  "6":"BombsiteA",
  "7":"BombsiteA",
  "8":"BombsiteA",
  "9":"BombsiteA",
  "10":"BombsiteA",
  "11":"BombsiteA",
  "12":"BombsiteB",
  "13":"BombsiteB",
  "14":"BombsiteA",
  "15":"BombsiteB",
  "16":"BombsiteB",
  "17":"BombsiteA",
  "18":"BombsiteA"
 },
 "X":{
  "0":-1886.6059570312,
  "1":-1886.6059570312,
  "2":-1958.1781005859,
  "3":-1958.2631835938,
  "4":-445.6999511719,
  "5":-445.6999511719,
  "6":-372.0311889648,
  "7":-497.9800415039,
  "8":-497.9800415039,
  "9":-474.7093505859,
  "10":-474.7093505859,
  "11":-323.4007568359,
  "12":-1987.03125,
  "13":-1894.7781982422,
  "14":-491.0053710938,
  "15":-1969.03125,
  "16":-1969.03125,
  "17":-256.7327270508,
  "18":-256.7327270508
 },
 "Y":{
  "0":242.0290222168,
  "1":242.0290222168,
  "2":242.03125,
  "3":261.9117736816,
  "4":-1979.3625488281,
  "5":-1979.3625488281,
  "6":-2161.787109375,
  "7":-2000.7679443359,
  "8":-2000.7679443359,
  "9":-2005.4392089844,
  "10":-2005.4392089844,
  "11":-2004.0869140625,
  "12":426.8381347656,
  "13":242.03125,
  "14":-2129.0756835938,
  "15":450.03125,
  "16":450.03125,
  "17":-2154.4555664062,
  "18":-2154.4555664062
 },
 "Z":{
  "0":-159.96875,
  "1":-159.96875,
  "2":-159.96875,
  "3":-159.96875,
  "4":-179.96875,
  "5":-179.96875,
  "6":-177.5,
  "7":-178.3206176758,
  "8":-178.3206176758,
  "9":-179.96875,
  "10":-179.96875,
  "11":-173.3414306641,
  "12":-159.96875,
  "13":-159.96875,
  "14":-179.96875,
  "15":-159.96875,
  "16":-159.96875,
  "17":-173.02734375,
  "18":-173.02734375
 },
 "round":{
  "0":3,
  "1":3,
  "2":4,
  "3":4,
  "4":7,
  "5":7,
  "6":8,
  "7":9,
  "8":9,
  "9":10,
  "10":10,
  "11":11,
  "12":13,
  "13":14,
  "14":16,
  "15":17,
  "16":17,
  "17":19,
  "18":19
 }
}