{
 "tick":{
  "0":8215,
  "1":13048,
  "2":15672,
  "3":27551,
  "4":69917,
  "5":74942,
  "6":77566,
  "7":96014,
  "8":97539,
  "9":105525,
  "10":106347,
  "11":113480,
  "12":116104,
  "13":127724,
  "14":135435,
  "15":138059,
  "16":143272,
  "17":145896,
  "18":153563,
  "19":177527
 },
 "event":{
  "0":"planted",
  "1":"planted",
  "2":"exploded",
  "3":"planted",
  "4":"planted",
  "5":"planted",
  "6":"exploded",
  "7":"planted",
  "8":"defused",
  "9":"planted",
  "10":"defused",
  "11":"planted",
  "12":"exploded",
  "13":"planted",
  "14":"planted",
  "15":"exploded",
  "16":"planted",
  "17":"exploded",
  "18":"planted",
  "19":"planted"
 },
 "site":{
  "0":"BombsiteA",
  "1":"BombsiteA",
  "2":"BombsiteA",
  "3":"BombsiteA",
  "4":"BombsiteA",
  "5":"BombsiteA",
  "6":"BombsiteA",
  "7":"BombsiteB",
  "8":"BombsiteB",
  "9":"BombsiteB",
  "10":"BombsiteB",
  "11":"BombsiteB",
  "12":"BombsiteB",
  "13":"BombsiteA",
  "14":"BombsiteB",
  "15":"BombsiteB",
  "16":"BombsiteA",
  "17":"BombsiteA",
  "18":"BombsiteB",
  "19":"BombsiteB"
 },
 "X":{
  "0":1266.6420898438,
  "1":1287.6728515625,
  "2":1287.6728515625,
  "3":1119.2352294922,
  "4":1282.5599365234,
  "5":1026.9107666016,
  "6":1026.9107666016,
  "7":-1073.6041259766,
  "8":-1126.9716796875,
  "9":-1041.1453857422,
  "10":-1100.6414794922,
  "11":-1051.3897705078,
  "12":-1051.3897705078,
  "13":1275.4487304688,
  "14":-1057.9084472656,
  "15":-1057.9084472656,
  "16":1268.2799072266,
  "17":1268.2799072266,
  "18":-1053.5103759766,
  "19":-1136.03125
 },
 "Y":{
  "0":1835.4973144531,
  "1":1892.9318847656,
  "2":1892.9318847656,
  "3":1834.9135742188,
  "4":1811.4822998047,
  "5":1785.3543701172,
  "6":1785.3543701172,
  "7":599.96875,
  "8":571.1787719727,
  "9":599.9719238281,
  "10":599.9219970703,
  "11":599.96875,
  "12":599.96875,
  "13":1852.9705810547,
  "14":599.96875,
  "15":599.96875,
  "16":1967.2587890625,
  "17":1967.2587890625,
  "18":599.96875,
  "19":698.694152832
 },
 "Z":{
  "0":-191.96875,
  "1":-191.96875,
  "2":-191.96875,
  "3":-180.4250488281,
  "4":-182.462097168,
  "5":-191.96875,
  "6":-191.96875,
  "7":-1.96875,
  "8":-3.96875,
  "9":-1.96875,
  "10":-1.96875,
  "11":-1.96875,
  "12":-1.96875,
  "13":-191.96875,
  "14":-1.96875,
  "15":-1.96875,
  "16":-190.9255371094,
  "17":-190.9255371094,
  "18":-1.96875,
  "19":-1.96875
 },
 "round":{
  "0":1,
  "1":2,
  "2":2,
  "3":4,
  "4":10,
  "5":11,
  "6":11,
  "7":13,
  "8":13,
  "9":15,
  "10":15,
  "11":16,
  "12":16,
  "13":18,
  "14":19,
  "15":19,
  "16":20,
  "17":20,
  "18":21,
  "19":22
 }
}