{"tick":{"0":5174,"1":7798,"2":13418,"3":21509,"4":24133,"5":40297,"6":42743,"7":55921,"8":58545,"9":63723,"10":66347,"11":74740,"12":77364,"13":114020,"14":116034,"15":128327,"16":135403,"17":138027,"18":178030,"19":179173},"event":{"0":"planted","1":"exploded","2":"planted","3":"planted","4":"exploded","5":"planted","6":"defused","7":"planted","8":"exploded","9":"planted","10":"exploded","11":"planted","12":"exploded","13":"planted","14":"defused","15":"planted","16":"planted","17":"exploded","18":"planted","19":"defused"},"site":{"0":"BombsiteB","1":"BombsiteB","2":"BombsiteA","3":"BombsiteB","4":"BombsiteB","5":"BombsiteB","6":"BombsiteB","7":"BombsiteA","8":"BombsiteA","9":"BombsiteB","10":"BombsiteB","11":"BombsiteB","12":"BombsiteB","13":"BombsiteA","14":"BombsiteA","15":"BombsiteB","16":"BombsiteA","17":"BombsiteA","18":"BombsiteA","19":"BombsiteA"},"X":{"0":620.81640625,"1":620.81640625,"2":712.671081543,"3":628.6252441406,"4":628.6252441406,"5":827.9705810547,"6":836.294128418,"7":732.9138183594,"8":732.9138183594,"9":340.03125,"10":340.03125,"11":423.3974914551,"12":423.3974914551,"13":641.6851806641,"14":590.6268920898,"15":759.8982543945,"16":749.9962158203,"17":749.9962158203,"18":635.3272094727,"19":589.9810180664},"Y":{"0":-1322.8354492188,"1":-1322.8354492188,"2":-912.6959838867,"3":-1325.6231689453,"4":-1325.6231689453,"5":-1153.3530273438,"6":-1123.5628662109,"7":-772.2991943359,"8":-772.2991943359,"9":-713.4371337891,"10":-713.4371337891,"11":-769.5625,"12":-769.5625,"13":-768.4880981445,"14":-757.692199707,"15":-1193.6024169922,"16":-606.3672485352,"17":-606.3672485352,"18":-889.8938598633,"19":-859.2359008789},"Z":{"0":-765.96875,"1":-765.96875,"2":-405.4460449219,"3":-765.96875,"4":-765.96875,"5":-765.96875,"6":-765.96875,"7":-397.7103271484,"8":-397.7103271484,"9":-765.96875,"10":-765.96875,"11":-771.96875,"12":-771.96875,"13":-415.96875,"14":-399.96875,"15":-768.96875,"16":-399.9682617188,"17":-399.9682617188,"18":-415.96875,"19":-399.96875},"round":{"0":1,"1":1,"2":2,"3":3,"4":3,"5":5,"6":5,"7":7,"8":7,"9":8,"10":8,"11":9,"12":9,"13":13,"14":13,"15":15,"16":16,"17":16,"18":21,"19":21}}