{"tick":{"0":8315,"1":15108,"2":17732,"3":25494,"4":28118,"5":34640,"6":35819,"7":62113,"8":64737,"9":70933,"10":73557,"11":83658,"12":86282,"13":93941,"14":95483,"15":101178,"16":111974,"17":119817,"18":126855,"19":138416,"20":140733,"21":157451,"22":160075},"event":{"0":"planted","1":"planted","2":"exploded","3":"planted","4":"exploded","5":"planted","6":"defused","7":"planted","8":"exploded","9":"planted","10":"exploded","11":"planted","12":"exploded","13":"planted","14":"defused","15":"planted","16":"planted","17":"planted","18":"planted","19":"planted","20":"defused","21":"planted","22":"exploded"},"site":{"0":"BombsiteA","1":"BombsiteA","2":"BombsiteA","3":"BombsiteA","4":"BombsiteA","5":"BombsiteA","6":"BombsiteA","7":"BombsiteA","8":"BombsiteA","9":"BombsiteB","10":"BombsiteB","11":"BombsiteA","12":"BombsiteA","13":"BombsiteA","14":"BombsiteA","15":"BombsiteB","16":"BombsiteA","17":"BombsiteA","18":"BombsiteA","19":"BombsiteA","20":"BombsiteA","21":"BombsiteA","22":"BombsiteA"},"X":{"0":-616.0822143555,"1":-498.2961425781,"2":-498.2961425781,"3":-321.7861328125,"4":-321.7861328125,"5":-279.6422119141,"6":-329.4038085938,"7":-494.3221435547,"8":-494.3221435547,"9":-1886.6390380859,"10":-1886.6390380859,"11":-404.2387695312,"12":-404.2387695312,"13":-271.0881347656,"14":-327.0423583984,"15":-1909.9453125,"16":-611.5544433594,"17":-253.96875,"18":-612.8906860352,"19":-257.221862793,"20":-196.9471435547,"21":-266.5369873047,"22":-266.5369873047},"Y":{"0":-2163.1408691406,"1":-1991.8896484375,"2":-1991.8896484375,"3":-2035.7419433594,"4":-2035.7419433594,"5":-2157.8298339844,"6":-2192.8815917969,"7":-2009.0670166016,"8":-2009.0670166016,"9":242.03125,"10":242.03125,"11":-2127.0083007812,"12":-2127.0083007812,"13":-2155.5595703125,"14":-2181.0446777344,"15":242.03125,"16":-1972.5438232422,"17":-2136.0495605469,"18":-2172.0808105469,"19":-2163.7863769531,"20":-2165.9521484375,"21":-2173.583984375,"22":-2173.583984375},"Z":{"0":-179.96875,"1":-179.96875,"2":-179.96875,"3":-174.6047973633,"4":-174.6047973633,"5":-173.7456054688,"6":-172.8414916992,"7":-179.96875,"8":-179.96875,"9":-159.96875,"10":-159.96875,"11":-179.96875,"12":-179.96875,"13":-173.567199707,"14":-173.7886962891,"15":-159.96875,"16":-179.96875,"17":-173.0346679688,"18":-179.96875,"19":-172.2196655273,"20":-169.2951049805,"21":-171.7627563477,"22":-171.7627563477},"round":{"0":1,"1":2,"2":2,"3":3,"4":3,"5":4,"6":4,"7":8,"8":8,"9":9,"10":9,"11":10,"12":10,"13":11,"14":11,"15":12,"16":13,"17":14,"18":15,"19":16,"20":16,"21":18,"22":18}}