{"tick":{"0":9080,"1":11704,"2":15035,"3":47704,"4":50147,"5":57130,"6":58689,"7":63793,"8":66417,"9":71566,"10":80476,"11":90103,"12":91445,"13":114066,"14":122808,"15":131116,"16":138420,"17":141044,"18":148612,"19":150261,"20":158817},"event":{"0":"planted","1":"exploded","2":"planted","3":"planted","4":"defused","5":"planted","6":"defused","7":"planted","8":"exploded","9":"planted","10":"planted","11":"planted","12":"defused","13":"planted","14":"planted","15":"planted","16":"planted","17":"exploded","18":"planted","19":"defused","20":"planted"},"site":{"0":"BombsiteA","1":"BombsiteA","2":"BombsiteB","3":"BombsiteA","4":"BombsiteA","5":"BombsiteA","6":"BombsiteA","7":"BombsiteA","8":"BombsiteA","9":"BombsiteA","10":"BombsiteB","11":"BombsiteB","12":"BombsiteB","13":"BombsiteB","14":"BombsiteB","15":"BombsiteB","16":"BombsiteB","17":"BombsiteB","18":"BombsiteB","19":"BombsiteB","20":"BombsiteB"},"X":{"0":668.1524047852,"1":668.1524047852,"2":643.9600219727,"3":720.2531738281,"4":662.395324707,"5":707.3114013672,"6":709.3109741211,"7":754.8173828125,"8":754.8173828125,"9":693.3275756836,"10":636.225402832,"11":572.0903930664,"12":616.8209838867,"13":639.2465820312,"14":340.5786132812,"15":340.03125,"16":340.03125,"17":340.03125,"18":631.8511962891,"19":688.4489746094,"20":641.9595947266},"Y":{"0":-594.8668823242,"1":-594.8668823242,"2":-1320.1563720703,"3":-614.6591796875,"4":-604.3178710938,"5":-620.0054931641,"6":-605.5786132812,"7":-605.96875,"8":-605.96875,"9":-765.0806884766,"10":-1301.7927246094,"11":-1236.3681640625,"12":-1278.3038330078,"13":-1306.2431640625,"14":-704.1130371094,"15":-702.8671264648,"16":-714.8522949219,"17":-714.8522949219,"18":-1285.7374267578,"19":-1263.5718994141,"20":-1323.1079101562},"Z":{"0":-415.96875,"1":-415.96875,"2":-765.96875,"3":-399.9682617188,"4":-415.96875,"5":-399.9685058594,"6":-399.9685058594,"7":-399.9682617188,"8":-399.9682617188,"9":-399.96875,"10":-765.96875,"11":-752.84375,"12":-769.96875,"13":-765.96875,"14":-765.96875,"15":-765.96875,"16":-765.96875,"17":-765.96875,"18":-769.96875,"19":-769.96875,"20":-765.96875},"round":{"0":1,"1":1,"2":2,"3":6,"4":6,"5":7,"6":7,"7":8,"8":8,"9":9,"10":10,"11":11,"12":11,"13":14,"14":15,"15":16,"16":17,"17":17,"18":18,"19":18,"20":19}}